2025-02-28 15:03:21 INFO  [background-preinit] o.h.validator.internal.util.Version - HV000001: Hibernate Validator 8.0.2.Final
2025-02-28 15:03:22 INFO  [restartedMain] d.b.Reference.ReferenceApplication - Starting ReferenceApplication using Java 22.0.1 with PID 11032 (C:\DEV_SRC\eclipse\Reference\target\classes started by sonzw in C:\DEV_SRC\eclipse\Reference)
2025-02-28 15:03:22 INFO  [restartedMain] d.b.Reference.ReferenceApplication - No active profile set, falling back to 1 default profile: "default"
2025-02-28 15:03:22 INFO  [restartedMain] o.s.b.d.e.DevToolsPropertyDefaultsPostProcessor - Devtools property defaults active! Set 'spring.devtools.add-properties' to 'false' to disable
2025-02-28 15:03:22 INFO  [restartedMain] o.s.b.d.e.DevToolsPropertyDefaultsPostProcessor - For additional web related logging consider setting the 'logging.level.web' property to 'DEBUG'
2025-02-28 15:03:23 INFO  [restartedMain] o.s.b.w.e.tomcat.TomcatWebServer - Tomcat initialized with port 8080 (http)
2025-02-28 15:03:23 INFO  [restartedMain] o.a.coyote.http11.Http11NioProtocol - Initializing ProtocolHandler ["http-nio-8080"]
2025-02-28 15:03:23 INFO  [restartedMain] o.a.catalina.core.StandardService - Starting service [Tomcat]
2025-02-28 15:03:23 INFO  [restartedMain] o.a.catalina.core.StandardEngine - Starting Servlet engine: [Apache Tomcat/10.1.36]
2025-02-28 15:03:23 INFO  [restartedMain] o.a.c.c.C.[Tomcat].[localhost].[/] - Initializing Spring embedded WebApplicationContext
2025-02-28 15:03:23 INFO  [restartedMain] o.s.b.w.s.c.ServletWebServerApplicationContext - Root WebApplicationContext: initialization completed in 1085 ms
2025-02-28 15:03:23 DEBUG [restartedMain] o.s.w.s.m.m.a.RequestMappingHandlerMapping - 4 mappings in 'requestMappingHandlerMapping'
2025-02-28 15:03:23 DEBUG [restartedMain] o.s.w.s.h.SimpleUrlHandlerMapping - Patterns [/webjars/**, /**] in 'resourceHandlerMapping'
2025-02-28 15:03:23 DEBUG [restartedMain] o.s.w.s.m.m.a.RequestMappingHandlerAdapter - ControllerAdvice beans: 0 @ModelAttribute, 0 @InitBinder, 1 RequestBodyAdvice, 1 ResponseBodyAdvice
2025-02-28 15:03:23 DEBUG [restartedMain] o.s.w.s.m.m.a.ExceptionHandlerExceptionResolver - ControllerAdvice beans: 1 @ExceptionHandler, 1 ResponseBodyAdvice
2025-02-28 15:03:23 INFO  [restartedMain] o.s.b.d.a.OptionalLiveReloadServer - LiveReload server is running on port 35729
2025-02-28 15:03:23 INFO  [restartedMain] o.a.coyote.http11.Http11NioProtocol - Starting ProtocolHandler ["http-nio-8080"]
2025-02-28 15:03:23 INFO  [restartedMain] o.s.b.w.e.tomcat.TomcatWebServer - Tomcat started on port 8080 (http) with context path '/'
2025-02-28 15:03:23 INFO  [restartedMain] d.b.Reference.ReferenceApplication - Started ReferenceApplication in 2.124 seconds (process running for 2.821)
2025-02-28 15:03:30 INFO  [http-nio-8080-exec-1] o.a.c.c.C.[Tomcat].[localhost].[/] - Initializing Spring DispatcherServlet 'dispatcherServlet'
2025-02-28 15:03:30 INFO  [http-nio-8080-exec-1] o.s.web.servlet.DispatcherServlet - Initializing Servlet 'dispatcherServlet'
2025-02-28 15:03:30 DEBUG [http-nio-8080-exec-1] o.s.web.servlet.DispatcherServlet - Detected StandardServletMultipartResolver
2025-02-28 15:03:30 DEBUG [http-nio-8080-exec-1] o.s.web.servlet.DispatcherServlet - Detected AcceptHeaderLocaleResolver
2025-02-28 15:03:30 DEBUG [http-nio-8080-exec-1] o.s.web.servlet.DispatcherServlet - Detected FixedThemeResolver
2025-02-28 15:03:30 DEBUG [http-nio-8080-exec-1] o.s.web.servlet.DispatcherServlet - Detected org.springframework.web.servlet.view.DefaultRequestToViewNameTranslator@74a9ebe9
2025-02-28 15:03:30 DEBUG [http-nio-8080-exec-1] o.s.web.servlet.DispatcherServlet - Detected org.springframework.web.servlet.support.SessionFlashMapManager@a455fe5
2025-02-28 15:03:30 DEBUG [http-nio-8080-exec-1] o.s.web.servlet.DispatcherServlet - enableLoggingRequestDetails='false': request parameters and headers will be masked to prevent unsafe logging of potentially sensitive data
2025-02-28 15:03:30 INFO  [http-nio-8080-exec-1] o.s.web.servlet.DispatcherServlet - Completed initialization in 4 ms
2025-02-28 15:03:30 DEBUG [http-nio-8080-exec-1] o.s.web.servlet.DispatcherServlet - POST "/user/create", parameters={}
2025-02-28 15:03:30 DEBUG [http-nio-8080-exec-1] o.s.w.s.m.m.a.RequestMappingHandlerMapping - Mapped to dev.binz.Reference.user.controller.UserRestController#createUser(UserDTO)
2025-02-28 15:03:30 DEBUG [http-nio-8080-exec-1] o.s.w.s.m.m.a.RequestResponseBodyMethodProcessor - Read "application/json;charset=UTF-8" to [dev.binz.Reference.user.dto.UserDTO@44649b39]
2025-02-28 15:03:30 DEBUG [http-nio-8080-exec-1] o.s.w.s.m.m.a.ExceptionHandlerExceptionResolver - Using @ExceptionHandler dev.binz.Reference.user.UserExceptionHandler#handleValidationExceptions(MethodArgumentNotValidException)
2025-02-28 15:03:30 DEBUG [http-nio-8080-exec-1] o.s.w.s.m.m.a.HttpEntityMethodProcessor - Using 'application/json', given [*/*] and supported [application/json, application/*+json]
2025-02-28 15:03:30 DEBUG [http-nio-8080-exec-1] o.s.w.s.m.m.a.HttpEntityMethodProcessor - Writing [{password=공백일 수 없습니다, name=이름을 입력해야 합니다.}]
2025-02-28 15:03:30 WARN  [http-nio-8080-exec-1] o.s.w.s.m.m.a.ExceptionHandlerExceptionResolver - Resolved [org.springframework.web.bind.MethodArgumentNotValidException: Validation failed for argument [0] in public org.springframework.http.ResponseEntity<java.lang.String> dev.binz.Reference.user.controller.UserRestController.createUser(dev.binz.Reference.user.dto.UserDTO) with 2 errors: [Field error in object 'userDTO' on field 'name': rejected value [null]; codes [NotBlank.userDTO.name,NotBlank.name,NotBlank.java.lang.String,NotBlank]; arguments [org.springframework.context.support.DefaultMessageSourceResolvable: codes [userDTO.name,name]; arguments []; default message [name]]; default message [이름을 입력해야 합니다.]] [Field error in object 'userDTO' on field 'password': rejected value [null]; codes [NotBlank.userDTO.password,NotBlank.password,NotBlank.java.lang.String,NotBlank]; arguments [org.springframework.context.support.DefaultMessageSourceResolvable: codes [userDTO.password,password]; arguments []; default message [password]]; default message [공백일 수 없습니다]] ]
2025-02-28 15:03:30 DEBUG [http-nio-8080-exec-1] o.s.web.servlet.DispatcherServlet - Completed 400 BAD_REQUEST
2025-02-28 15:04:21 DEBUG [http-nio-8080-exec-4] o.s.web.servlet.DispatcherServlet - POST "/user/create", parameters={}
2025-02-28 15:04:21 DEBUG [http-nio-8080-exec-4] o.s.w.s.m.m.a.RequestMappingHandlerMapping - Mapped to dev.binz.Reference.user.controller.UserRestController#createUser(UserDTO)
2025-02-28 15:04:21 DEBUG [http-nio-8080-exec-4] o.s.w.s.m.m.a.RequestResponseBodyMethodProcessor - Read "application/json;charset=UTF-8" to [dev.binz.Reference.user.dto.UserDTO@12a558f7]
2025-02-28 15:04:21 DEBUG [http-nio-8080-exec-4] o.s.w.s.m.m.a.ExceptionHandlerExceptionResolver - Using @ExceptionHandler dev.binz.Reference.user.UserExceptionHandler#handleValidationExceptions(MethodArgumentNotValidException)
2025-02-28 15:04:21 DEBUG [http-nio-8080-exec-4] o.s.w.s.m.m.a.HttpEntityMethodProcessor - Using 'application/json', given [*/*] and supported [application/json, application/*+json]
2025-02-28 15:04:21 DEBUG [http-nio-8080-exec-4] o.s.w.s.m.m.a.HttpEntityMethodProcessor - Writing [{password=공백일 수 없습니다, name=이름을 입력해야 합니다.}]
2025-02-28 15:04:21 WARN  [http-nio-8080-exec-4] o.s.w.s.m.m.a.ExceptionHandlerExceptionResolver - Resolved [org.springframework.web.bind.MethodArgumentNotValidException: Validation failed for argument [0] in public org.springframework.http.ResponseEntity<java.lang.String> dev.binz.Reference.user.controller.UserRestController.createUser(dev.binz.Reference.user.dto.UserDTO) with 2 errors: [Field error in object 'userDTO' on field 'name': rejected value [null]; codes [NotBlank.userDTO.name,NotBlank.name,NotBlank.java.lang.String,NotBlank]; arguments [org.springframework.context.support.DefaultMessageSourceResolvable: codes [userDTO.name,name]; arguments []; default message [name]]; default message [이름을 입력해야 합니다.]] [Field error in object 'userDTO' on field 'password': rejected value [null]; codes [NotBlank.userDTO.password,NotBlank.password,NotBlank.java.lang.String,NotBlank]; arguments [org.springframework.context.support.DefaultMessageSourceResolvable: codes [userDTO.password,password]; arguments []; default message [password]]; default message [공백일 수 없습니다]] ]
2025-02-28 15:04:21 DEBUG [http-nio-8080-exec-4] o.s.web.servlet.DispatcherServlet - Completed 400 BAD_REQUEST
2025-02-28 15:04:38 INFO  [File Watcher] o.s.b.d.a.LocalDevToolsAutoConfiguration$RestartingClassPathChangeChangedEventListener - Restarting due to 1 class path change (0 additions, 0 deletions, 1 modification)
2025-02-28 15:04:38 INFO  [Thread-5] o.s.b.w.e.tomcat.GracefulShutdown - Commencing graceful shutdown. Waiting for active requests to complete
2025-02-28 15:04:38 INFO  [tomcat-shutdown] o.a.coyote.http11.Http11NioProtocol - Pausing ProtocolHandler ["http-nio-8080"]
2025-02-28 15:04:38 INFO  [tomcat-shutdown] o.s.b.w.e.tomcat.GracefulShutdown - Graceful shutdown complete
2025-02-28 15:04:38 INFO  [Thread-5] o.a.coyote.http11.Http11NioProtocol - Stopping ProtocolHandler ["http-nio-8080"]
2025-02-28 15:04:38 INFO  [restartedMain] d.b.Reference.ReferenceApplication - Starting ReferenceApplication using Java 22.0.1 with PID 11032 (C:\DEV_SRC\eclipse\Reference\target\classes started by sonzw in C:\DEV_SRC\eclipse\Reference)
2025-02-28 15:04:38 INFO  [restartedMain] d.b.Reference.ReferenceApplication - No active profile set, falling back to 1 default profile: "default"
2025-02-28 15:04:38 INFO  [restartedMain] o.s.b.w.e.tomcat.TomcatWebServer - Tomcat initialized with port 8080 (http)
2025-02-28 15:04:38 INFO  [restartedMain] o.a.coyote.http11.Http11NioProtocol - Initializing ProtocolHandler ["http-nio-8080"]
2025-02-28 15:04:38 INFO  [restartedMain] o.a.catalina.core.StandardService - Starting service [Tomcat]
2025-02-28 15:04:38 INFO  [restartedMain] o.a.catalina.core.StandardEngine - Starting Servlet engine: [Apache Tomcat/10.1.36]
2025-02-28 15:04:38 INFO  [restartedMain] o.a.c.c.C.[Tomcat].[localhost].[/] - Initializing Spring embedded WebApplicationContext
2025-02-28 15:04:38 INFO  [restartedMain] o.s.b.w.s.c.ServletWebServerApplicationContext - Root WebApplicationContext: initialization completed in 229 ms
2025-02-28 15:04:38 DEBUG [restartedMain] o.s.w.s.m.m.a.RequestMappingHandlerMapping - 4 mappings in 'requestMappingHandlerMapping'
2025-02-28 15:04:38 DEBUG [restartedMain] o.s.w.s.h.SimpleUrlHandlerMapping - Patterns [/webjars/**, /**] in 'resourceHandlerMapping'
2025-02-28 15:04:38 DEBUG [restartedMain] o.s.w.s.m.m.a.RequestMappingHandlerAdapter - ControllerAdvice beans: 0 @ModelAttribute, 0 @InitBinder, 1 RequestBodyAdvice, 1 ResponseBodyAdvice
2025-02-28 15:04:38 DEBUG [restartedMain] o.s.w.s.m.m.a.ExceptionHandlerExceptionResolver - ControllerAdvice beans: 1 @ExceptionHandler, 1 ResponseBodyAdvice
2025-02-28 15:04:38 INFO  [restartedMain] o.s.b.d.a.OptionalLiveReloadServer - LiveReload server is running on port 35729
2025-02-28 15:04:38 INFO  [restartedMain] o.a.coyote.http11.Http11NioProtocol - Starting ProtocolHandler ["http-nio-8080"]
2025-02-28 15:04:38 INFO  [restartedMain] o.s.b.w.e.tomcat.TomcatWebServer - Tomcat started on port 8080 (http) with context path '/'
2025-02-28 15:04:38 INFO  [restartedMain] d.b.Reference.ReferenceApplication - Started ReferenceApplication in 0.382 seconds (process running for 78.154)
2025-02-28 15:04:38 INFO  [restartedMain] o.s.b.d.a.ConditionEvaluationDeltaLoggingListener - Condition evaluation unchanged
2025-02-28 15:04:42 INFO  [http-nio-8080-exec-2] o.a.c.c.C.[Tomcat].[localhost].[/] - Initializing Spring DispatcherServlet 'dispatcherServlet'
2025-02-28 15:04:42 INFO  [http-nio-8080-exec-2] o.s.web.servlet.DispatcherServlet - Initializing Servlet 'dispatcherServlet'
2025-02-28 15:04:42 DEBUG [http-nio-8080-exec-2] o.s.web.servlet.DispatcherServlet - Detected StandardServletMultipartResolver
2025-02-28 15:04:42 DEBUG [http-nio-8080-exec-2] o.s.web.servlet.DispatcherServlet - Detected AcceptHeaderLocaleResolver
2025-02-28 15:04:42 DEBUG [http-nio-8080-exec-2] o.s.web.servlet.DispatcherServlet - Detected FixedThemeResolver
2025-02-28 15:04:42 DEBUG [http-nio-8080-exec-2] o.s.web.servlet.DispatcherServlet - Detected org.springframework.web.servlet.view.DefaultRequestToViewNameTranslator@3abb146a
2025-02-28 15:04:42 DEBUG [http-nio-8080-exec-2] o.s.web.servlet.DispatcherServlet - Detected org.springframework.web.servlet.support.SessionFlashMapManager@347cfd4d
2025-02-28 15:04:42 DEBUG [http-nio-8080-exec-2] o.s.web.servlet.DispatcherServlet - enableLoggingRequestDetails='false': request parameters and headers will be masked to prevent unsafe logging of potentially sensitive data
2025-02-28 15:04:42 INFO  [http-nio-8080-exec-2] o.s.web.servlet.DispatcherServlet - Completed initialization in 1 ms
2025-02-28 15:04:42 DEBUG [http-nio-8080-exec-2] o.s.web.servlet.DispatcherServlet - POST "/user/create", parameters={}
2025-02-28 15:04:42 DEBUG [http-nio-8080-exec-2] o.s.w.s.m.m.a.RequestMappingHandlerMapping - Mapped to dev.binz.Reference.user.controller.UserRestController#createUser(UserDTO)
2025-02-28 15:04:42 DEBUG [http-nio-8080-exec-2] o.s.w.s.m.m.a.RequestResponseBodyMethodProcessor - Read "application/json;charset=UTF-8" to [dev.binz.Reference.user.dto.UserDTO@596ca7e0]
2025-02-28 15:04:42 DEBUG [http-nio-8080-exec-2] o.s.w.s.m.m.a.ExceptionHandlerExceptionResolver - Using @ExceptionHandler dev.binz.Reference.user.UserExceptionHandler#handleValidationExceptions(MethodArgumentNotValidException)
2025-02-28 15:04:42 DEBUG [http-nio-8080-exec-2] o.s.w.s.m.m.a.HttpEntityMethodProcessor - Using 'application/json', given [*/*] and supported [application/json, application/*+json]
2025-02-28 15:04:42 DEBUG [http-nio-8080-exec-2] o.s.w.s.m.m.a.HttpEntityMethodProcessor - Writing [{password=공백일 수 없습니다, name=이름을 입력해야 합니다.}]
2025-02-28 15:04:42 WARN  [http-nio-8080-exec-2] o.s.w.s.m.m.a.ExceptionHandlerExceptionResolver - Resolved [org.springframework.web.bind.MethodArgumentNotValidException: Validation failed for argument [0] in public org.springframework.http.ResponseEntity<java.lang.String> dev.binz.Reference.user.controller.UserRestController.createUser(dev.binz.Reference.user.dto.UserDTO) with 2 errors: [Field error in object 'userDTO' on field 'password': rejected value [null]; codes [NotBlank.userDTO.password,NotBlank.password,NotBlank.java.lang.String,NotBlank]; arguments [org.springframework.context.support.DefaultMessageSourceResolvable: codes [userDTO.password,password]; arguments []; default message [password]]; default message [공백일 수 없습니다]] [Field error in object 'userDTO' on field 'name': rejected value [null]; codes [NotBlank.userDTO.name,NotBlank.name,NotBlank.java.lang.String,NotBlank]; arguments [org.springframework.context.support.DefaultMessageSourceResolvable: codes [userDTO.name,name]; arguments []; default message [name]]; default message [이름을 입력해야 합니다.]] ]
2025-02-28 15:04:42 DEBUG [http-nio-8080-exec-2] o.s.web.servlet.DispatcherServlet - Completed 400 BAD_REQUEST
2025-02-28 15:05:00 INFO  [File Watcher] o.s.b.d.a.LocalDevToolsAutoConfiguration$RestartingClassPathChangeChangedEventListener - Restarting due to 1 class path change (0 additions, 0 deletions, 1 modification)
2025-02-28 15:05:00 INFO  [Thread-7] o.s.b.w.e.tomcat.GracefulShutdown - Commencing graceful shutdown. Waiting for active requests to complete
2025-02-28 15:05:00 INFO  [tomcat-shutdown] o.a.coyote.http11.Http11NioProtocol - Pausing ProtocolHandler ["http-nio-8080"]
2025-02-28 15:05:00 INFO  [tomcat-shutdown] o.s.b.w.e.tomcat.GracefulShutdown - Graceful shutdown complete
2025-02-28 15:05:00 INFO  [Thread-7] o.a.coyote.http11.Http11NioProtocol - Stopping ProtocolHandler ["http-nio-8080"]
2025-02-28 15:05:00 INFO  [restartedMain] d.b.Reference.ReferenceApplication - Starting ReferenceApplication using Java 22.0.1 with PID 11032 (C:\DEV_SRC\eclipse\Reference\target\classes started by sonzw in C:\DEV_SRC\eclipse\Reference)
2025-02-28 15:05:00 INFO  [restartedMain] d.b.Reference.ReferenceApplication - No active profile set, falling back to 1 default profile: "default"
2025-02-28 15:05:01 INFO  [restartedMain] o.s.b.w.e.tomcat.TomcatWebServer - Tomcat initialized with port 8080 (http)
2025-02-28 15:05:01 INFO  [restartedMain] o.a.coyote.http11.Http11NioProtocol - Initializing ProtocolHandler ["http-nio-8080"]
2025-02-28 15:05:01 INFO  [restartedMain] o.a.catalina.core.StandardService - Starting service [Tomcat]
2025-02-28 15:05:01 INFO  [restartedMain] o.a.catalina.core.StandardEngine - Starting Servlet engine: [Apache Tomcat/10.1.36]
2025-02-28 15:05:01 INFO  [restartedMain] o.a.c.c.C.[Tomcat].[localhost].[/] - Initializing Spring embedded WebApplicationContext
2025-02-28 15:05:01 INFO  [restartedMain] o.s.b.w.s.c.ServletWebServerApplicationContext - Root WebApplicationContext: initialization completed in 199 ms
2025-02-28 15:05:01 DEBUG [restartedMain] o.s.w.s.m.m.a.RequestMappingHandlerMapping - 4 mappings in 'requestMappingHandlerMapping'
2025-02-28 15:05:01 DEBUG [restartedMain] o.s.w.s.h.SimpleUrlHandlerMapping - Patterns [/webjars/**, /**] in 'resourceHandlerMapping'
2025-02-28 15:05:01 DEBUG [restartedMain] o.s.w.s.m.m.a.RequestMappingHandlerAdapter - ControllerAdvice beans: 0 @ModelAttribute, 0 @InitBinder, 1 RequestBodyAdvice, 1 ResponseBodyAdvice
2025-02-28 15:05:01 DEBUG [restartedMain] o.s.w.s.m.m.a.ExceptionHandlerExceptionResolver - ControllerAdvice beans: 1 @ExceptionHandler, 1 ResponseBodyAdvice
2025-02-28 15:05:01 INFO  [restartedMain] o.s.b.d.a.OptionalLiveReloadServer - LiveReload server is running on port 35729
2025-02-28 15:05:01 INFO  [restartedMain] o.a.coyote.http11.Http11NioProtocol - Starting ProtocolHandler ["http-nio-8080"]
2025-02-28 15:05:01 INFO  [restartedMain] o.s.b.w.e.tomcat.TomcatWebServer - Tomcat started on port 8080 (http) with context path '/'
2025-02-28 15:05:01 INFO  [restartedMain] d.b.Reference.ReferenceApplication - Started ReferenceApplication in 0.318 seconds (process running for 100.439)
2025-02-28 15:05:01 INFO  [restartedMain] o.s.b.d.a.ConditionEvaluationDeltaLoggingListener - Condition evaluation unchanged
2025-02-28 15:06:19 INFO  [File Watcher] o.s.b.d.a.LocalDevToolsAutoConfiguration$RestartingClassPathChangeChangedEventListener - Restarting due to 1 class path change (0 additions, 0 deletions, 1 modification)
2025-02-28 15:06:19 INFO  [Thread-11] o.s.b.w.e.tomcat.GracefulShutdown - Commencing graceful shutdown. Waiting for active requests to complete
2025-02-28 15:06:19 INFO  [tomcat-shutdown] o.a.coyote.http11.Http11NioProtocol - Pausing ProtocolHandler ["http-nio-8080"]
2025-02-28 15:06:19 INFO  [tomcat-shutdown] o.s.b.w.e.tomcat.GracefulShutdown - Graceful shutdown complete
2025-02-28 15:06:19 INFO  [Thread-11] o.a.coyote.http11.Http11NioProtocol - Stopping ProtocolHandler ["http-nio-8080"]
2025-02-28 15:06:19 INFO  [restartedMain] d.b.Reference.ReferenceApplication - Starting ReferenceApplication using Java 22.0.1 with PID 11032 (C:\DEV_SRC\eclipse\Reference\target\classes started by sonzw in C:\DEV_SRC\eclipse\Reference)
2025-02-28 15:06:19 INFO  [restartedMain] d.b.Reference.ReferenceApplication - No active profile set, falling back to 1 default profile: "default"
2025-02-28 15:06:19 INFO  [restartedMain] o.s.b.w.e.tomcat.TomcatWebServer - Tomcat initialized with port 8080 (http)
2025-02-28 15:06:19 INFO  [restartedMain] o.a.coyote.http11.Http11NioProtocol - Initializing ProtocolHandler ["http-nio-8080"]
2025-02-28 15:06:19 INFO  [restartedMain] o.a.catalina.core.StandardService - Starting service [Tomcat]
2025-02-28 15:06:19 INFO  [restartedMain] o.a.catalina.core.StandardEngine - Starting Servlet engine: [Apache Tomcat/10.1.36]
2025-02-28 15:06:19 INFO  [restartedMain] o.a.c.c.C.[Tomcat].[localhost].[/] - Initializing Spring embedded WebApplicationContext
2025-02-28 15:06:19 INFO  [restartedMain] o.s.b.w.s.c.ServletWebServerApplicationContext - Root WebApplicationContext: initialization completed in 198 ms
2025-02-28 15:06:19 DEBUG [restartedMain] o.s.w.s.m.m.a.RequestMappingHandlerMapping - 4 mappings in 'requestMappingHandlerMapping'
2025-02-28 15:06:19 DEBUG [restartedMain] o.s.w.s.h.SimpleUrlHandlerMapping - Patterns [/webjars/**, /**] in 'resourceHandlerMapping'
2025-02-28 15:06:19 DEBUG [restartedMain] o.s.w.s.m.m.a.RequestMappingHandlerAdapter - ControllerAdvice beans: 0 @ModelAttribute, 0 @InitBinder, 2 RequestBodyAdvice, 1 ResponseBodyAdvice
2025-02-28 15:06:19 DEBUG [restartedMain] o.s.w.s.m.m.a.ExceptionHandlerExceptionResolver - ControllerAdvice beans: 1 @ExceptionHandler, 1 ResponseBodyAdvice
2025-02-28 15:06:19 INFO  [restartedMain] o.s.b.d.a.OptionalLiveReloadServer - LiveReload server is running on port 35729
2025-02-28 15:06:19 INFO  [restartedMain] o.a.coyote.http11.Http11NioProtocol - Starting ProtocolHandler ["http-nio-8080"]
2025-02-28 15:06:19 INFO  [restartedMain] o.s.b.w.e.tomcat.TomcatWebServer - Tomcat started on port 8080 (http) with context path '/'
2025-02-28 15:06:19 INFO  [restartedMain] d.b.Reference.ReferenceApplication - Started ReferenceApplication in 0.309 seconds (process running for 178.662)
2025-02-28 15:06:19 INFO  [restartedMain] o.s.b.d.a.ConditionEvaluationDeltaLoggingListener - Condition evaluation unchanged
2025-02-28 15:06:25 INFO  [http-nio-8080-exec-2] o.a.c.c.C.[Tomcat].[localhost].[/] - Initializing Spring DispatcherServlet 'dispatcherServlet'
2025-02-28 15:06:25 INFO  [http-nio-8080-exec-2] o.s.web.servlet.DispatcherServlet - Initializing Servlet 'dispatcherServlet'
2025-02-28 15:06:25 DEBUG [http-nio-8080-exec-2] o.s.web.servlet.DispatcherServlet - Detected StandardServletMultipartResolver
2025-02-28 15:06:25 DEBUG [http-nio-8080-exec-2] o.s.web.servlet.DispatcherServlet - Detected AcceptHeaderLocaleResolver
2025-02-28 15:06:25 DEBUG [http-nio-8080-exec-2] o.s.web.servlet.DispatcherServlet - Detected FixedThemeResolver
2025-02-28 15:06:25 DEBUG [http-nio-8080-exec-2] o.s.web.servlet.DispatcherServlet - Detected org.springframework.web.servlet.view.DefaultRequestToViewNameTranslator@477cc700
2025-02-28 15:06:25 DEBUG [http-nio-8080-exec-2] o.s.web.servlet.DispatcherServlet - Detected org.springframework.web.servlet.support.SessionFlashMapManager@49bb319f
2025-02-28 15:06:25 DEBUG [http-nio-8080-exec-2] o.s.web.servlet.DispatcherServlet - enableLoggingRequestDetails='false': request parameters and headers will be masked to prevent unsafe logging of potentially sensitive data
2025-02-28 15:06:25 INFO  [http-nio-8080-exec-2] o.s.web.servlet.DispatcherServlet - Completed initialization in 1 ms
2025-02-28 15:06:25 DEBUG [http-nio-8080-exec-2] o.s.web.servlet.DispatcherServlet - POST "/user/create", parameters={}
2025-02-28 15:06:25 DEBUG [http-nio-8080-exec-2] o.s.w.s.m.m.a.RequestMappingHandlerMapping - Mapped to dev.binz.Reference.user.controller.UserRestController#createUser(UserDTO)
2025-02-28 15:06:25 DEBUG [http-nio-8080-exec-2] o.s.w.s.m.m.a.RequestResponseBodyMethodProcessor - Read "application/json;charset=UTF-8" to [dev.binz.Reference.user.dto.UserDTO@1de7c05c]
2025-02-28 15:06:25 DEBUG [http-nio-8080-exec-2] o.s.w.s.m.m.a.ExceptionHandlerExceptionResolver - Using @ExceptionHandler dev.binz.Reference.user.UserExceptionHandler#handleValidationExceptions(MethodArgumentNotValidException)
2025-02-28 15:06:25 DEBUG [http-nio-8080-exec-2] o.s.w.s.m.m.a.HttpEntityMethodProcessor - Using 'application/json', given [*/*] and supported [application/json, application/*+json]
2025-02-28 15:06:25 DEBUG [http-nio-8080-exec-2] o.s.w.s.m.m.a.HttpEntityMethodProcessor - Writing [{password=공백일 수 없습니다, name=이름을 입력해야 합니다.}]
2025-02-28 15:06:25 WARN  [http-nio-8080-exec-2] o.s.w.s.m.m.a.ExceptionHandlerExceptionResolver - Resolved [org.springframework.web.bind.MethodArgumentNotValidException: Validation failed for argument [0] in public org.springframework.http.ResponseEntity<java.lang.String> dev.binz.Reference.user.controller.UserRestController.createUser(dev.binz.Reference.user.dto.UserDTO) with 2 errors: [Field error in object 'userDTO' on field 'name': rejected value [null]; codes [NotBlank.userDTO.name,NotBlank.name,NotBlank.java.lang.String,NotBlank]; arguments [org.springframework.context.support.DefaultMessageSourceResolvable: codes [userDTO.name,name]; arguments []; default message [name]]; default message [이름을 입력해야 합니다.]] [Field error in object 'userDTO' on field 'password': rejected value [null]; codes [NotBlank.userDTO.password,NotBlank.password,NotBlank.java.lang.String,NotBlank]; arguments [org.springframework.context.support.DefaultMessageSourceResolvable: codes [userDTO.password,password]; arguments []; default message [password]]; default message [공백일 수 없습니다]] ]
2025-02-28 15:06:25 DEBUG [http-nio-8080-exec-2] o.s.web.servlet.DispatcherServlet - Completed 400 BAD_REQUEST
2025-02-28 15:06:40 INFO  [RMI TCP Connection(17)-127.0.0.1] o.s.b.a.SpringApplicationAdminMXBeanRegistrar$SpringApplicationAdmin - Application shutdown requested.
2025-02-28 15:06:40 INFO  [RMI TCP Connection(17)-127.0.0.1] o.s.b.w.e.tomcat.GracefulShutdown - Commencing graceful shutdown. Waiting for active requests to complete
2025-02-28 15:06:40 INFO  [tomcat-shutdown] o.a.coyote.http11.Http11NioProtocol - Pausing ProtocolHandler ["http-nio-8080"]
2025-02-28 15:06:40 INFO  [tomcat-shutdown] o.s.b.w.e.tomcat.GracefulShutdown - Graceful shutdown complete
2025-02-28 15:06:40 INFO  [RMI TCP Connection(17)-127.0.0.1] o.a.coyote.http11.Http11NioProtocol - Stopping ProtocolHandler ["http-nio-8080"]
2025-02-28 15:07:05 INFO  [background-preinit] o.h.validator.internal.util.Version - HV000001: Hibernate Validator 8.0.2.Final
2025-02-28 15:07:05 INFO  [restartedMain] d.b.Reference.ReferenceApplication - Starting ReferenceApplication using Java 22.0.1 with PID 11396 (C:\DEV_SRC\eclipse\Reference\target\classes started by sonzw in C:\DEV_SRC\eclipse\Reference)
2025-02-28 15:07:05 INFO  [restartedMain] d.b.Reference.ReferenceApplication - No active profile set, falling back to 1 default profile: "default"
2025-02-28 15:07:05 INFO  [restartedMain] o.s.b.d.e.DevToolsPropertyDefaultsPostProcessor - Devtools property defaults active! Set 'spring.devtools.add-properties' to 'false' to disable
2025-02-28 15:07:05 INFO  [restartedMain] o.s.b.d.e.DevToolsPropertyDefaultsPostProcessor - For additional web related logging consider setting the 'logging.level.web' property to 'DEBUG'
2025-02-28 15:07:06 INFO  [restartedMain] o.s.b.w.e.tomcat.TomcatWebServer - Tomcat initialized with port 8080 (http)
2025-02-28 15:07:06 INFO  [restartedMain] o.a.coyote.http11.Http11NioProtocol - Initializing ProtocolHandler ["http-nio-8080"]
2025-02-28 15:07:06 INFO  [restartedMain] o.a.catalina.core.StandardService - Starting service [Tomcat]
2025-02-28 15:07:06 INFO  [restartedMain] o.a.catalina.core.StandardEngine - Starting Servlet engine: [Apache Tomcat/10.1.36]
2025-02-28 15:07:06 INFO  [restartedMain] o.a.c.c.C.[Tomcat].[localhost].[/] - Initializing Spring embedded WebApplicationContext
2025-02-28 15:07:06 INFO  [restartedMain] o.s.b.w.s.c.ServletWebServerApplicationContext - Root WebApplicationContext: initialization completed in 1082 ms
2025-02-28 15:07:06 DEBUG [restartedMain] o.s.w.s.m.m.a.RequestMappingHandlerMapping - 4 mappings in 'requestMappingHandlerMapping'
2025-02-28 15:07:06 DEBUG [restartedMain] o.s.w.s.h.SimpleUrlHandlerMapping - Patterns [/webjars/**, /**] in 'resourceHandlerMapping'
2025-02-28 15:07:06 DEBUG [restartedMain] o.s.w.s.m.m.a.RequestMappingHandlerAdapter - ControllerAdvice beans: 0 @ModelAttribute, 0 @InitBinder, 2 RequestBodyAdvice, 1 ResponseBodyAdvice
2025-02-28 15:07:07 DEBUG [restartedMain] o.s.w.s.m.m.a.ExceptionHandlerExceptionResolver - ControllerAdvice beans: 1 @ExceptionHandler, 1 ResponseBodyAdvice
2025-02-28 15:07:07 INFO  [restartedMain] o.s.b.d.a.OptionalLiveReloadServer - LiveReload server is running on port 35729
2025-02-28 15:07:07 INFO  [restartedMain] o.a.coyote.http11.Http11NioProtocol - Starting ProtocolHandler ["http-nio-8080"]
2025-02-28 15:07:07 INFO  [restartedMain] o.s.b.w.e.tomcat.TomcatWebServer - Tomcat started on port 8080 (http) with context path '/'
2025-02-28 15:07:07 INFO  [restartedMain] d.b.Reference.ReferenceApplication - Started ReferenceApplication in 2.118 seconds (process running for 2.848)
2025-02-28 15:07:12 INFO  [http-nio-8080-exec-1] o.a.c.c.C.[Tomcat].[localhost].[/] - Initializing Spring DispatcherServlet 'dispatcherServlet'
2025-02-28 15:07:12 INFO  [http-nio-8080-exec-1] o.s.web.servlet.DispatcherServlet - Initializing Servlet 'dispatcherServlet'
2025-02-28 15:07:12 DEBUG [http-nio-8080-exec-1] o.s.web.servlet.DispatcherServlet - Detected StandardServletMultipartResolver
2025-02-28 15:07:12 DEBUG [http-nio-8080-exec-1] o.s.web.servlet.DispatcherServlet - Detected AcceptHeaderLocaleResolver
2025-02-28 15:07:12 DEBUG [http-nio-8080-exec-1] o.s.web.servlet.DispatcherServlet - Detected FixedThemeResolver
2025-02-28 15:07:12 DEBUG [http-nio-8080-exec-1] o.s.web.servlet.DispatcherServlet - Detected org.springframework.web.servlet.view.DefaultRequestToViewNameTranslator@4dac61fe
2025-02-28 15:07:12 DEBUG [http-nio-8080-exec-1] o.s.web.servlet.DispatcherServlet - Detected org.springframework.web.servlet.support.SessionFlashMapManager@6aea5c33
2025-02-28 15:07:12 DEBUG [http-nio-8080-exec-1] o.s.web.servlet.DispatcherServlet - enableLoggingRequestDetails='false': request parameters and headers will be masked to prevent unsafe logging of potentially sensitive data
2025-02-28 15:07:12 INFO  [http-nio-8080-exec-1] o.s.web.servlet.DispatcherServlet - Completed initialization in 2 ms
2025-02-28 15:07:12 DEBUG [http-nio-8080-exec-1] o.s.web.servlet.DispatcherServlet - POST "/user/create", parameters={}
2025-02-28 15:07:12 DEBUG [http-nio-8080-exec-1] o.s.w.s.m.m.a.RequestMappingHandlerMapping - Mapped to dev.binz.Reference.user.controller.UserRestController#createUser(UserDTO)
2025-02-28 15:07:12 DEBUG [http-nio-8080-exec-1] o.s.w.s.m.m.a.RequestResponseBodyMethodProcessor - Read "application/json;charset=UTF-8" to [dev.binz.Reference.user.dto.UserDTO@58b02f95]
2025-02-28 15:07:12 DEBUG [http-nio-8080-exec-1] o.s.w.s.m.m.a.ExceptionHandlerExceptionResolver - Using @ExceptionHandler dev.binz.Reference.user.UserExceptionHandler#handleValidationExceptions(MethodArgumentNotValidException)
2025-02-28 15:07:12 DEBUG [http-nio-8080-exec-1] o.s.w.s.m.m.a.HttpEntityMethodProcessor - Using 'application/json', given [*/*] and supported [application/json, application/*+json]
2025-02-28 15:07:12 DEBUG [http-nio-8080-exec-1] o.s.w.s.m.m.a.HttpEntityMethodProcessor - Writing [{password=공백일 수 없습니다, name=이름을 입력해야 합니다.}]
2025-02-28 15:07:12 WARN  [http-nio-8080-exec-1] o.s.w.s.m.m.a.ExceptionHandlerExceptionResolver - Resolved [org.springframework.web.bind.MethodArgumentNotValidException: Validation failed for argument [0] in public org.springframework.http.ResponseEntity<java.lang.String> dev.binz.Reference.user.controller.UserRestController.createUser(dev.binz.Reference.user.dto.UserDTO) with 2 errors: [Field error in object 'userDTO' on field 'name': rejected value [null]; codes [NotBlank.userDTO.name,NotBlank.name,NotBlank.java.lang.String,NotBlank]; arguments [org.springframework.context.support.DefaultMessageSourceResolvable: codes [userDTO.name,name]; arguments []; default message [name]]; default message [이름을 입력해야 합니다.]] [Field error in object 'userDTO' on field 'password': rejected value [null]; codes [NotBlank.userDTO.password,NotBlank.password,NotBlank.java.lang.String,NotBlank]; arguments [org.springframework.context.support.DefaultMessageSourceResolvable: codes [userDTO.password,password]; arguments []; default message [password]]; default message [공백일 수 없습니다]] ]
2025-02-28 15:07:12 DEBUG [http-nio-8080-exec-1] o.s.web.servlet.DispatcherServlet - Completed 400 BAD_REQUEST
2025-02-28 15:08:44 DEBUG [http-nio-8080-exec-4] o.s.web.servlet.DispatcherServlet - POST "/user/create", parameters={}
2025-02-28 15:08:44 DEBUG [http-nio-8080-exec-4] o.s.w.s.m.m.a.RequestMappingHandlerMapping - Mapped to dev.binz.Reference.user.controller.UserRestController#createUser(UserDTO)
2025-02-28 15:08:44 DEBUG [http-nio-8080-exec-4] o.s.w.s.m.m.a.RequestResponseBodyMethodProcessor - Read "application/json;charset=UTF-8" to [dev.binz.Reference.user.dto.UserDTO@588f0f33]
2025-02-28 15:08:44 DEBUG [http-nio-8080-exec-4] o.s.w.s.m.m.a.HttpEntityMethodProcessor - Using 'text/plain', given [*/*] and supported [text/plain, */*, application/json, application/*+json]
2025-02-28 15:08:44 DEBUG [http-nio-8080-exec-4] o.s.w.s.m.m.a.HttpEntityMethodProcessor - Writing ["사용자 생성 완료: 이름을 입력해야 합니다."]
2025-02-28 15:08:44 DEBUG [http-nio-8080-exec-4] o.s.web.servlet.DispatcherServlet - Completed 200 OK
2025-02-28 15:08:54 DEBUG [http-nio-8080-exec-5] o.s.web.servlet.DispatcherServlet - POST "/user/create", parameters={}
2025-02-28 15:08:54 DEBUG [http-nio-8080-exec-5] o.s.w.s.m.m.a.RequestMappingHandlerMapping - Mapped to dev.binz.Reference.user.controller.UserRestController#createUser(UserDTO)
2025-02-28 15:08:54 DEBUG [http-nio-8080-exec-5] o.s.w.s.m.m.a.RequestResponseBodyMethodProcessor - Read "application/json;charset=UTF-8" to [dev.binz.Reference.user.dto.UserDTO@3f4f6281]
2025-02-28 15:08:54 DEBUG [http-nio-8080-exec-5] o.s.w.s.m.m.a.HttpEntityMethodProcessor - Using 'text/plain', given [*/*] and supported [text/plain, */*, application/json, application/*+json]
2025-02-28 15:08:54 DEBUG [http-nio-8080-exec-5] o.s.w.s.m.m.a.HttpEntityMethodProcessor - Writing ["사용자 생성 완료: 이름을 입력해야 합니다."]
2025-02-28 15:08:54 DEBUG [http-nio-8080-exec-5] o.s.web.servlet.DispatcherServlet - Completed 200 OK
2025-02-28 15:09:49 INFO  [File Watcher] o.s.b.d.a.LocalDevToolsAutoConfiguration$RestartingClassPathChangeChangedEventListener - Restarting due to 1 class path change (0 additions, 0 deletions, 1 modification)
2025-02-28 15:09:49 INFO  [Thread-5] o.s.b.w.e.tomcat.GracefulShutdown - Commencing graceful shutdown. Waiting for active requests to complete
2025-02-28 15:09:49 INFO  [tomcat-shutdown] o.a.coyote.http11.Http11NioProtocol - Pausing ProtocolHandler ["http-nio-8080"]
2025-02-28 15:09:49 INFO  [tomcat-shutdown] o.s.b.w.e.tomcat.GracefulShutdown - Graceful shutdown complete
2025-02-28 15:09:49 INFO  [Thread-5] o.a.coyote.http11.Http11NioProtocol - Stopping ProtocolHandler ["http-nio-8080"]
2025-02-28 15:09:49 INFO  [restartedMain] d.b.Reference.ReferenceApplication - Starting ReferenceApplication using Java 22.0.1 with PID 11396 (C:\DEV_SRC\eclipse\Reference\target\classes started by sonzw in C:\DEV_SRC\eclipse\Reference)
2025-02-28 15:09:49 INFO  [restartedMain] d.b.Reference.ReferenceApplication - No active profile set, falling back to 1 default profile: "default"
2025-02-28 15:09:49 INFO  [restartedMain] o.s.b.w.e.tomcat.TomcatWebServer - Tomcat initialized with port 8080 (http)
2025-02-28 15:09:49 INFO  [restartedMain] o.a.coyote.http11.Http11NioProtocol - Initializing ProtocolHandler ["http-nio-8080"]
2025-02-28 15:09:49 INFO  [restartedMain] o.a.catalina.core.StandardService - Starting service [Tomcat]
2025-02-28 15:09:49 INFO  [restartedMain] o.a.catalina.core.StandardEngine - Starting Servlet engine: [Apache Tomcat/10.1.36]
2025-02-28 15:09:49 INFO  [restartedMain] o.a.c.c.C.[Tomcat].[localhost].[/] - Initializing Spring embedded WebApplicationContext
2025-02-28 15:09:49 INFO  [restartedMain] o.s.b.w.s.c.ServletWebServerApplicationContext - Root WebApplicationContext: initialization completed in 238 ms
2025-02-28 15:09:49 DEBUG [restartedMain] o.s.w.s.m.m.a.RequestMappingHandlerMapping - 4 mappings in 'requestMappingHandlerMapping'
2025-02-28 15:09:49 DEBUG [restartedMain] o.s.w.s.h.SimpleUrlHandlerMapping - Patterns [/webjars/**, /**] in 'resourceHandlerMapping'
2025-02-28 15:09:49 DEBUG [restartedMain] o.s.w.s.m.m.a.RequestMappingHandlerAdapter - ControllerAdvice beans: 0 @ModelAttribute, 0 @InitBinder, 2 RequestBodyAdvice, 1 ResponseBodyAdvice
2025-02-28 15:09:50 DEBUG [restartedMain] o.s.w.s.m.m.a.ExceptionHandlerExceptionResolver - ControllerAdvice beans: 1 @ExceptionHandler, 1 ResponseBodyAdvice
2025-02-28 15:09:50 INFO  [restartedMain] o.s.b.d.a.OptionalLiveReloadServer - LiveReload server is running on port 35729
2025-02-28 15:09:50 INFO  [restartedMain] o.a.coyote.http11.Http11NioProtocol - Starting ProtocolHandler ["http-nio-8080"]
2025-02-28 15:09:50 INFO  [restartedMain] o.s.b.w.e.tomcat.TomcatWebServer - Tomcat started on port 8080 (http) with context path '/'
2025-02-28 15:09:50 INFO  [restartedMain] d.b.Reference.ReferenceApplication - Started ReferenceApplication in 0.37 seconds (process running for 165.73)
2025-02-28 15:09:50 INFO  [restartedMain] o.s.b.d.a.ConditionEvaluationDeltaLoggingListener - Condition evaluation unchanged
2025-02-28 15:09:51 INFO  [File Watcher] o.s.b.d.a.LocalDevToolsAutoConfiguration$RestartingClassPathChangeChangedEventListener - Restarting due to 1 class path change (0 additions, 0 deletions, 1 modification)
2025-02-28 15:09:51 INFO  [Thread-7] o.s.b.w.e.tomcat.GracefulShutdown - Commencing graceful shutdown. Waiting for active requests to complete
2025-02-28 15:09:51 INFO  [tomcat-shutdown] o.a.coyote.http11.Http11NioProtocol - Pausing ProtocolHandler ["http-nio-8080"]
2025-02-28 15:09:51 INFO  [tomcat-shutdown] o.s.b.w.e.tomcat.GracefulShutdown - Graceful shutdown complete
2025-02-28 15:09:51 INFO  [Thread-7] o.a.coyote.http11.Http11NioProtocol - Stopping ProtocolHandler ["http-nio-8080"]
2025-02-28 15:09:51 INFO  [restartedMain] d.b.Reference.ReferenceApplication - Starting ReferenceApplication using Java 22.0.1 with PID 11396 (C:\DEV_SRC\eclipse\Reference\target\classes started by sonzw in C:\DEV_SRC\eclipse\Reference)
2025-02-28 15:09:51 INFO  [restartedMain] d.b.Reference.ReferenceApplication - No active profile set, falling back to 1 default profile: "default"
2025-02-28 15:09:51 INFO  [restartedMain] o.s.b.w.e.tomcat.TomcatWebServer - Tomcat initialized with port 8080 (http)
2025-02-28 15:09:51 INFO  [restartedMain] o.a.coyote.http11.Http11NioProtocol - Initializing ProtocolHandler ["http-nio-8080"]
2025-02-28 15:09:51 INFO  [restartedMain] o.a.catalina.core.StandardService - Starting service [Tomcat]
2025-02-28 15:09:51 INFO  [restartedMain] o.a.catalina.core.StandardEngine - Starting Servlet engine: [Apache Tomcat/10.1.36]
2025-02-28 15:09:51 INFO  [restartedMain] o.a.c.c.C.[Tomcat].[localhost].[/] - Initializing Spring embedded WebApplicationContext
2025-02-28 15:09:51 INFO  [restartedMain] o.s.b.w.s.c.ServletWebServerApplicationContext - Root WebApplicationContext: initialization completed in 207 ms
2025-02-28 15:09:51 DEBUG [restartedMain] o.s.w.s.m.m.a.RequestMappingHandlerMapping - 4 mappings in 'requestMappingHandlerMapping'
2025-02-28 15:09:51 DEBUG [restartedMain] o.s.w.s.h.SimpleUrlHandlerMapping - Patterns [/webjars/**, /**] in 'resourceHandlerMapping'
2025-02-28 15:09:51 DEBUG [restartedMain] o.s.w.s.m.m.a.RequestMappingHandlerAdapter - ControllerAdvice beans: 0 @ModelAttribute, 0 @InitBinder, 2 RequestBodyAdvice, 1 ResponseBodyAdvice
2025-02-28 15:09:51 DEBUG [restartedMain] o.s.w.s.m.m.a.ExceptionHandlerExceptionResolver - ControllerAdvice beans: 1 @ExceptionHandler, 1 ResponseBodyAdvice
2025-02-28 15:09:51 INFO  [restartedMain] o.s.b.d.a.OptionalLiveReloadServer - LiveReload server is running on port 35729
2025-02-28 15:09:51 INFO  [restartedMain] o.a.coyote.http11.Http11NioProtocol - Starting ProtocolHandler ["http-nio-8080"]
2025-02-28 15:09:51 INFO  [restartedMain] o.s.b.w.e.tomcat.TomcatWebServer - Tomcat started on port 8080 (http) with context path '/'
2025-02-28 15:09:51 INFO  [restartedMain] d.b.Reference.ReferenceApplication - Started ReferenceApplication in 0.327 seconds (process running for 167.556)
2025-02-28 15:09:51 INFO  [restartedMain] o.s.b.d.a.ConditionEvaluationDeltaLoggingListener - Condition evaluation unchanged
2025-02-28 15:09:56 INFO  [http-nio-8080-exec-2] o.a.c.c.C.[Tomcat].[localhost].[/] - Initializing Spring DispatcherServlet 'dispatcherServlet'
2025-02-28 15:09:56 INFO  [http-nio-8080-exec-2] o.s.web.servlet.DispatcherServlet - Initializing Servlet 'dispatcherServlet'
2025-02-28 15:09:56 DEBUG [http-nio-8080-exec-2] o.s.web.servlet.DispatcherServlet - Detected StandardServletMultipartResolver
2025-02-28 15:09:56 DEBUG [http-nio-8080-exec-2] o.s.web.servlet.DispatcherServlet - Detected AcceptHeaderLocaleResolver
2025-02-28 15:09:56 DEBUG [http-nio-8080-exec-2] o.s.web.servlet.DispatcherServlet - Detected FixedThemeResolver
2025-02-28 15:09:56 DEBUG [http-nio-8080-exec-2] o.s.web.servlet.DispatcherServlet - Detected org.springframework.web.servlet.view.DefaultRequestToViewNameTranslator@e285077
2025-02-28 15:09:56 DEBUG [http-nio-8080-exec-2] o.s.web.servlet.DispatcherServlet - Detected org.springframework.web.servlet.support.SessionFlashMapManager@efafc2
2025-02-28 15:09:56 DEBUG [http-nio-8080-exec-2] o.s.web.servlet.DispatcherServlet - enableLoggingRequestDetails='false': request parameters and headers will be masked to prevent unsafe logging of potentially sensitive data
2025-02-28 15:09:56 INFO  [http-nio-8080-exec-2] o.s.web.servlet.DispatcherServlet - Completed initialization in 2 ms
2025-02-28 15:09:56 DEBUG [http-nio-8080-exec-2] o.s.web.servlet.DispatcherServlet - POST "/user/create", parameters={}
2025-02-28 15:09:56 DEBUG [http-nio-8080-exec-2] o.s.w.s.m.m.a.RequestMappingHandlerMapping - Mapped to dev.binz.Reference.user.controller.UserRestController#createUser(UserDTO)
2025-02-28 15:09:56 DEBUG [http-nio-8080-exec-2] o.s.w.s.m.m.a.RequestResponseBodyMethodProcessor - Read "application/json;charset=UTF-8" to [dev.binz.Reference.user.dto.UserDTO@f5b60c1]
2025-02-28 15:09:56 DEBUG [http-nio-8080-exec-2] o.s.w.s.m.m.a.ExceptionHandlerExceptionResolver - Using @ExceptionHandler dev.binz.Reference.user.UserExceptionHandler#handleConstraintViolationException(Exception)
2025-02-28 15:09:56 DEBUG [http-nio-8080-exec-2] o.s.w.s.m.m.a.RequestResponseBodyMethodProcessor - Using 'text/plain', given [*/*] and supported [text/plain, */*, application/json, application/*+json]
2025-02-28 15:09:56 DEBUG [http-nio-8080-exec-2] o.s.w.s.m.m.a.RequestResponseBodyMethodProcessor - Writing ["ServletException"]
2025-02-28 15:09:56 WARN  [http-nio-8080-exec-2] o.s.w.s.m.m.a.ExceptionHandlerExceptionResolver - Resolved [jakarta.servlet.ServletException: Handler dispatch failed: java.lang.Error: Unresolved compilation problem: <EOL>?Syntax error, insert ";" to complete BlockStatements<EOL>]
2025-02-28 15:09:56 DEBUG [http-nio-8080-exec-2] o.s.web.servlet.DispatcherServlet - Completed 400 BAD_REQUEST
2025-02-28 15:10:14 INFO  [File Watcher] o.s.b.d.a.LocalDevToolsAutoConfiguration$RestartingClassPathChangeChangedEventListener - Restarting due to 1 class path change (0 additions, 0 deletions, 1 modification)
2025-02-28 15:10:14 INFO  [Thread-11] o.s.b.w.e.tomcat.GracefulShutdown - Commencing graceful shutdown. Waiting for active requests to complete
2025-02-28 15:10:14 INFO  [tomcat-shutdown] o.a.coyote.http11.Http11NioProtocol - Pausing ProtocolHandler ["http-nio-8080"]
2025-02-28 15:10:14 INFO  [tomcat-shutdown] o.s.b.w.e.tomcat.GracefulShutdown - Graceful shutdown complete
2025-02-28 15:10:14 INFO  [Thread-11] o.a.coyote.http11.Http11NioProtocol - Stopping ProtocolHandler ["http-nio-8080"]
2025-02-28 15:10:14 INFO  [restartedMain] d.b.Reference.ReferenceApplication - Starting ReferenceApplication using Java 22.0.1 with PID 11396 (C:\DEV_SRC\eclipse\Reference\target\classes started by sonzw in C:\DEV_SRC\eclipse\Reference)
2025-02-28 15:10:14 INFO  [restartedMain] d.b.Reference.ReferenceApplication - No active profile set, falling back to 1 default profile: "default"
2025-02-28 15:10:14 INFO  [restartedMain] o.s.b.w.e.tomcat.TomcatWebServer - Tomcat initialized with port 8080 (http)
2025-02-28 15:10:14 INFO  [restartedMain] o.a.coyote.http11.Http11NioProtocol - Initializing ProtocolHandler ["http-nio-8080"]
2025-02-28 15:10:14 INFO  [restartedMain] o.a.catalina.core.StandardService - Starting service [Tomcat]
2025-02-28 15:10:14 INFO  [restartedMain] o.a.catalina.core.StandardEngine - Starting Servlet engine: [Apache Tomcat/10.1.36]
2025-02-28 15:10:14 INFO  [restartedMain] o.a.c.c.C.[Tomcat].[localhost].[/] - Initializing Spring embedded WebApplicationContext
2025-02-28 15:10:14 INFO  [restartedMain] o.s.b.w.s.c.ServletWebServerApplicationContext - Root WebApplicationContext: initialization completed in 198 ms
2025-02-28 15:10:15 DEBUG [restartedMain] o.s.w.s.m.m.a.RequestMappingHandlerMapping - 4 mappings in 'requestMappingHandlerMapping'
2025-02-28 15:10:15 DEBUG [restartedMain] o.s.w.s.h.SimpleUrlHandlerMapping - Patterns [/webjars/**, /**] in 'resourceHandlerMapping'
2025-02-28 15:10:15 DEBUG [restartedMain] o.s.w.s.m.m.a.RequestMappingHandlerAdapter - ControllerAdvice beans: 0 @ModelAttribute, 0 @InitBinder, 2 RequestBodyAdvice, 1 ResponseBodyAdvice
2025-02-28 15:10:15 DEBUG [restartedMain] o.s.w.s.m.m.a.ExceptionHandlerExceptionResolver - ControllerAdvice beans: 1 @ExceptionHandler, 1 ResponseBodyAdvice
2025-02-28 15:10:15 INFO  [restartedMain] o.s.b.d.a.OptionalLiveReloadServer - LiveReload server is running on port 35729
2025-02-28 15:10:15 INFO  [restartedMain] o.a.coyote.http11.Http11NioProtocol - Starting ProtocolHandler ["http-nio-8080"]
2025-02-28 15:10:15 INFO  [restartedMain] o.s.b.w.e.tomcat.TomcatWebServer - Tomcat started on port 8080 (http) with context path '/'
2025-02-28 15:10:15 INFO  [restartedMain] d.b.Reference.ReferenceApplication - Started ReferenceApplication in 0.31 seconds (process running for 190.748)
2025-02-28 15:10:15 INFO  [restartedMain] o.s.b.d.a.ConditionEvaluationDeltaLoggingListener - Condition evaluation unchanged
2025-02-28 15:10:18 INFO  [http-nio-8080-exec-2] o.a.c.c.C.[Tomcat].[localhost].[/] - Initializing Spring DispatcherServlet 'dispatcherServlet'
2025-02-28 15:10:18 INFO  [http-nio-8080-exec-2] o.s.web.servlet.DispatcherServlet - Initializing Servlet 'dispatcherServlet'
2025-02-28 15:10:18 DEBUG [http-nio-8080-exec-2] o.s.web.servlet.DispatcherServlet - Detected StandardServletMultipartResolver
2025-02-28 15:10:18 DEBUG [http-nio-8080-exec-2] o.s.web.servlet.DispatcherServlet - Detected AcceptHeaderLocaleResolver
2025-02-28 15:10:18 DEBUG [http-nio-8080-exec-2] o.s.web.servlet.DispatcherServlet - Detected FixedThemeResolver
2025-02-28 15:10:18 DEBUG [http-nio-8080-exec-2] o.s.web.servlet.DispatcherServlet - Detected org.springframework.web.servlet.view.DefaultRequestToViewNameTranslator@48cc24b
2025-02-28 15:10:18 DEBUG [http-nio-8080-exec-2] o.s.web.servlet.DispatcherServlet - Detected org.springframework.web.servlet.support.SessionFlashMapManager@a4b3caa
2025-02-28 15:10:18 DEBUG [http-nio-8080-exec-2] o.s.web.servlet.DispatcherServlet - enableLoggingRequestDetails='false': request parameters and headers will be masked to prevent unsafe logging of potentially sensitive data
2025-02-28 15:10:18 INFO  [http-nio-8080-exec-2] o.s.web.servlet.DispatcherServlet - Completed initialization in 1 ms
2025-02-28 15:10:18 DEBUG [http-nio-8080-exec-2] o.s.web.servlet.DispatcherServlet - POST "/user/create", parameters={}
2025-02-28 15:10:18 DEBUG [http-nio-8080-exec-2] o.s.w.s.m.m.a.RequestMappingHandlerMapping - Mapped to dev.binz.Reference.user.controller.UserRestController#createUser(UserDTO)
2025-02-28 15:10:18 DEBUG [http-nio-8080-exec-2] o.s.w.s.m.m.a.RequestResponseBodyMethodProcessor - Read "application/json;charset=UTF-8" to [dev.binz.Reference.user.dto.UserDTO@6de5a2d6]
2025-02-28 15:10:18 DEBUG [http-nio-8080-exec-2] o.s.w.s.m.m.a.HttpEntityMethodProcessor - Using 'text/plain', given [*/*] and supported [text/plain, */*, application/json, application/*+json]
2025-02-28 15:10:18 DEBUG [http-nio-8080-exec-2] o.s.w.s.m.m.a.HttpEntityMethodProcessor - Writing ["사용자 생성 완료: 이름을 입력해야 합니다."]
2025-02-28 15:10:18 DEBUG [http-nio-8080-exec-2] o.s.web.servlet.DispatcherServlet - Completed 200 OK
2025-02-28 15:12:18 INFO  [File Watcher] o.s.b.d.a.LocalDevToolsAutoConfiguration$RestartingClassPathChangeChangedEventListener - Restarting due to 1 class path change (0 additions, 0 deletions, 1 modification)
2025-02-28 15:12:18 INFO  [Thread-15] o.s.b.w.e.tomcat.GracefulShutdown - Commencing graceful shutdown. Waiting for active requests to complete
2025-02-28 15:12:18 INFO  [tomcat-shutdown] o.a.coyote.http11.Http11NioProtocol - Pausing ProtocolHandler ["http-nio-8080"]
2025-02-28 15:12:18 INFO  [tomcat-shutdown] o.s.b.w.e.tomcat.GracefulShutdown - Graceful shutdown complete
2025-02-28 15:12:18 INFO  [Thread-15] o.a.coyote.http11.Http11NioProtocol - Stopping ProtocolHandler ["http-nio-8080"]
2025-02-28 15:12:18 INFO  [restartedMain] d.b.Reference.ReferenceApplication - Starting ReferenceApplication using Java 22.0.1 with PID 11396 (C:\DEV_SRC\eclipse\Reference\target\classes started by sonzw in C:\DEV_SRC\eclipse\Reference)
2025-02-28 15:12:18 INFO  [restartedMain] d.b.Reference.ReferenceApplication - No active profile set, falling back to 1 default profile: "default"
2025-02-28 15:25:34 INFO  [background-preinit] o.h.validator.internal.util.Version - HV000001: Hibernate Validator 8.0.2.Final
2025-02-28 15:25:34 INFO  [restartedMain] d.b.reference.ReferenceApplication - Starting ReferenceApplication using Java 22.0.1 with PID 13704 (C:\DEV_SRC\eclipse\Reference\target\classes started by sonzw in C:\DEV_SRC\eclipse\Reference)
2025-02-28 15:25:34 INFO  [restartedMain] d.b.reference.ReferenceApplication - Starting ReferenceApplication using Java 22.0.1 with PID 13704 (C:\DEV_SRC\eclipse\Reference\target\classes started by sonzw in C:\DEV_SRC\eclipse\Reference)
2025-02-28 15:25:34 DEBUG [restartedMain] d.b.reference.ReferenceApplication - Running with Spring Boot v3.4.3, Spring v6.2.3
2025-02-28 15:25:34 DEBUG [restartedMain] d.b.reference.ReferenceApplication - Running with Spring Boot v3.4.3, Spring v6.2.3
2025-02-28 15:25:34 INFO  [restartedMain] d.b.reference.ReferenceApplication - No active profile set, falling back to 1 default profile: "default"
2025-02-28 15:25:34 INFO  [restartedMain] d.b.reference.ReferenceApplication - No active profile set, falling back to 1 default profile: "default"
2025-02-28 15:25:34 INFO  [restartedMain] o.s.b.d.e.DevToolsPropertyDefaultsPostProcessor - Devtools property defaults active! Set 'spring.devtools.add-properties' to 'false' to disable
2025-02-28 15:25:34 INFO  [restartedMain] o.s.b.d.e.DevToolsPropertyDefaultsPostProcessor - For additional web related logging consider setting the 'logging.level.web' property to 'DEBUG'
2025-02-28 15:25:35 INFO  [restartedMain] o.s.b.w.e.tomcat.TomcatWebServer - Tomcat initialized with port 8080 (http)
2025-02-28 15:25:35 INFO  [restartedMain] o.a.coyote.http11.Http11NioProtocol - Initializing ProtocolHandler ["http-nio-8080"]
2025-02-28 15:25:35 INFO  [restartedMain] o.a.catalina.core.StandardService - Starting service [Tomcat]
2025-02-28 15:25:35 INFO  [restartedMain] o.a.catalina.core.StandardEngine - Starting Servlet engine: [Apache Tomcat/10.1.36]
2025-02-28 15:25:35 INFO  [restartedMain] o.a.c.c.C.[Tomcat].[localhost].[/] - Initializing Spring embedded WebApplicationContext
2025-02-28 15:25:35 INFO  [restartedMain] o.s.b.w.s.c.ServletWebServerApplicationContext - Root WebApplicationContext: initialization completed in 1050 ms
2025-02-28 15:25:36 DEBUG [restartedMain] o.s.w.s.m.m.a.RequestMappingHandlerMapping - 4 mappings in 'requestMappingHandlerMapping'
2025-02-28 15:25:36 DEBUG [restartedMain] o.s.w.s.h.SimpleUrlHandlerMapping - Patterns [/webjars/**, /**] in 'resourceHandlerMapping'
2025-02-28 15:25:36 DEBUG [restartedMain] o.s.w.s.m.m.a.RequestMappingHandlerAdapter - ControllerAdvice beans: 0 @ModelAttribute, 0 @InitBinder, 2 RequestBodyAdvice, 1 ResponseBodyAdvice
2025-02-28 15:25:36 DEBUG [restartedMain] o.s.w.s.m.m.a.ExceptionHandlerExceptionResolver - ControllerAdvice beans: 1 @ExceptionHandler, 1 ResponseBodyAdvice
2025-02-28 15:25:36 INFO  [restartedMain] o.s.b.d.a.OptionalLiveReloadServer - LiveReload server is running on port 35729
2025-02-28 15:25:36 INFO  [restartedMain] o.a.coyote.http11.Http11NioProtocol - Starting ProtocolHandler ["http-nio-8080"]
2025-02-28 15:25:36 INFO  [restartedMain] o.s.b.w.e.tomcat.TomcatWebServer - Tomcat started on port 8080 (http) with context path '/'
2025-02-28 15:25:36 INFO  [restartedMain] d.b.reference.ReferenceApplication - Started ReferenceApplication in 2.067 seconds (process running for 2.752)
2025-02-28 15:25:36 INFO  [restartedMain] d.b.reference.ReferenceApplication - Started ReferenceApplication in 2.067 seconds (process running for 2.752)
2025-02-28 15:25:42 INFO  [http-nio-8080-exec-2] o.a.c.c.C.[Tomcat].[localhost].[/] - Initializing Spring DispatcherServlet 'dispatcherServlet'
2025-02-28 15:25:42 INFO  [http-nio-8080-exec-2] o.s.web.servlet.DispatcherServlet - Initializing Servlet 'dispatcherServlet'
2025-02-28 15:25:42 DEBUG [http-nio-8080-exec-2] o.s.web.servlet.DispatcherServlet - Detected StandardServletMultipartResolver
2025-02-28 15:25:42 DEBUG [http-nio-8080-exec-2] o.s.web.servlet.DispatcherServlet - Detected AcceptHeaderLocaleResolver
2025-02-28 15:25:42 DEBUG [http-nio-8080-exec-2] o.s.web.servlet.DispatcherServlet - Detected FixedThemeResolver
2025-02-28 15:25:42 DEBUG [http-nio-8080-exec-2] o.s.web.servlet.DispatcherServlet - Detected org.springframework.web.servlet.view.DefaultRequestToViewNameTranslator@194b8096
2025-02-28 15:25:42 DEBUG [http-nio-8080-exec-2] o.s.web.servlet.DispatcherServlet - Detected org.springframework.web.servlet.support.SessionFlashMapManager@6b4450b
2025-02-28 15:25:42 DEBUG [http-nio-8080-exec-2] o.s.web.servlet.DispatcherServlet - enableLoggingRequestDetails='false': request parameters and headers will be masked to prevent unsafe logging of potentially sensitive data
2025-02-28 15:25:42 INFO  [http-nio-8080-exec-2] o.s.web.servlet.DispatcherServlet - Completed initialization in 3 ms
2025-02-28 15:25:42 DEBUG [http-nio-8080-exec-2] o.s.web.servlet.DispatcherServlet - POST "/user/create", parameters={}
2025-02-28 15:25:42 DEBUG [http-nio-8080-exec-2] o.s.w.s.m.m.a.RequestMappingHandlerMapping - Mapped to dev.binz.reference.user.controller.UserRestController#createUser(UserDTO)
2025-02-28 15:25:42 DEBUG [http-nio-8080-exec-2] o.s.w.s.m.m.a.RequestResponseBodyMethodProcessor - Read "application/json;charset=UTF-8" to [dev.binz.reference.user.dto.UserDTO@4f697270]
2025-02-28 15:25:42 DEBUG [http-nio-8080-exec-2] d.b.r.u.c.UserRestController - createUser
2025-02-28 15:25:42 DEBUG [http-nio-8080-exec-2] d.b.r.u.c.UserRestController - createUser
2025-02-28 15:25:42 DEBUG [http-nio-8080-exec-2] o.s.w.s.m.m.a.HttpEntityMethodProcessor - Using 'text/plain', given [*/*] and supported [text/plain, */*, application/json, application/*+json]
2025-02-28 15:25:42 DEBUG [http-nio-8080-exec-2] o.s.w.s.m.m.a.HttpEntityMethodProcessor - Writing ["사용자 생성 완료: 이름을 입력해야 합니다."]
2025-02-28 15:25:42 DEBUG [http-nio-8080-exec-2] o.s.web.servlet.DispatcherServlet - Completed 200 OK
2025-02-28 15:26:34 INFO  [File Watcher] o.s.b.d.a.LocalDevToolsAutoConfiguration$RestartingClassPathChangeChangedEventListener - Restarting due to 1 class path change (0 additions, 0 deletions, 1 modification)
2025-02-28 15:26:34 INFO  [Thread-5] o.s.b.w.e.tomcat.GracefulShutdown - Commencing graceful shutdown. Waiting for active requests to complete
2025-02-28 15:26:34 INFO  [tomcat-shutdown] o.a.coyote.http11.Http11NioProtocol - Pausing ProtocolHandler ["http-nio-8080"]
2025-02-28 15:26:34 INFO  [tomcat-shutdown] o.s.b.w.e.tomcat.GracefulShutdown - Graceful shutdown complete
2025-02-28 15:26:34 INFO  [Thread-5] o.a.coyote.http11.Http11NioProtocol - Stopping ProtocolHandler ["http-nio-8080"]
2025-02-28 15:26:35 INFO  [restartedMain] d.b.reference.ReferenceApplication - Starting ReferenceApplication using Java 22.0.1 with PID 13704 (C:\DEV_SRC\eclipse\Reference\target\classes started by sonzw in C:\DEV_SRC\eclipse\Reference)
2025-02-28 15:26:35 INFO  [restartedMain] d.b.reference.ReferenceApplication - Starting ReferenceApplication using Java 22.0.1 with PID 13704 (C:\DEV_SRC\eclipse\Reference\target\classes started by sonzw in C:\DEV_SRC\eclipse\Reference)
2025-02-28 15:26:35 DEBUG [restartedMain] d.b.reference.ReferenceApplication - Running with Spring Boot v3.4.3, Spring v6.2.3
2025-02-28 15:26:35 DEBUG [restartedMain] d.b.reference.ReferenceApplication - Running with Spring Boot v3.4.3, Spring v6.2.3
2025-02-28 15:26:35 INFO  [restartedMain] d.b.reference.ReferenceApplication - No active profile set, falling back to 1 default profile: "default"
2025-02-28 15:26:35 INFO  [restartedMain] d.b.reference.ReferenceApplication - No active profile set, falling back to 1 default profile: "default"
2025-02-28 15:26:35 INFO  [restartedMain] o.s.b.w.e.tomcat.TomcatWebServer - Tomcat initialized with port 8080 (http)
2025-02-28 15:26:35 INFO  [restartedMain] o.a.coyote.http11.Http11NioProtocol - Initializing ProtocolHandler ["http-nio-8080"]
2025-02-28 15:26:35 INFO  [restartedMain] o.a.catalina.core.StandardService - Starting service [Tomcat]
2025-02-28 15:26:35 INFO  [restartedMain] o.a.catalina.core.StandardEngine - Starting Servlet engine: [Apache Tomcat/10.1.36]
2025-02-28 15:26:35 INFO  [restartedMain] o.a.c.c.C.[Tomcat].[localhost].[/] - Initializing Spring embedded WebApplicationContext
2025-02-28 15:26:35 INFO  [restartedMain] o.s.b.w.s.c.ServletWebServerApplicationContext - Root WebApplicationContext: initialization completed in 236 ms
2025-02-28 15:26:35 INFO  [restartedMain] o.s.b.d.a.OptionalLiveReloadServer - LiveReload server is running on port 35729
2025-02-28 15:26:35 INFO  [restartedMain] o.a.coyote.http11.Http11NioProtocol - Starting ProtocolHandler ["http-nio-8080"]
2025-02-28 15:26:35 INFO  [restartedMain] o.s.b.w.e.tomcat.TomcatWebServer - Tomcat started on port 8080 (http) with context path '/'
2025-02-28 15:26:35 INFO  [restartedMain] d.b.reference.ReferenceApplication - Started ReferenceApplication in 0.364 seconds (process running for 61.763)
2025-02-28 15:26:35 INFO  [restartedMain] d.b.reference.ReferenceApplication - Started ReferenceApplication in 0.364 seconds (process running for 61.763)
2025-02-28 15:26:35 INFO  [restartedMain] o.s.b.d.a.ConditionEvaluationDeltaLoggingListener - Condition evaluation unchanged
2025-02-28 15:26:40 INFO  [http-nio-8080-exec-2] o.a.c.c.C.[Tomcat].[localhost].[/] - Initializing Spring DispatcherServlet 'dispatcherServlet'
2025-02-28 15:26:40 INFO  [http-nio-8080-exec-2] o.s.web.servlet.DispatcherServlet - Initializing Servlet 'dispatcherServlet'
2025-02-28 15:26:40 INFO  [http-nio-8080-exec-2] o.s.web.servlet.DispatcherServlet - Completed initialization in 1 ms
2025-02-28 15:26:40 DEBUG [http-nio-8080-exec-2] d.b.r.u.c.UserRestController - createUser
2025-02-28 15:26:40 DEBUG [http-nio-8080-exec-2] d.b.r.u.c.UserRestController - createUser
2025-02-28 15:27:03 INFO  [File Watcher] o.s.b.d.a.LocalDevToolsAutoConfiguration$RestartingClassPathChangeChangedEventListener - Restarting due to 1 class path change (0 additions, 0 deletions, 1 modification)
2025-02-28 15:27:03 INFO  [Thread-7] o.s.b.w.e.tomcat.GracefulShutdown - Commencing graceful shutdown. Waiting for active requests to complete
2025-02-28 15:27:03 INFO  [tomcat-shutdown] o.a.coyote.http11.Http11NioProtocol - Pausing ProtocolHandler ["http-nio-8080"]
2025-02-28 15:27:03 INFO  [tomcat-shutdown] o.s.b.w.e.tomcat.GracefulShutdown - Graceful shutdown complete
2025-02-28 15:27:03 INFO  [Thread-7] o.a.coyote.http11.Http11NioProtocol - Stopping ProtocolHandler ["http-nio-8080"]
2025-02-28 15:27:03 INFO  [restartedMain] d.b.reference.ReferenceApplication - Starting ReferenceApplication using Java 22.0.1 with PID 13704 (C:\DEV_SRC\eclipse\Reference\target\classes started by sonzw in C:\DEV_SRC\eclipse\Reference)
2025-02-28 15:27:03 INFO  [restartedMain] d.b.reference.ReferenceApplication - Starting ReferenceApplication using Java 22.0.1 with PID 13704 (C:\DEV_SRC\eclipse\Reference\target\classes started by sonzw in C:\DEV_SRC\eclipse\Reference)
2025-02-28 15:27:03 DEBUG [restartedMain] d.b.reference.ReferenceApplication - Running with Spring Boot v3.4.3, Spring v6.2.3
2025-02-28 15:27:03 DEBUG [restartedMain] d.b.reference.ReferenceApplication - Running with Spring Boot v3.4.3, Spring v6.2.3
2025-02-28 15:27:03 INFO  [restartedMain] d.b.reference.ReferenceApplication - No active profile set, falling back to 1 default profile: "default"
2025-02-28 15:27:03 INFO  [restartedMain] d.b.reference.ReferenceApplication - No active profile set, falling back to 1 default profile: "default"
2025-02-28 15:27:03 INFO  [restartedMain] o.s.b.w.e.tomcat.TomcatWebServer - Tomcat initialized with port 8080 (http)
2025-02-28 15:27:03 INFO  [restartedMain] o.a.coyote.http11.Http11NioProtocol - Initializing ProtocolHandler ["http-nio-8080"]
2025-02-28 15:27:03 INFO  [restartedMain] o.a.catalina.core.StandardService - Starting service [Tomcat]
2025-02-28 15:27:03 INFO  [restartedMain] o.a.catalina.core.StandardEngine - Starting Servlet engine: [Apache Tomcat/10.1.36]
2025-02-28 15:27:03 INFO  [restartedMain] o.a.c.c.C.[Tomcat].[localhost].[/] - Initializing Spring embedded WebApplicationContext
2025-02-28 15:27:03 INFO  [restartedMain] o.s.b.w.s.c.ServletWebServerApplicationContext - Root WebApplicationContext: initialization completed in 204 ms
2025-02-28 15:27:03 INFO  [restartedMain] o.s.b.d.a.OptionalLiveReloadServer - LiveReload server is running on port 35729
2025-02-28 15:27:03 INFO  [restartedMain] o.a.coyote.http11.Http11NioProtocol - Starting ProtocolHandler ["http-nio-8080"]
2025-02-28 15:27:03 INFO  [restartedMain] o.s.b.w.e.tomcat.TomcatWebServer - Tomcat started on port 8080 (http) with context path '/'
2025-02-28 15:27:03 INFO  [restartedMain] d.b.reference.ReferenceApplication - Started ReferenceApplication in 0.32 seconds (process running for 90.096)
2025-02-28 15:27:03 INFO  [restartedMain] d.b.reference.ReferenceApplication - Started ReferenceApplication in 0.32 seconds (process running for 90.096)
2025-02-28 15:27:03 INFO  [restartedMain] o.s.b.d.a.ConditionEvaluationDeltaLoggingListener - Condition evaluation unchanged
2025-02-28 15:27:07 INFO  [http-nio-8080-exec-2] o.a.c.c.C.[Tomcat].[localhost].[/] - Initializing Spring DispatcherServlet 'dispatcherServlet'
2025-02-28 15:27:07 INFO  [http-nio-8080-exec-2] o.s.web.servlet.DispatcherServlet - Initializing Servlet 'dispatcherServlet'
2025-02-28 15:27:07 INFO  [http-nio-8080-exec-2] o.s.web.servlet.DispatcherServlet - Completed initialization in 1 ms
2025-02-28 15:27:07 DEBUG [http-nio-8080-exec-2] d.b.r.adapter.CustomAdviceAdapter - aaaaaaaaaaaaaaaaaaaaaaaaaaaaaaaaaaaaaaaaaaaa
2025-02-28 15:27:07 DEBUG [http-nio-8080-exec-2] d.b.r.adapter.CustomAdviceAdapter - aaaaaaaaaaaaaaaaaaaaaaaaaaaaaaaaaaaaaaaaaaaa
2025-02-28 15:27:07 DEBUG [http-nio-8080-exec-2] d.b.r.adapter.CustomAdviceAdapter - aaaaaaaaaaaaaaaaaaaaaaaaaaaaaaaaaaaaaaaaaaaa
2025-02-28 15:27:07 DEBUG [http-nio-8080-exec-2] d.b.r.adapter.CustomAdviceAdapter - aaaaaaaaaaaaaaaaaaaaaaaaaaaaaaaaaaaaaaaaaaaa
2025-02-28 15:27:07 DEBUG [http-nio-8080-exec-2] d.b.r.adapter.CustomAdviceAdapter - ddddddddddddddddddddddddddddddd
2025-02-28 15:27:07 DEBUG [http-nio-8080-exec-2] d.b.r.adapter.CustomAdviceAdapter - ddddddddddddddddddddddddddddddd
2025-02-28 15:27:07 DEBUG [http-nio-8080-exec-2] d.b.r.u.c.UserRestController - createUser
2025-02-28 15:27:07 DEBUG [http-nio-8080-exec-2] d.b.r.u.c.UserRestController - createUser
2025-02-28 15:27:40 INFO  [File Watcher] o.s.b.d.a.LocalDevToolsAutoConfiguration$RestartingClassPathChangeChangedEventListener - Restarting due to 1 class path change (0 additions, 0 deletions, 1 modification)
2025-02-28 15:27:40 INFO  [Thread-11] o.s.b.w.e.tomcat.GracefulShutdown - Commencing graceful shutdown. Waiting for active requests to complete
2025-02-28 15:27:40 INFO  [tomcat-shutdown] o.a.coyote.http11.Http11NioProtocol - Pausing ProtocolHandler ["http-nio-8080"]
2025-02-28 15:27:40 INFO  [tomcat-shutdown] o.s.b.w.e.tomcat.GracefulShutdown - Graceful shutdown complete
2025-02-28 15:27:40 INFO  [Thread-11] o.a.coyote.http11.Http11NioProtocol - Stopping ProtocolHandler ["http-nio-8080"]
2025-02-28 15:27:41 INFO  [restartedMain] d.b.reference.ReferenceApplication - Starting ReferenceApplication using Java 22.0.1 with PID 13704 (C:\DEV_SRC\eclipse\Reference\target\classes started by sonzw in C:\DEV_SRC\eclipse\Reference)
2025-02-28 15:27:41 INFO  [restartedMain] d.b.reference.ReferenceApplication - Starting ReferenceApplication using Java 22.0.1 with PID 13704 (C:\DEV_SRC\eclipse\Reference\target\classes started by sonzw in C:\DEV_SRC\eclipse\Reference)
2025-02-28 15:27:41 DEBUG [restartedMain] d.b.reference.ReferenceApplication - Running with Spring Boot v3.4.3, Spring v6.2.3
2025-02-28 15:27:41 DEBUG [restartedMain] d.b.reference.ReferenceApplication - Running with Spring Boot v3.4.3, Spring v6.2.3
2025-02-28 15:27:41 INFO  [restartedMain] d.b.reference.ReferenceApplication - No active profile set, falling back to 1 default profile: "default"
2025-02-28 15:27:41 INFO  [restartedMain] d.b.reference.ReferenceApplication - No active profile set, falling back to 1 default profile: "default"
2025-02-28 15:27:41 INFO  [restartedMain] o.s.b.w.e.tomcat.TomcatWebServer - Tomcat initialized with port 8080 (http)
2025-02-28 15:27:41 INFO  [restartedMain] o.a.coyote.http11.Http11NioProtocol - Initializing ProtocolHandler ["http-nio-8080"]
2025-02-28 15:27:41 INFO  [restartedMain] o.a.catalina.core.StandardService - Starting service [Tomcat]
2025-02-28 15:27:41 INFO  [restartedMain] o.a.catalina.core.StandardEngine - Starting Servlet engine: [Apache Tomcat/10.1.36]
2025-02-28 15:27:41 INFO  [restartedMain] o.a.c.c.C.[Tomcat].[localhost].[/] - Initializing Spring embedded WebApplicationContext
2025-02-28 15:27:41 INFO  [restartedMain] o.s.b.w.s.c.ServletWebServerApplicationContext - Root WebApplicationContext: initialization completed in 209 ms
2025-02-28 15:27:41 INFO  [restartedMain] o.s.b.d.a.OptionalLiveReloadServer - LiveReload server is running on port 35729
2025-02-28 15:27:41 INFO  [restartedMain] o.a.coyote.http11.Http11NioProtocol - Starting ProtocolHandler ["http-nio-8080"]
2025-02-28 15:27:41 INFO  [restartedMain] o.s.b.w.e.tomcat.TomcatWebServer - Tomcat started on port 8080 (http) with context path '/'
2025-02-28 15:27:41 INFO  [restartedMain] d.b.reference.ReferenceApplication - Started ReferenceApplication in 0.319 seconds (process running for 127.626)
2025-02-28 15:27:41 INFO  [restartedMain] d.b.reference.ReferenceApplication - Started ReferenceApplication in 0.319 seconds (process running for 127.626)
2025-02-28 15:27:41 INFO  [restartedMain] o.s.b.d.a.ConditionEvaluationDeltaLoggingListener - Condition evaluation unchanged
2025-02-28 15:27:44 INFO  [http-nio-8080-exec-2] o.a.c.c.C.[Tomcat].[localhost].[/] - Initializing Spring DispatcherServlet 'dispatcherServlet'
2025-02-28 15:27:44 INFO  [http-nio-8080-exec-2] o.s.web.servlet.DispatcherServlet - Initializing Servlet 'dispatcherServlet'
2025-02-28 15:27:44 INFO  [http-nio-8080-exec-2] o.s.web.servlet.DispatcherServlet - Completed initialization in 0 ms
2025-02-28 15:27:44 DEBUG [http-nio-8080-exec-2] d.b.r.adapter.CustomAdviceAdapter - aaaaaaaaaaaaaaaaaaaaaaaaaaaaaaaaaaaaaaaaaaaa1
2025-02-28 15:27:44 DEBUG [http-nio-8080-exec-2] d.b.r.adapter.CustomAdviceAdapter - aaaaaaaaaaaaaaaaaaaaaaaaaaaaaaaaaaaaaaaaaaaa1
2025-02-28 15:27:44 DEBUG [http-nio-8080-exec-2] d.b.r.adapter.CustomAdviceAdapter - aaaaaaaaaaaaaaaaaaaaaaaaaaaaaaaaaaaaaaaaaaaa1
2025-02-28 15:27:44 DEBUG [http-nio-8080-exec-2] d.b.r.adapter.CustomAdviceAdapter - aaaaaaaaaaaaaaaaaaaaaaaaaaaaaaaaaaaaaaaaaaaa1
2025-02-28 15:27:44 DEBUG [http-nio-8080-exec-2] d.b.r.adapter.CustomAdviceAdapter - ddddddddddddddddddddddddddddddd
2025-02-28 15:27:44 DEBUG [http-nio-8080-exec-2] d.b.r.adapter.CustomAdviceAdapter - ddddddddddddddddddddddddddddddd
2025-02-28 15:27:44 DEBUG [http-nio-8080-exec-2] d.b.r.u.c.UserRestController - createUser
2025-02-28 15:27:44 DEBUG [http-nio-8080-exec-2] d.b.r.u.c.UserRestController - createUser
2025-02-28 15:30:02 INFO  [File Watcher] o.s.b.d.a.LocalDevToolsAutoConfiguration$RestartingClassPathChangeChangedEventListener - Restarting due to 1 class path change (0 additions, 0 deletions, 1 modification)
2025-02-28 15:30:02 INFO  [Thread-15] o.s.b.w.e.tomcat.GracefulShutdown - Commencing graceful shutdown. Waiting for active requests to complete
2025-02-28 15:30:02 INFO  [tomcat-shutdown] o.a.coyote.http11.Http11NioProtocol - Pausing ProtocolHandler ["http-nio-8080"]
2025-02-28 15:30:02 INFO  [tomcat-shutdown] o.s.b.w.e.tomcat.GracefulShutdown - Graceful shutdown complete
2025-02-28 15:30:02 INFO  [Thread-15] o.a.coyote.http11.Http11NioProtocol - Stopping ProtocolHandler ["http-nio-8080"]
2025-02-28 15:30:02 INFO  [restartedMain] d.b.reference.ReferenceApplication - Starting ReferenceApplication using Java 22.0.1 with PID 13704 (C:\DEV_SRC\eclipse\Reference\target\classes started by sonzw in C:\DEV_SRC\eclipse\Reference)
2025-02-28 15:30:02 INFO  [restartedMain] d.b.reference.ReferenceApplication - Starting ReferenceApplication using Java 22.0.1 with PID 13704 (C:\DEV_SRC\eclipse\Reference\target\classes started by sonzw in C:\DEV_SRC\eclipse\Reference)
2025-02-28 15:30:02 DEBUG [restartedMain] d.b.reference.ReferenceApplication - Running with Spring Boot v3.4.3, Spring v6.2.3
2025-02-28 15:30:02 DEBUG [restartedMain] d.b.reference.ReferenceApplication - Running with Spring Boot v3.4.3, Spring v6.2.3
2025-02-28 15:30:02 INFO  [restartedMain] d.b.reference.ReferenceApplication - No active profile set, falling back to 1 default profile: "default"
2025-02-28 15:30:02 INFO  [restartedMain] d.b.reference.ReferenceApplication - No active profile set, falling back to 1 default profile: "default"
2025-02-28 15:30:02 INFO  [restartedMain] o.s.b.w.e.tomcat.TomcatWebServer - Tomcat initialized with port 8080 (http)
2025-02-28 15:30:02 INFO  [restartedMain] o.a.coyote.http11.Http11NioProtocol - Initializing ProtocolHandler ["http-nio-8080"]
2025-02-28 15:30:02 INFO  [restartedMain] o.a.catalina.core.StandardService - Starting service [Tomcat]
2025-02-28 15:30:02 INFO  [restartedMain] o.a.catalina.core.StandardEngine - Starting Servlet engine: [Apache Tomcat/10.1.36]
2025-02-28 15:30:03 INFO  [restartedMain] o.a.c.c.C.[Tomcat].[localhost].[/] - Initializing Spring embedded WebApplicationContext
2025-02-28 15:30:03 INFO  [restartedMain] o.s.b.w.s.c.ServletWebServerApplicationContext - Root WebApplicationContext: initialization completed in 193 ms
2025-02-28 15:30:03 INFO  [restartedMain] o.s.b.d.a.OptionalLiveReloadServer - LiveReload server is running on port 35729
2025-02-28 15:30:03 INFO  [restartedMain] o.a.coyote.http11.Http11NioProtocol - Starting ProtocolHandler ["http-nio-8080"]
2025-02-28 15:30:03 INFO  [restartedMain] o.s.b.w.e.tomcat.TomcatWebServer - Tomcat started on port 8080 (http) with context path '/'
2025-02-28 15:30:03 INFO  [restartedMain] d.b.reference.ReferenceApplication - Started ReferenceApplication in 0.298 seconds (process running for 269.408)
2025-02-28 15:30:03 INFO  [restartedMain] d.b.reference.ReferenceApplication - Started ReferenceApplication in 0.298 seconds (process running for 269.408)
2025-02-28 15:30:03 INFO  [restartedMain] o.s.b.d.a.ConditionEvaluationDeltaLoggingListener - Condition evaluation unchanged
2025-02-28 15:30:09 INFO  [http-nio-8080-exec-2] o.a.c.c.C.[Tomcat].[localhost].[/] - Initializing Spring DispatcherServlet 'dispatcherServlet'
2025-02-28 15:30:09 INFO  [http-nio-8080-exec-2] o.s.web.servlet.DispatcherServlet - Initializing Servlet 'dispatcherServlet'
2025-02-28 15:30:09 INFO  [http-nio-8080-exec-2] o.s.web.servlet.DispatcherServlet - Completed initialization in 1 ms
2025-02-28 15:30:09 DEBUG [http-nio-8080-exec-2] d.b.r.adapter.CustomAdviceAdapter - aaaaaaaaaaaaaaaaaaaaaaaaaaaaaaaaaaaaaaaaaaaa1
2025-02-28 15:30:09 DEBUG [http-nio-8080-exec-2] d.b.r.adapter.CustomAdviceAdapter - aaaaaaaaaaaaaaaaaaaaaaaaaaaaaaaaaaaaaaaaaaaa1
2025-02-28 15:30:09 DEBUG [http-nio-8080-exec-2] d.b.r.adapter.CustomAdviceAdapter - =============
2025-02-28 15:30:09 DEBUG [http-nio-8080-exec-2] d.b.r.adapter.CustomAdviceAdapter - =============
2025-02-28 15:30:09 DEBUG [http-nio-8080-exec-2] d.b.r.adapter.CustomAdviceAdapter - aaaaaaaaaaaaaaaaaaaaaaaaaaaaaaaaaaaaaaaaaaaa1
2025-02-28 15:30:09 DEBUG [http-nio-8080-exec-2] d.b.r.adapter.CustomAdviceAdapter - aaaaaaaaaaaaaaaaaaaaaaaaaaaaaaaaaaaaaaaaaaaa1
2025-02-28 15:30:09 DEBUG [http-nio-8080-exec-2] d.b.r.adapter.CustomAdviceAdapter - =============
2025-02-28 15:30:09 DEBUG [http-nio-8080-exec-2] d.b.r.adapter.CustomAdviceAdapter - =============
2025-02-28 15:30:09 DEBUG [http-nio-8080-exec-2] d.b.r.adapter.CustomAdviceAdapter - ddddddddddddddddddddddddddddddd
2025-02-28 15:30:09 DEBUG [http-nio-8080-exec-2] d.b.r.adapter.CustomAdviceAdapter - ddddddddddddddddddddddddddddddd
2025-02-28 15:30:09 DEBUG [http-nio-8080-exec-2] d.b.r.u.c.UserRestController - createUser
2025-02-28 15:30:09 DEBUG [http-nio-8080-exec-2] d.b.r.u.c.UserRestController - createUser
2025-02-28 15:31:57 INFO  [File Watcher] o.s.b.d.a.LocalDevToolsAutoConfiguration$RestartingClassPathChangeChangedEventListener - Restarting due to 1 class path change (0 additions, 0 deletions, 1 modification)
2025-02-28 15:31:57 INFO  [Thread-19] o.s.b.w.e.tomcat.GracefulShutdown - Commencing graceful shutdown. Waiting for active requests to complete
2025-02-28 15:31:57 INFO  [tomcat-shutdown] o.a.coyote.http11.Http11NioProtocol - Pausing ProtocolHandler ["http-nio-8080"]
2025-02-28 15:31:57 INFO  [tomcat-shutdown] o.s.b.w.e.tomcat.GracefulShutdown - Graceful shutdown complete
2025-02-28 15:31:57 INFO  [Thread-19] o.a.coyote.http11.Http11NioProtocol - Stopping ProtocolHandler ["http-nio-8080"]
2025-02-28 15:31:57 INFO  [restartedMain] d.b.reference.ReferenceApplication - Starting ReferenceApplication using Java 22.0.1 with PID 13704 (C:\DEV_SRC\eclipse\Reference\target\classes started by sonzw in C:\DEV_SRC\eclipse\Reference)
2025-02-28 15:31:57 INFO  [restartedMain] d.b.reference.ReferenceApplication - Starting ReferenceApplication using Java 22.0.1 with PID 13704 (C:\DEV_SRC\eclipse\Reference\target\classes started by sonzw in C:\DEV_SRC\eclipse\Reference)
2025-02-28 15:31:57 DEBUG [restartedMain] d.b.reference.ReferenceApplication - Running with Spring Boot v3.4.3, Spring v6.2.3
2025-02-28 15:31:57 DEBUG [restartedMain] d.b.reference.ReferenceApplication - Running with Spring Boot v3.4.3, Spring v6.2.3
2025-02-28 15:31:57 INFO  [restartedMain] d.b.reference.ReferenceApplication - No active profile set, falling back to 1 default profile: "default"
2025-02-28 15:31:57 INFO  [restartedMain] d.b.reference.ReferenceApplication - No active profile set, falling back to 1 default profile: "default"
2025-02-28 15:31:58 INFO  [restartedMain] o.s.b.w.e.tomcat.TomcatWebServer - Tomcat initialized with port 8080 (http)
2025-02-28 15:31:58 INFO  [restartedMain] o.a.coyote.http11.Http11NioProtocol - Initializing ProtocolHandler ["http-nio-8080"]
2025-02-28 15:31:58 INFO  [restartedMain] o.a.catalina.core.StandardService - Starting service [Tomcat]
2025-02-28 15:31:58 INFO  [restartedMain] o.a.catalina.core.StandardEngine - Starting Servlet engine: [Apache Tomcat/10.1.36]
2025-02-28 15:31:58 INFO  [restartedMain] o.a.c.c.C.[Tomcat].[localhost].[/] - Initializing Spring embedded WebApplicationContext
2025-02-28 15:31:58 INFO  [restartedMain] o.s.b.w.s.c.ServletWebServerApplicationContext - Root WebApplicationContext: initialization completed in 192 ms
2025-02-28 15:31:58 DEBUG [restartedMain] d.binz.reference.filter.CustomFilter - 
2025-02-28 15:31:58 DEBUG [restartedMain] d.binz.reference.filter.CustomFilter - 
2025-02-28 15:31:58 INFO  [restartedMain] o.s.b.d.a.OptionalLiveReloadServer - LiveReload server is running on port 35729
2025-02-28 15:31:58 INFO  [restartedMain] o.a.coyote.http11.Http11NioProtocol - Starting ProtocolHandler ["http-nio-8080"]
2025-02-28 15:31:58 INFO  [restartedMain] o.s.b.w.e.tomcat.TomcatWebServer - Tomcat started on port 8080 (http) with context path '/'
2025-02-28 15:31:58 INFO  [restartedMain] d.b.reference.ReferenceApplication - Started ReferenceApplication in 0.301 seconds (process running for 384.449)
2025-02-28 15:31:58 INFO  [restartedMain] d.b.reference.ReferenceApplication - Started ReferenceApplication in 0.301 seconds (process running for 384.449)
2025-02-28 15:31:58 INFO  [restartedMain] o.s.b.d.a.ConditionEvaluationDeltaLoggingListener - Condition evaluation unchanged
2025-02-28 15:32:08 INFO  [File Watcher] o.s.b.d.a.LocalDevToolsAutoConfiguration$RestartingClassPathChangeChangedEventListener - Restarting due to 1 class path change (0 additions, 0 deletions, 1 modification)
2025-02-28 15:32:08 INFO  [Thread-23] o.s.b.w.e.tomcat.GracefulShutdown - Commencing graceful shutdown. Waiting for active requests to complete
2025-02-28 15:32:08 INFO  [tomcat-shutdown] o.a.coyote.http11.Http11NioProtocol - Pausing ProtocolHandler ["http-nio-8080"]
2025-02-28 15:32:08 INFO  [tomcat-shutdown] o.s.b.w.e.tomcat.GracefulShutdown - Graceful shutdown complete
2025-02-28 15:32:08 INFO  [Thread-23] o.a.coyote.http11.Http11NioProtocol - Stopping ProtocolHandler ["http-nio-8080"]
2025-02-28 15:32:08 INFO  [restartedMain] d.b.reference.ReferenceApplication - Starting ReferenceApplication using Java 22.0.1 with PID 13704 (C:\DEV_SRC\eclipse\Reference\target\classes started by sonzw in C:\DEV_SRC\eclipse\Reference)
2025-02-28 15:32:08 INFO  [restartedMain] d.b.reference.ReferenceApplication - Starting ReferenceApplication using Java 22.0.1 with PID 13704 (C:\DEV_SRC\eclipse\Reference\target\classes started by sonzw in C:\DEV_SRC\eclipse\Reference)
2025-02-28 15:32:08 DEBUG [restartedMain] d.b.reference.ReferenceApplication - Running with Spring Boot v3.4.3, Spring v6.2.3
2025-02-28 15:32:08 DEBUG [restartedMain] d.b.reference.ReferenceApplication - Running with Spring Boot v3.4.3, Spring v6.2.3
2025-02-28 15:32:08 INFO  [restartedMain] d.b.reference.ReferenceApplication - No active profile set, falling back to 1 default profile: "default"
2025-02-28 15:32:08 INFO  [restartedMain] d.b.reference.ReferenceApplication - No active profile set, falling back to 1 default profile: "default"
2025-02-28 15:32:08 INFO  [restartedMain] o.s.b.w.e.tomcat.TomcatWebServer - Tomcat initialized with port 8080 (http)
2025-02-28 15:32:08 INFO  [restartedMain] o.a.coyote.http11.Http11NioProtocol - Initializing ProtocolHandler ["http-nio-8080"]
2025-02-28 15:32:08 INFO  [restartedMain] o.a.catalina.core.StandardService - Starting service [Tomcat]
2025-02-28 15:32:08 INFO  [restartedMain] o.a.catalina.core.StandardEngine - Starting Servlet engine: [Apache Tomcat/10.1.36]
2025-02-28 15:32:09 INFO  [restartedMain] o.a.c.c.C.[Tomcat].[localhost].[/] - Initializing Spring embedded WebApplicationContext
2025-02-28 15:32:09 INFO  [restartedMain] o.s.b.w.s.c.ServletWebServerApplicationContext - Root WebApplicationContext: initialization completed in 199 ms
2025-02-28 15:32:09 DEBUG [restartedMain] d.binz.reference.filter.CustomFilter - ==============
2025-02-28 15:32:09 DEBUG [restartedMain] d.binz.reference.filter.CustomFilter - ==============
2025-02-28 15:32:09 INFO  [restartedMain] o.s.b.d.a.OptionalLiveReloadServer - LiveReload server is running on port 35729
2025-02-28 15:32:09 INFO  [restartedMain] o.a.coyote.http11.Http11NioProtocol - Starting ProtocolHandler ["http-nio-8080"]
2025-02-28 15:32:09 INFO  [restartedMain] o.s.b.w.e.tomcat.TomcatWebServer - Tomcat started on port 8080 (http) with context path '/'
2025-02-28 15:32:09 INFO  [restartedMain] d.b.reference.ReferenceApplication - Started ReferenceApplication in 0.312 seconds (process running for 395.418)
2025-02-28 15:32:09 INFO  [restartedMain] d.b.reference.ReferenceApplication - Started ReferenceApplication in 0.312 seconds (process running for 395.418)
2025-02-28 15:32:09 INFO  [restartedMain] o.s.b.d.a.ConditionEvaluationDeltaLoggingListener - Condition evaluation unchanged
2025-02-28 15:32:50 INFO  [File Watcher] o.s.b.d.a.LocalDevToolsAutoConfiguration$RestartingClassPathChangeChangedEventListener - Restarting due to 1 class path change (0 additions, 0 deletions, 1 modification)
2025-02-28 15:32:50 INFO  [Thread-27] o.s.b.w.e.tomcat.GracefulShutdown - Commencing graceful shutdown. Waiting for active requests to complete
2025-02-28 15:32:50 INFO  [tomcat-shutdown] o.a.coyote.http11.Http11NioProtocol - Pausing ProtocolHandler ["http-nio-8080"]
2025-02-28 15:32:50 INFO  [tomcat-shutdown] o.s.b.w.e.tomcat.GracefulShutdown - Graceful shutdown complete
2025-02-28 15:32:50 INFO  [Thread-27] o.a.coyote.http11.Http11NioProtocol - Stopping ProtocolHandler ["http-nio-8080"]
2025-02-28 15:32:50 INFO  [restartedMain] d.b.reference.ReferenceApplication - Starting ReferenceApplication using Java 22.0.1 with PID 13704 (C:\DEV_SRC\eclipse\Reference\target\classes started by sonzw in C:\DEV_SRC\eclipse\Reference)
2025-02-28 15:32:50 INFO  [restartedMain] d.b.reference.ReferenceApplication - Starting ReferenceApplication using Java 22.0.1 with PID 13704 (C:\DEV_SRC\eclipse\Reference\target\classes started by sonzw in C:\DEV_SRC\eclipse\Reference)
2025-02-28 15:32:50 DEBUG [restartedMain] d.b.reference.ReferenceApplication - Running with Spring Boot v3.4.3, Spring v6.2.3
2025-02-28 15:32:50 DEBUG [restartedMain] d.b.reference.ReferenceApplication - Running with Spring Boot v3.4.3, Spring v6.2.3
2025-02-28 15:32:50 INFO  [restartedMain] d.b.reference.ReferenceApplication - No active profile set, falling back to 1 default profile: "default"
2025-02-28 15:32:50 INFO  [restartedMain] d.b.reference.ReferenceApplication - No active profile set, falling back to 1 default profile: "default"
2025-02-28 15:32:50 INFO  [restartedMain] o.s.b.w.e.tomcat.TomcatWebServer - Tomcat initialized with port 8080 (http)
2025-02-28 15:32:50 INFO  [restartedMain] o.a.coyote.http11.Http11NioProtocol - Initializing ProtocolHandler ["http-nio-8080"]
2025-02-28 15:32:50 INFO  [restartedMain] o.a.catalina.core.StandardService - Starting service [Tomcat]
2025-02-28 15:32:50 INFO  [restartedMain] o.a.catalina.core.StandardEngine - Starting Servlet engine: [Apache Tomcat/10.1.36]
2025-02-28 15:32:50 INFO  [restartedMain] o.a.c.c.C.[Tomcat].[localhost].[/] - Initializing Spring embedded WebApplicationContext
2025-02-28 15:32:50 INFO  [restartedMain] o.s.b.w.s.c.ServletWebServerApplicationContext - Root WebApplicationContext: initialization completed in 185 ms
2025-02-28 15:32:50 DEBUG [restartedMain] d.binz.reference.filter.CustomFilter - ==============
2025-02-28 15:32:50 DEBUG [restartedMain] d.binz.reference.filter.CustomFilter - ==============
2025-02-28 15:32:50 INFO  [restartedMain] o.s.b.d.a.OptionalLiveReloadServer - LiveReload server is running on port 35729
2025-02-28 15:32:50 INFO  [restartedMain] o.a.coyote.http11.Http11NioProtocol - Starting ProtocolHandler ["http-nio-8080"]
2025-02-28 15:32:50 INFO  [restartedMain] o.s.b.w.e.tomcat.TomcatWebServer - Tomcat started on port 8080 (http) with context path '/'
2025-02-28 15:32:50 INFO  [restartedMain] d.b.reference.ReferenceApplication - Started ReferenceApplication in 0.286 seconds (process running for 436.962)
2025-02-28 15:32:50 INFO  [restartedMain] d.b.reference.ReferenceApplication - Started ReferenceApplication in 0.286 seconds (process running for 436.962)
2025-02-28 15:32:50 INFO  [restartedMain] o.s.b.d.a.ConditionEvaluationDeltaLoggingListener - Condition evaluation unchanged
2025-02-28 15:32:59 INFO  [http-nio-8080-exec-1] o.a.c.c.C.[Tomcat].[localhost].[/] - Initializing Spring DispatcherServlet 'dispatcherServlet'
2025-02-28 15:32:59 INFO  [http-nio-8080-exec-1] o.s.web.servlet.DispatcherServlet - Initializing Servlet 'dispatcherServlet'
2025-02-28 15:32:59 INFO  [http-nio-8080-exec-1] o.s.web.servlet.DispatcherServlet - Completed initialization in 2 ms
2025-02-28 15:32:59 DEBUG [http-nio-8080-exec-1] d.b.r.adapter.CustomAdviceAdapter - aaaaaaaaaaaaaaaaaaaaaaaaaaaaaaaaaaaaaaaaaaaa1
2025-02-28 15:32:59 DEBUG [http-nio-8080-exec-1] d.b.r.adapter.CustomAdviceAdapter - aaaaaaaaaaaaaaaaaaaaaaaaaaaaaaaaaaaaaaaaaaaa1
2025-02-28 15:32:59 DEBUG [http-nio-8080-exec-1] d.b.r.adapter.CustomAdviceAdapter - =============
2025-02-28 15:32:59 DEBUG [http-nio-8080-exec-1] d.b.r.adapter.CustomAdviceAdapter - =============
2025-02-28 15:32:59 DEBUG [http-nio-8080-exec-1] d.b.r.adapter.CustomAdviceAdapter - aaaaaaaaaaaaaaaaaaaaaaaaaaaaaaaaaaaaaaaaaaaa1
2025-02-28 15:32:59 DEBUG [http-nio-8080-exec-1] d.b.r.adapter.CustomAdviceAdapter - aaaaaaaaaaaaaaaaaaaaaaaaaaaaaaaaaaaaaaaaaaaa1
2025-02-28 15:32:59 DEBUG [http-nio-8080-exec-1] d.b.r.adapter.CustomAdviceAdapter - =============
2025-02-28 15:32:59 DEBUG [http-nio-8080-exec-1] d.b.r.adapter.CustomAdviceAdapter - =============
2025-02-28 15:32:59 DEBUG [http-nio-8080-exec-1] d.b.r.adapter.CustomAdviceAdapter - ddddddddddddddddddddddddddddddd
2025-02-28 15:32:59 DEBUG [http-nio-8080-exec-1] d.b.r.adapter.CustomAdviceAdapter - ddddddddddddddddddddddddddddddd
2025-02-28 15:32:59 DEBUG [http-nio-8080-exec-1] d.b.r.u.c.UserRestController - createUser
2025-02-28 15:32:59 DEBUG [http-nio-8080-exec-1] d.b.r.u.c.UserRestController - createUser
2025-02-28 15:33:24 INFO  [File Watcher] o.s.b.d.a.LocalDevToolsAutoConfiguration$RestartingClassPathChangeChangedEventListener - Restarting due to 1 class path change (0 additions, 0 deletions, 1 modification)
2025-02-28 15:33:24 INFO  [Thread-31] o.s.b.w.e.tomcat.GracefulShutdown - Commencing graceful shutdown. Waiting for active requests to complete
2025-02-28 15:33:24 INFO  [tomcat-shutdown] o.a.coyote.http11.Http11NioProtocol - Pausing ProtocolHandler ["http-nio-8080"]
2025-02-28 15:33:24 INFO  [tomcat-shutdown] o.s.b.w.e.tomcat.GracefulShutdown - Graceful shutdown complete
2025-02-28 15:33:24 INFO  [Thread-31] o.a.coyote.http11.Http11NioProtocol - Stopping ProtocolHandler ["http-nio-8080"]
2025-02-28 15:33:24 DEBUG [Thread-31] d.binz.reference.filter.CustomFilter - ==============
2025-02-28 15:33:24 DEBUG [Thread-31] d.binz.reference.filter.CustomFilter - ==============
2025-02-28 15:33:24 INFO  [restartedMain] d.b.reference.ReferenceApplication - Starting ReferenceApplication using Java 22.0.1 with PID 13704 (C:\DEV_SRC\eclipse\Reference\target\classes started by sonzw in C:\DEV_SRC\eclipse\Reference)
2025-02-28 15:33:24 INFO  [restartedMain] d.b.reference.ReferenceApplication - Starting ReferenceApplication using Java 22.0.1 with PID 13704 (C:\DEV_SRC\eclipse\Reference\target\classes started by sonzw in C:\DEV_SRC\eclipse\Reference)
2025-02-28 15:33:24 DEBUG [restartedMain] d.b.reference.ReferenceApplication - Running with Spring Boot v3.4.3, Spring v6.2.3
2025-02-28 15:33:24 DEBUG [restartedMain] d.b.reference.ReferenceApplication - Running with Spring Boot v3.4.3, Spring v6.2.3
2025-02-28 15:33:24 INFO  [restartedMain] d.b.reference.ReferenceApplication - No active profile set, falling back to 1 default profile: "default"
2025-02-28 15:33:24 INFO  [restartedMain] d.b.reference.ReferenceApplication - No active profile set, falling back to 1 default profile: "default"
2025-02-28 15:33:25 INFO  [restartedMain] o.s.b.w.e.tomcat.TomcatWebServer - Tomcat initialized with port 8080 (http)
2025-02-28 15:33:25 INFO  [restartedMain] o.a.coyote.http11.Http11NioProtocol - Initializing ProtocolHandler ["http-nio-8080"]
2025-02-28 15:33:25 INFO  [restartedMain] o.a.catalina.core.StandardService - Starting service [Tomcat]
2025-02-28 15:33:25 INFO  [restartedMain] o.a.catalina.core.StandardEngine - Starting Servlet engine: [Apache Tomcat/10.1.36]
2025-02-28 15:33:25 INFO  [restartedMain] o.a.c.c.C.[Tomcat].[localhost].[/] - Initializing Spring embedded WebApplicationContext
2025-02-28 15:33:25 INFO  [restartedMain] o.s.b.w.s.c.ServletWebServerApplicationContext - Root WebApplicationContext: initialization completed in 187 ms
2025-02-28 15:33:25 DEBUG [restartedMain] d.binz.reference.filter.CustomFilter - ==============
2025-02-28 15:33:25 DEBUG [restartedMain] d.binz.reference.filter.CustomFilter - ==============
2025-02-28 15:33:25 DEBUG [restartedMain] d.binz.reference.filter.CustomFilter - ==============
2025-02-28 15:33:25 DEBUG [restartedMain] d.binz.reference.filter.CustomFilter - ==============
2025-02-28 15:33:25 INFO  [restartedMain] o.s.b.d.a.OptionalLiveReloadServer - LiveReload server is running on port 35729
2025-02-28 15:33:25 INFO  [restartedMain] o.a.coyote.http11.Http11NioProtocol - Starting ProtocolHandler ["http-nio-8080"]
2025-02-28 15:33:25 INFO  [restartedMain] o.s.b.w.e.tomcat.TomcatWebServer - Tomcat started on port 8080 (http) with context path '/'
2025-02-28 15:33:25 INFO  [restartedMain] d.b.reference.ReferenceApplication - Started ReferenceApplication in 0.286 seconds (process running for 471.46)
2025-02-28 15:33:25 INFO  [restartedMain] d.b.reference.ReferenceApplication - Started ReferenceApplication in 0.286 seconds (process running for 471.46)
2025-02-28 15:33:25 INFO  [restartedMain] o.s.b.d.a.ConditionEvaluationDeltaLoggingListener - Condition evaluation unchanged
2025-02-28 15:33:32 INFO  [http-nio-8080-exec-2] o.a.c.c.C.[Tomcat].[localhost].[/] - Initializing Spring DispatcherServlet 'dispatcherServlet'
2025-02-28 15:33:32 INFO  [http-nio-8080-exec-2] o.s.web.servlet.DispatcherServlet - Initializing Servlet 'dispatcherServlet'
2025-02-28 15:33:32 INFO  [http-nio-8080-exec-2] o.s.web.servlet.DispatcherServlet - Completed initialization in 1 ms
2025-02-28 15:33:32 DEBUG [http-nio-8080-exec-2] d.binz.reference.filter.CustomFilter - ============== doFilter 전
2025-02-28 15:33:32 DEBUG [http-nio-8080-exec-2] d.binz.reference.filter.CustomFilter - ============== doFilter 전
2025-02-28 15:33:32 DEBUG [http-nio-8080-exec-2] d.b.r.adapter.CustomAdviceAdapter - aaaaaaaaaaaaaaaaaaaaaaaaaaaaaaaaaaaaaaaaaaaa1
2025-02-28 15:33:32 DEBUG [http-nio-8080-exec-2] d.b.r.adapter.CustomAdviceAdapter - aaaaaaaaaaaaaaaaaaaaaaaaaaaaaaaaaaaaaaaaaaaa1
2025-02-28 15:33:32 DEBUG [http-nio-8080-exec-2] d.b.r.adapter.CustomAdviceAdapter - =============
2025-02-28 15:33:32 DEBUG [http-nio-8080-exec-2] d.b.r.adapter.CustomAdviceAdapter - =============
2025-02-28 15:33:32 DEBUG [http-nio-8080-exec-2] d.b.r.adapter.CustomAdviceAdapter - aaaaaaaaaaaaaaaaaaaaaaaaaaaaaaaaaaaaaaaaaaaa1
2025-02-28 15:33:32 DEBUG [http-nio-8080-exec-2] d.b.r.adapter.CustomAdviceAdapter - aaaaaaaaaaaaaaaaaaaaaaaaaaaaaaaaaaaaaaaaaaaa1
2025-02-28 15:33:32 DEBUG [http-nio-8080-exec-2] d.b.r.adapter.CustomAdviceAdapter - =============
2025-02-28 15:33:32 DEBUG [http-nio-8080-exec-2] d.b.r.adapter.CustomAdviceAdapter - =============
2025-02-28 15:33:32 DEBUG [http-nio-8080-exec-2] d.b.r.adapter.CustomAdviceAdapter - ddddddddddddddddddddddddddddddd
2025-02-28 15:33:32 DEBUG [http-nio-8080-exec-2] d.b.r.adapter.CustomAdviceAdapter - ddddddddddddddddddddddddddddddd
2025-02-28 15:33:32 DEBUG [http-nio-8080-exec-2] d.b.r.u.c.UserRestController - createUser
2025-02-28 15:33:32 DEBUG [http-nio-8080-exec-2] d.b.r.u.c.UserRestController - createUser
2025-02-28 15:33:32 DEBUG [http-nio-8080-exec-2] d.binz.reference.filter.CustomFilter - ============== doFilter 후
2025-02-28 15:33:32 DEBUG [http-nio-8080-exec-2] d.binz.reference.filter.CustomFilter - ============== doFilter 후
2025-02-28 15:37:37 INFO  [RMI TCP Connection(38)-127.0.0.1] o.s.b.a.SpringApplicationAdminMXBeanRegistrar$SpringApplicationAdmin - Application shutdown requested.
2025-02-28 15:37:37 INFO  [RMI TCP Connection(38)-127.0.0.1] o.s.b.w.e.tomcat.GracefulShutdown - Commencing graceful shutdown. Waiting for active requests to complete
2025-02-28 15:37:37 INFO  [tomcat-shutdown] o.a.coyote.http11.Http11NioProtocol - Pausing ProtocolHandler ["http-nio-8080"]
2025-02-28 15:37:37 INFO  [tomcat-shutdown] o.s.b.w.e.tomcat.GracefulShutdown - Graceful shutdown complete
2025-02-28 15:37:37 INFO  [RMI TCP Connection(38)-127.0.0.1] o.a.coyote.http11.Http11NioProtocol - Stopping ProtocolHandler ["http-nio-8080"]
2025-02-28 15:37:37 DEBUG [RMI TCP Connection(38)-127.0.0.1] d.binz.reference.filter.CustomFilter - ==============
2025-02-28 15:37:37 DEBUG [RMI TCP Connection(38)-127.0.0.1] d.binz.reference.filter.CustomFilter - ==============
2025-02-28 15:37:37 DEBUG [RMI TCP Connection(38)-127.0.0.1] d.binz.reference.filter.CustomFilter - ==============
2025-02-28 15:37:37 DEBUG [RMI TCP Connection(38)-127.0.0.1] d.binz.reference.filter.CustomFilter - ==============
2025-02-28 15:42:32 INFO  [background-preinit] o.h.validator.internal.util.Version - HV000001: Hibernate Validator 8.0.2.Final
2025-02-28 15:42:32 INFO  [main] d.b.R.ReferenceApplicationTests - Starting ReferenceApplicationTests using Java 22.0.1 with PID 3800 (started by sonzw in C:\DEV_SRC\eclipse\Reference)
2025-02-28 15:42:32 INFO  [main] d.b.R.ReferenceApplicationTests - No active profile set, falling back to 1 default profile: "default"
2025-02-28 15:42:34 INFO  [main] d.b.R.ReferenceApplicationTests - Started ReferenceApplicationTests in 2.599 seconds (process running for 3.973)
2025-02-28 15:42:43 INFO  [background-preinit] o.h.validator.internal.util.Version - HV000001: Hibernate Validator 8.0.2.Final
2025-02-28 15:42:43 INFO  [restartedMain] d.b.reference.ReferenceApplication - Starting ReferenceApplication using Java 22.0.1 with PID 2596 (C:\DEV_SRC\eclipse\Reference\target\classes started by sonzw in C:\DEV_SRC\eclipse\Reference)
2025-02-28 15:42:43 INFO  [restartedMain] d.b.reference.ReferenceApplication - Starting ReferenceApplication using Java 22.0.1 with PID 2596 (C:\DEV_SRC\eclipse\Reference\target\classes started by sonzw in C:\DEV_SRC\eclipse\Reference)
2025-02-28 15:42:43 DEBUG [restartedMain] d.b.reference.ReferenceApplication - Running with Spring Boot v3.4.3, Spring v6.2.3
2025-02-28 15:42:43 DEBUG [restartedMain] d.b.reference.ReferenceApplication - Running with Spring Boot v3.4.3, Spring v6.2.3
2025-02-28 15:42:43 INFO  [restartedMain] d.b.reference.ReferenceApplication - No active profile set, falling back to 1 default profile: "default"
2025-02-28 15:42:43 INFO  [restartedMain] d.b.reference.ReferenceApplication - No active profile set, falling back to 1 default profile: "default"
2025-02-28 15:42:43 INFO  [restartedMain] o.s.b.d.e.DevToolsPropertyDefaultsPostProcessor - Devtools property defaults active! Set 'spring.devtools.add-properties' to 'false' to disable
2025-02-28 15:42:43 INFO  [restartedMain] o.s.b.d.e.DevToolsPropertyDefaultsPostProcessor - For additional web related logging consider setting the 'logging.level.web' property to 'DEBUG'
2025-02-28 15:42:44 INFO  [restartedMain] o.s.b.w.e.tomcat.TomcatWebServer - Tomcat initialized with port 8080 (http)
2025-02-28 15:42:44 INFO  [restartedMain] o.a.coyote.http11.Http11NioProtocol - Initializing ProtocolHandler ["http-nio-8080"]
2025-02-28 15:42:44 INFO  [restartedMain] o.a.catalina.core.StandardService - Starting service [Tomcat]
2025-02-28 15:42:44 INFO  [restartedMain] o.a.catalina.core.StandardEngine - Starting Servlet engine: [Apache Tomcat/10.1.36]
2025-02-28 15:42:44 INFO  [restartedMain] o.a.c.c.C.[Tomcat].[localhost].[/] - Initializing Spring embedded WebApplicationContext
2025-02-28 15:42:44 INFO  [restartedMain] o.s.b.w.s.c.ServletWebServerApplicationContext - Root WebApplicationContext: initialization completed in 1091 ms
2025-02-28 15:42:44 DEBUG [restartedMain] d.binz.reference.filter.CustomFilter - ==============
2025-02-28 15:42:44 DEBUG [restartedMain] d.binz.reference.filter.CustomFilter - ==============
2025-02-28 15:42:44 DEBUG [restartedMain] d.binz.reference.filter.CustomFilter - ==============
2025-02-28 15:42:44 DEBUG [restartedMain] d.binz.reference.filter.CustomFilter - ==============
2025-02-28 15:42:44 INFO  [restartedMain] o.s.b.d.a.OptionalLiveReloadServer - LiveReload server is running on port 35729
2025-02-28 15:42:44 INFO  [restartedMain] o.a.coyote.http11.Http11NioProtocol - Starting ProtocolHandler ["http-nio-8080"]
2025-02-28 15:42:44 INFO  [restartedMain] o.s.b.w.e.tomcat.TomcatWebServer - Tomcat started on port 8080 (http) with context path '/'
2025-02-28 15:42:44 INFO  [restartedMain] d.b.reference.ReferenceApplication - Started ReferenceApplication in 2.115 seconds (process running for 2.822)
2025-02-28 15:42:44 INFO  [restartedMain] d.b.reference.ReferenceApplication - Started ReferenceApplication in 2.115 seconds (process running for 2.822)
2025-02-28 15:42:49 INFO  [http-nio-8080-exec-2] o.a.c.c.C.[Tomcat].[localhost].[/] - Initializing Spring DispatcherServlet 'dispatcherServlet'
2025-02-28 15:42:49 INFO  [http-nio-8080-exec-2] o.s.web.servlet.DispatcherServlet - Initializing Servlet 'dispatcherServlet'
2025-02-28 15:42:49 INFO  [http-nio-8080-exec-2] o.s.web.servlet.DispatcherServlet - Completed initialization in 1 ms
2025-02-28 15:42:49 DEBUG [http-nio-8080-exec-2] d.binz.reference.filter.CustomFilter - ============== doFilter 전
2025-02-28 15:42:49 DEBUG [http-nio-8080-exec-2] d.binz.reference.filter.CustomFilter - ============== doFilter 전
2025-02-28 15:42:49 DEBUG [http-nio-8080-exec-2] d.b.r.adapter.CustomAdviceAdapter - aaaaaaaaaaaaaaaaaaaaaaaaaaaaaaaaaaaaaaaaaaaa1
2025-02-28 15:42:49 DEBUG [http-nio-8080-exec-2] d.b.r.adapter.CustomAdviceAdapter - aaaaaaaaaaaaaaaaaaaaaaaaaaaaaaaaaaaaaaaaaaaa1
2025-02-28 15:42:49 DEBUG [http-nio-8080-exec-2] d.b.r.adapter.CustomAdviceAdapter - =============
2025-02-28 15:42:49 DEBUG [http-nio-8080-exec-2] d.b.r.adapter.CustomAdviceAdapter - =============
2025-02-28 15:42:49 DEBUG [http-nio-8080-exec-2] d.b.r.adapter.CustomAdviceAdapter - aaaaaaaaaaaaaaaaaaaaaaaaaaaaaaaaaaaaaaaaaaaa1
2025-02-28 15:42:49 DEBUG [http-nio-8080-exec-2] d.b.r.adapter.CustomAdviceAdapter - aaaaaaaaaaaaaaaaaaaaaaaaaaaaaaaaaaaaaaaaaaaa1
2025-02-28 15:42:49 DEBUG [http-nio-8080-exec-2] d.b.r.adapter.CustomAdviceAdapter - =============
2025-02-28 15:42:49 DEBUG [http-nio-8080-exec-2] d.b.r.adapter.CustomAdviceAdapter - =============
2025-02-28 15:42:49 DEBUG [http-nio-8080-exec-2] d.b.r.adapter.CustomAdviceAdapter - ddddddddddddddddddddddddddddddd
2025-02-28 15:42:49 DEBUG [http-nio-8080-exec-2] d.b.r.adapter.CustomAdviceAdapter - ddddddddddddddddddddddddddddddd
2025-02-28 15:42:49 DEBUG [http-nio-8080-exec-2] d.b.r.u.c.UserRestController - createUser
2025-02-28 15:42:49 DEBUG [http-nio-8080-exec-2] d.b.r.u.c.UserRestController - createUser
2025-02-28 15:42:49 DEBUG [http-nio-8080-exec-2] d.binz.reference.filter.CustomFilter - ============== doFilter 후
2025-02-28 15:42:49 DEBUG [http-nio-8080-exec-2] d.binz.reference.filter.CustomFilter - ============== doFilter 후
2025-02-28 15:43:15 INFO  [File Watcher] o.s.b.d.a.LocalDevToolsAutoConfiguration$RestartingClassPathChangeChangedEventListener - Restarting due to 1 class path change (0 additions, 0 deletions, 1 modification)
2025-02-28 15:43:15 INFO  [Thread-5] o.s.b.w.e.tomcat.GracefulShutdown - Commencing graceful shutdown. Waiting for active requests to complete
2025-02-28 15:43:15 INFO  [tomcat-shutdown] o.a.coyote.http11.Http11NioProtocol - Pausing ProtocolHandler ["http-nio-8080"]
2025-02-28 15:43:15 INFO  [tomcat-shutdown] o.s.b.w.e.tomcat.GracefulShutdown - Graceful shutdown complete
2025-02-28 15:43:15 INFO  [Thread-5] o.a.coyote.http11.Http11NioProtocol - Stopping ProtocolHandler ["http-nio-8080"]
2025-02-28 15:43:15 DEBUG [Thread-5] d.binz.reference.filter.CustomFilter - ==============
2025-02-28 15:43:15 DEBUG [Thread-5] d.binz.reference.filter.CustomFilter - ==============
2025-02-28 15:43:15 DEBUG [Thread-5] d.binz.reference.filter.CustomFilter - ==============
2025-02-28 15:43:15 DEBUG [Thread-5] d.binz.reference.filter.CustomFilter - ==============
2025-02-28 15:43:16 INFO  [restartedMain] d.b.reference.ReferenceApplication - Starting ReferenceApplication using Java 22.0.1 with PID 2596 (C:\DEV_SRC\eclipse\Reference\target\classes started by sonzw in C:\DEV_SRC\eclipse\Reference)
2025-02-28 15:43:16 INFO  [restartedMain] d.b.reference.ReferenceApplication - Starting ReferenceApplication using Java 22.0.1 with PID 2596 (C:\DEV_SRC\eclipse\Reference\target\classes started by sonzw in C:\DEV_SRC\eclipse\Reference)
2025-02-28 15:43:16 DEBUG [restartedMain] d.b.reference.ReferenceApplication - Running with Spring Boot v3.4.3, Spring v6.2.3
2025-02-28 15:43:16 DEBUG [restartedMain] d.b.reference.ReferenceApplication - Running with Spring Boot v3.4.3, Spring v6.2.3
2025-02-28 15:43:16 INFO  [restartedMain] d.b.reference.ReferenceApplication - No active profile set, falling back to 1 default profile: "default"
2025-02-28 15:43:16 INFO  [restartedMain] d.b.reference.ReferenceApplication - No active profile set, falling back to 1 default profile: "default"
2025-02-28 15:43:16 INFO  [restartedMain] o.s.b.w.e.tomcat.TomcatWebServer - Tomcat initialized with port 8080 (http)
2025-02-28 15:43:16 INFO  [restartedMain] o.a.coyote.http11.Http11NioProtocol - Initializing ProtocolHandler ["http-nio-8080"]
2025-02-28 15:43:16 INFO  [restartedMain] o.a.catalina.core.StandardService - Starting service [Tomcat]
2025-02-28 15:43:16 INFO  [restartedMain] o.a.catalina.core.StandardEngine - Starting Servlet engine: [Apache Tomcat/10.1.36]
2025-02-28 15:43:16 INFO  [restartedMain] o.a.c.c.C.[Tomcat].[localhost].[/] - Initializing Spring embedded WebApplicationContext
2025-02-28 15:43:16 INFO  [restartedMain] o.s.b.w.s.c.ServletWebServerApplicationContext - Root WebApplicationContext: initialization completed in 234 ms
2025-02-28 15:43:16 DEBUG [restartedMain] d.binz.reference.filter.CustomFilter - ==============
2025-02-28 15:43:16 DEBUG [restartedMain] d.binz.reference.filter.CustomFilter - ==============
2025-02-28 15:43:16 DEBUG [restartedMain] d.binz.reference.filter.CustomFilter - ==============
2025-02-28 15:43:16 DEBUG [restartedMain] d.binz.reference.filter.CustomFilter - ==============
2025-02-28 15:43:16 INFO  [restartedMain] o.s.b.d.a.OptionalLiveReloadServer - LiveReload server is running on port 35729
2025-02-28 15:43:16 INFO  [restartedMain] o.a.coyote.http11.Http11NioProtocol - Starting ProtocolHandler ["http-nio-8080"]
2025-02-28 15:43:16 INFO  [restartedMain] o.s.b.w.e.tomcat.TomcatWebServer - Tomcat started on port 8080 (http) with context path '/'
2025-02-28 15:43:16 INFO  [restartedMain] d.b.reference.ReferenceApplication - Started ReferenceApplication in 0.368 seconds (process running for 34.246)
2025-02-28 15:43:16 INFO  [restartedMain] d.b.reference.ReferenceApplication - Started ReferenceApplication in 0.368 seconds (process running for 34.246)
2025-02-28 15:43:16 INFO  [restartedMain] o.s.b.d.a.ConditionEvaluationDeltaLoggingListener - Condition evaluation unchanged
2025-02-28 15:43:54 INFO  [File Watcher] o.s.b.d.a.LocalDevToolsAutoConfiguration$RestartingClassPathChangeChangedEventListener - Restarting due to 2 class path changes (0 additions, 0 deletions, 2 modifications)
2025-02-28 15:43:54 INFO  [Thread-7] o.s.b.w.e.tomcat.GracefulShutdown - Commencing graceful shutdown. Waiting for active requests to complete
2025-02-28 15:43:54 INFO  [tomcat-shutdown] o.a.coyote.http11.Http11NioProtocol - Pausing ProtocolHandler ["http-nio-8080"]
2025-02-28 15:43:54 INFO  [tomcat-shutdown] o.s.b.w.e.tomcat.GracefulShutdown - Graceful shutdown complete
2025-02-28 15:43:54 INFO  [Thread-7] o.a.coyote.http11.Http11NioProtocol - Stopping ProtocolHandler ["http-nio-8080"]
2025-02-28 15:43:54 DEBUG [Thread-7] d.binz.reference.filter.CustomFilter - ==============
2025-02-28 15:43:54 DEBUG [Thread-7] d.binz.reference.filter.CustomFilter - ==============
2025-02-28 15:43:54 DEBUG [Thread-7] d.binz.reference.filter.CustomFilter - ==============
2025-02-28 15:43:54 DEBUG [Thread-7] d.binz.reference.filter.CustomFilter - ==============
2025-02-28 15:43:54 INFO  [restartedMain] d.b.reference.ReferenceApplication - Starting ReferenceApplication using Java 22.0.1 with PID 2596 (C:\DEV_SRC\eclipse\Reference\target\classes started by sonzw in C:\DEV_SRC\eclipse\Reference)
2025-02-28 15:43:54 INFO  [restartedMain] d.b.reference.ReferenceApplication - Starting ReferenceApplication using Java 22.0.1 with PID 2596 (C:\DEV_SRC\eclipse\Reference\target\classes started by sonzw in C:\DEV_SRC\eclipse\Reference)
2025-02-28 15:43:54 DEBUG [restartedMain] d.b.reference.ReferenceApplication - Running with Spring Boot v3.4.3, Spring v6.2.3
2025-02-28 15:43:54 DEBUG [restartedMain] d.b.reference.ReferenceApplication - Running with Spring Boot v3.4.3, Spring v6.2.3
2025-02-28 15:43:54 INFO  [restartedMain] d.b.reference.ReferenceApplication - No active profile set, falling back to 1 default profile: "default"
2025-02-28 15:43:54 INFO  [restartedMain] d.b.reference.ReferenceApplication - No active profile set, falling back to 1 default profile: "default"
2025-02-28 15:43:54 INFO  [restartedMain] o.s.b.w.e.tomcat.TomcatWebServer - Tomcat initialized with port 8080 (http)
2025-02-28 15:43:54 INFO  [restartedMain] o.a.coyote.http11.Http11NioProtocol - Initializing ProtocolHandler ["http-nio-8080"]
2025-02-28 15:43:54 INFO  [restartedMain] o.a.catalina.core.StandardService - Starting service [Tomcat]
2025-02-28 15:43:54 INFO  [restartedMain] o.a.catalina.core.StandardEngine - Starting Servlet engine: [Apache Tomcat/10.1.36]
2025-02-28 15:43:54 INFO  [restartedMain] o.a.c.c.C.[Tomcat].[localhost].[/] - Initializing Spring embedded WebApplicationContext
2025-02-28 15:43:54 INFO  [restartedMain] o.s.b.w.s.c.ServletWebServerApplicationContext - Root WebApplicationContext: initialization completed in 210 ms
2025-02-28 15:43:54 DEBUG [restartedMain] d.binz.reference.filter.CustomFilter - ==============
2025-02-28 15:43:54 DEBUG [restartedMain] d.binz.reference.filter.CustomFilter - ==============
2025-02-28 15:43:54 DEBUG [restartedMain] d.binz.reference.filter.CustomFilter - ==============
2025-02-28 15:43:54 DEBUG [restartedMain] d.binz.reference.filter.CustomFilter - ==============
2025-02-28 15:43:54 INFO  [restartedMain] o.s.b.d.a.OptionalLiveReloadServer - LiveReload server is running on port 35729
2025-02-28 15:43:54 INFO  [restartedMain] o.a.coyote.http11.Http11NioProtocol - Starting ProtocolHandler ["http-nio-8080"]
2025-02-28 15:43:54 INFO  [restartedMain] o.s.b.w.e.tomcat.TomcatWebServer - Tomcat started on port 8080 (http) with context path '/'
2025-02-28 15:43:54 INFO  [restartedMain] d.b.reference.ReferenceApplication - Started ReferenceApplication in 0.332 seconds (process running for 72.821)
2025-02-28 15:43:54 INFO  [restartedMain] d.b.reference.ReferenceApplication - Started ReferenceApplication in 0.332 seconds (process running for 72.821)
2025-02-28 15:43:54 INFO  [restartedMain] o.s.b.d.a.ConditionEvaluationDeltaLoggingListener - Condition evaluation unchanged
2025-02-28 15:44:50 INFO  [File Watcher] o.s.b.d.a.LocalDevToolsAutoConfiguration$RestartingClassPathChangeChangedEventListener - Restarting due to 1 class path change (0 additions, 0 deletions, 1 modification)
2025-02-28 15:44:50 INFO  [Thread-11] o.s.b.w.e.tomcat.GracefulShutdown - Commencing graceful shutdown. Waiting for active requests to complete
2025-02-28 15:44:50 INFO  [tomcat-shutdown] o.a.coyote.http11.Http11NioProtocol - Pausing ProtocolHandler ["http-nio-8080"]
2025-02-28 15:44:50 INFO  [tomcat-shutdown] o.s.b.w.e.tomcat.GracefulShutdown - Graceful shutdown complete
2025-02-28 15:44:50 INFO  [Thread-11] o.a.coyote.http11.Http11NioProtocol - Stopping ProtocolHandler ["http-nio-8080"]
2025-02-28 15:44:50 DEBUG [Thread-11] d.binz.reference.filter.CustomFilter - ==============
2025-02-28 15:44:50 DEBUG [Thread-11] d.binz.reference.filter.CustomFilter - ==============
2025-02-28 15:44:50 DEBUG [Thread-11] d.binz.reference.filter.CustomFilter - ==============
2025-02-28 15:44:50 DEBUG [Thread-11] d.binz.reference.filter.CustomFilter - ==============
2025-02-28 15:44:50 INFO  [restartedMain] d.b.reference.ReferenceApplication - Starting ReferenceApplication using Java 22.0.1 with PID 2596 (C:\DEV_SRC\eclipse\Reference\target\classes started by sonzw in C:\DEV_SRC\eclipse\Reference)
2025-02-28 15:44:50 INFO  [restartedMain] d.b.reference.ReferenceApplication - Starting ReferenceApplication using Java 22.0.1 with PID 2596 (C:\DEV_SRC\eclipse\Reference\target\classes started by sonzw in C:\DEV_SRC\eclipse\Reference)
2025-02-28 15:44:50 DEBUG [restartedMain] d.b.reference.ReferenceApplication - Running with Spring Boot v3.4.3, Spring v6.2.3
2025-02-28 15:44:50 DEBUG [restartedMain] d.b.reference.ReferenceApplication - Running with Spring Boot v3.4.3, Spring v6.2.3
2025-02-28 15:44:50 INFO  [restartedMain] d.b.reference.ReferenceApplication - No active profile set, falling back to 1 default profile: "default"
2025-02-28 15:44:50 INFO  [restartedMain] d.b.reference.ReferenceApplication - No active profile set, falling back to 1 default profile: "default"
2025-02-28 15:44:50 INFO  [restartedMain] o.s.b.w.e.tomcat.TomcatWebServer - Tomcat initialized with port 8080 (http)
2025-02-28 15:44:50 INFO  [restartedMain] o.a.coyote.http11.Http11NioProtocol - Initializing ProtocolHandler ["http-nio-8080"]
2025-02-28 15:44:50 INFO  [restartedMain] o.a.catalina.core.StandardService - Starting service [Tomcat]
2025-02-28 15:44:50 INFO  [restartedMain] o.a.catalina.core.StandardEngine - Starting Servlet engine: [Apache Tomcat/10.1.36]
2025-02-28 15:44:50 INFO  [restartedMain] o.a.c.c.C.[Tomcat].[localhost].[/] - Initializing Spring embedded WebApplicationContext
2025-02-28 15:44:50 INFO  [restartedMain] o.s.b.w.s.c.ServletWebServerApplicationContext - Root WebApplicationContext: initialization completed in 204 ms
2025-02-28 15:44:50 DEBUG [restartedMain] d.binz.reference.filter.CustomFilter - ==============
2025-02-28 15:44:50 DEBUG [restartedMain] d.binz.reference.filter.CustomFilter - ==============
2025-02-28 15:44:50 DEBUG [restartedMain] d.binz.reference.filter.CustomFilter - ==============
2025-02-28 15:44:50 DEBUG [restartedMain] d.binz.reference.filter.CustomFilter - ==============
2025-02-28 15:44:50 INFO  [restartedMain] o.s.b.d.a.OptionalLiveReloadServer - LiveReload server is running on port 35729
2025-02-28 15:44:50 INFO  [restartedMain] o.a.coyote.http11.Http11NioProtocol - Starting ProtocolHandler ["http-nio-8080"]
2025-02-28 15:44:50 INFO  [restartedMain] o.s.b.w.e.tomcat.TomcatWebServer - Tomcat started on port 8080 (http) with context path '/'
2025-02-28 15:44:50 INFO  [restartedMain] d.b.reference.ReferenceApplication - Started ReferenceApplication in 0.319 seconds (process running for 128.7)
2025-02-28 15:44:50 INFO  [restartedMain] d.b.reference.ReferenceApplication - Started ReferenceApplication in 0.319 seconds (process running for 128.7)
2025-02-28 15:44:50 INFO  [restartedMain] o.s.b.d.a.ConditionEvaluationDeltaLoggingListener - Condition evaluation unchanged
2025-02-28 15:45:04 INFO  [File Watcher] o.s.b.d.a.LocalDevToolsAutoConfiguration$RestartingClassPathChangeChangedEventListener - Restarting due to 1 class path change (0 additions, 0 deletions, 1 modification)
2025-02-28 15:45:04 INFO  [Thread-15] o.s.b.w.e.tomcat.GracefulShutdown - Commencing graceful shutdown. Waiting for active requests to complete
2025-02-28 15:45:04 INFO  [tomcat-shutdown] o.a.coyote.http11.Http11NioProtocol - Pausing ProtocolHandler ["http-nio-8080"]
2025-02-28 15:45:04 INFO  [tomcat-shutdown] o.s.b.w.e.tomcat.GracefulShutdown - Graceful shutdown complete
2025-02-28 15:45:04 INFO  [Thread-15] o.a.coyote.http11.Http11NioProtocol - Stopping ProtocolHandler ["http-nio-8080"]
2025-02-28 15:45:04 DEBUG [Thread-15] d.binz.reference.filter.CustomFilter - ==============
2025-02-28 15:45:04 DEBUG [Thread-15] d.binz.reference.filter.CustomFilter - ==============
2025-02-28 15:45:04 DEBUG [Thread-15] d.binz.reference.filter.CustomFilter - ==============
2025-02-28 15:45:04 DEBUG [Thread-15] d.binz.reference.filter.CustomFilter - ==============
2025-02-28 15:45:04 INFO  [restartedMain] d.b.reference.ReferenceApplication - Starting ReferenceApplication using Java 22.0.1 with PID 2596 (C:\DEV_SRC\eclipse\Reference\target\classes started by sonzw in C:\DEV_SRC\eclipse\Reference)
2025-02-28 15:45:04 INFO  [restartedMain] d.b.reference.ReferenceApplication - Starting ReferenceApplication using Java 22.0.1 with PID 2596 (C:\DEV_SRC\eclipse\Reference\target\classes started by sonzw in C:\DEV_SRC\eclipse\Reference)
2025-02-28 15:45:04 DEBUG [restartedMain] d.b.reference.ReferenceApplication - Running with Spring Boot v3.4.3, Spring v6.2.3
2025-02-28 15:45:04 DEBUG [restartedMain] d.b.reference.ReferenceApplication - Running with Spring Boot v3.4.3, Spring v6.2.3
2025-02-28 15:45:04 INFO  [restartedMain] d.b.reference.ReferenceApplication - No active profile set, falling back to 1 default profile: "default"
2025-02-28 15:45:04 INFO  [restartedMain] d.b.reference.ReferenceApplication - No active profile set, falling back to 1 default profile: "default"
2025-02-28 15:45:04 INFO  [restartedMain] o.s.b.w.e.tomcat.TomcatWebServer - Tomcat initialized with port 8080 (http)
2025-02-28 15:45:04 INFO  [restartedMain] o.a.coyote.http11.Http11NioProtocol - Initializing ProtocolHandler ["http-nio-8080"]
2025-02-28 15:45:04 INFO  [restartedMain] o.a.catalina.core.StandardService - Starting service [Tomcat]
2025-02-28 15:45:04 INFO  [restartedMain] o.a.catalina.core.StandardEngine - Starting Servlet engine: [Apache Tomcat/10.1.36]
2025-02-28 15:45:04 INFO  [restartedMain] o.a.c.c.C.[Tomcat].[localhost].[/] - Initializing Spring embedded WebApplicationContext
2025-02-28 15:45:04 INFO  [restartedMain] o.s.b.w.s.c.ServletWebServerApplicationContext - Root WebApplicationContext: initialization completed in 218 ms
2025-02-28 15:45:04 DEBUG [restartedMain] d.binz.reference.filter.CustomFilter - ==============
2025-02-28 15:45:04 DEBUG [restartedMain] d.binz.reference.filter.CustomFilter - ==============
2025-02-28 15:45:04 DEBUG [restartedMain] d.binz.reference.filter.CustomFilter - ==============
2025-02-28 15:45:04 DEBUG [restartedMain] d.binz.reference.filter.CustomFilter - ==============
2025-02-28 15:45:04 INFO  [restartedMain] o.s.b.d.a.OptionalLiveReloadServer - LiveReload server is running on port 35729
2025-02-28 15:45:04 INFO  [restartedMain] o.a.coyote.http11.Http11NioProtocol - Starting ProtocolHandler ["http-nio-8080"]
2025-02-28 15:45:04 INFO  [restartedMain] o.s.b.w.e.tomcat.TomcatWebServer - Tomcat started on port 8080 (http) with context path '/'
2025-02-28 15:45:04 INFO  [restartedMain] d.b.reference.ReferenceApplication - Started ReferenceApplication in 0.341 seconds (process running for 142.786)
2025-02-28 15:45:04 INFO  [restartedMain] d.b.reference.ReferenceApplication - Started ReferenceApplication in 0.341 seconds (process running for 142.786)
2025-02-28 15:45:04 INFO  [restartedMain] o.s.b.d.a.ConditionEvaluationDeltaLoggingListener - Condition evaluation unchanged
2025-02-28 15:45:29 INFO  [File Watcher] o.s.b.d.a.LocalDevToolsAutoConfiguration$RestartingClassPathChangeChangedEventListener - Restarting due to 1 class path change (0 additions, 0 deletions, 1 modification)
2025-02-28 15:45:29 INFO  [Thread-19] o.s.b.w.e.tomcat.GracefulShutdown - Commencing graceful shutdown. Waiting for active requests to complete
2025-02-28 15:45:29 INFO  [tomcat-shutdown] o.a.coyote.http11.Http11NioProtocol - Pausing ProtocolHandler ["http-nio-8080"]
2025-02-28 15:45:29 INFO  [tomcat-shutdown] o.s.b.w.e.tomcat.GracefulShutdown - Graceful shutdown complete
2025-02-28 15:45:29 INFO  [Thread-19] o.a.coyote.http11.Http11NioProtocol - Stopping ProtocolHandler ["http-nio-8080"]
2025-02-28 15:45:29 DEBUG [Thread-19] d.binz.reference.filter.CustomFilter - ==============
2025-02-28 15:45:29 DEBUG [Thread-19] d.binz.reference.filter.CustomFilter - ==============
2025-02-28 15:45:29 DEBUG [Thread-19] d.binz.reference.filter.CustomFilter - ==============
2025-02-28 15:45:29 DEBUG [Thread-19] d.binz.reference.filter.CustomFilter - ==============
2025-02-28 15:45:29 INFO  [restartedMain] d.b.reference.ReferenceApplication - Starting ReferenceApplication using Java 22.0.1 with PID 2596 (C:\DEV_SRC\eclipse\Reference\target\classes started by sonzw in C:\DEV_SRC\eclipse\Reference)
2025-02-28 15:45:29 INFO  [restartedMain] d.b.reference.ReferenceApplication - Starting ReferenceApplication using Java 22.0.1 with PID 2596 (C:\DEV_SRC\eclipse\Reference\target\classes started by sonzw in C:\DEV_SRC\eclipse\Reference)
2025-02-28 15:45:29 DEBUG [restartedMain] d.b.reference.ReferenceApplication - Running with Spring Boot v3.4.3, Spring v6.2.3
2025-02-28 15:45:29 DEBUG [restartedMain] d.b.reference.ReferenceApplication - Running with Spring Boot v3.4.3, Spring v6.2.3
2025-02-28 15:45:29 INFO  [restartedMain] d.b.reference.ReferenceApplication - No active profile set, falling back to 1 default profile: "default"
2025-02-28 15:45:29 INFO  [restartedMain] d.b.reference.ReferenceApplication - No active profile set, falling back to 1 default profile: "default"
2025-02-28 15:45:30 INFO  [restartedMain] o.s.b.w.e.tomcat.TomcatWebServer - Tomcat initialized with port 8080 (http)
2025-02-28 15:45:30 INFO  [restartedMain] o.a.coyote.http11.Http11NioProtocol - Initializing ProtocolHandler ["http-nio-8080"]
2025-02-28 15:45:30 INFO  [restartedMain] o.a.catalina.core.StandardService - Starting service [Tomcat]
2025-02-28 15:45:30 INFO  [restartedMain] o.a.catalina.core.StandardEngine - Starting Servlet engine: [Apache Tomcat/10.1.36]
2025-02-28 15:45:30 INFO  [restartedMain] o.a.c.c.C.[Tomcat].[localhost].[/] - Initializing Spring embedded WebApplicationContext
2025-02-28 15:45:30 INFO  [restartedMain] o.s.b.w.s.c.ServletWebServerApplicationContext - Root WebApplicationContext: initialization completed in 186 ms
2025-02-28 15:45:30 DEBUG [restartedMain] d.binz.reference.filter.CustomFilter - ==============
2025-02-28 15:45:30 DEBUG [restartedMain] d.binz.reference.filter.CustomFilter - ==============
2025-02-28 15:45:30 DEBUG [restartedMain] d.binz.reference.filter.CustomFilter - ==============
2025-02-28 15:45:30 DEBUG [restartedMain] d.binz.reference.filter.CustomFilter - ==============
2025-02-28 15:45:30 INFO  [restartedMain] o.s.b.d.a.OptionalLiveReloadServer - LiveReload server is running on port 35729
2025-02-28 15:45:30 INFO  [restartedMain] o.a.coyote.http11.Http11NioProtocol - Starting ProtocolHandler ["http-nio-8080"]
2025-02-28 15:45:30 INFO  [restartedMain] o.s.b.w.e.tomcat.TomcatWebServer - Tomcat started on port 8080 (http) with context path '/'
2025-02-28 15:45:30 INFO  [restartedMain] d.b.reference.ReferenceApplication - Started ReferenceApplication in 0.288 seconds (process running for 167.996)
2025-02-28 15:45:30 INFO  [restartedMain] d.b.reference.ReferenceApplication - Started ReferenceApplication in 0.288 seconds (process running for 167.996)
2025-02-28 15:45:30 INFO  [restartedMain] o.s.b.d.a.ConditionEvaluationDeltaLoggingListener - Condition evaluation unchanged
2025-02-28 15:45:34 INFO  [http-nio-8080-exec-2] o.a.c.c.C.[Tomcat].[localhost].[/] - Initializing Spring DispatcherServlet 'dispatcherServlet'
2025-02-28 15:45:34 INFO  [http-nio-8080-exec-2] o.s.web.servlet.DispatcherServlet - Initializing Servlet 'dispatcherServlet'
2025-02-28 15:45:34 INFO  [http-nio-8080-exec-2] o.s.web.servlet.DispatcherServlet - Completed initialization in 0 ms
2025-02-28 15:45:34 DEBUG [http-nio-8080-exec-2] d.binz.reference.filter.CustomFilter - ============== doFilter 전
2025-02-28 15:45:34 DEBUG [http-nio-8080-exec-2] d.binz.reference.filter.CustomFilter - ============== doFilter 전
2025-02-28 15:45:34 DEBUG [http-nio-8080-exec-2] d.b.r.adapter.CustomAdviceAdapter - =============
2025-02-28 15:45:34 DEBUG [http-nio-8080-exec-2] d.b.r.adapter.CustomAdviceAdapter - =============
2025-02-28 15:45:34 DEBUG [http-nio-8080-exec-2] d.b.r.adapter.CustomAdviceAdapter - =============
2025-02-28 15:45:34 DEBUG [http-nio-8080-exec-2] d.b.r.adapter.CustomAdviceAdapter - =============
2025-02-28 15:45:34 DEBUG [http-nio-8080-exec-2] d.b.r.adapter.CustomAdviceAdapter - =============
2025-02-28 15:45:34 DEBUG [http-nio-8080-exec-2] d.b.r.adapter.CustomAdviceAdapter - =============
2025-02-28 15:45:34 DEBUG [http-nio-8080-exec-2] d.b.r.u.c.UserRestController - createUser
2025-02-28 15:45:34 DEBUG [http-nio-8080-exec-2] d.b.r.u.c.UserRestController - createUser
2025-02-28 15:45:34 DEBUG [http-nio-8080-exec-2] d.binz.reference.filter.CustomFilter - ============== doFilter 후
2025-02-28 15:45:34 DEBUG [http-nio-8080-exec-2] d.binz.reference.filter.CustomFilter - ============== doFilter 후
2025-02-28 15:46:18 INFO  [File Watcher] o.s.b.d.a.LocalDevToolsAutoConfiguration$RestartingClassPathChangeChangedEventListener - Restarting due to 1 class path change (0 additions, 0 deletions, 1 modification)
2025-02-28 15:46:18 INFO  [Thread-23] o.s.b.w.e.tomcat.GracefulShutdown - Commencing graceful shutdown. Waiting for active requests to complete
2025-02-28 15:46:18 INFO  [tomcat-shutdown] o.a.coyote.http11.Http11NioProtocol - Pausing ProtocolHandler ["http-nio-8080"]
2025-02-28 15:46:18 INFO  [tomcat-shutdown] o.s.b.w.e.tomcat.GracefulShutdown - Graceful shutdown complete
2025-02-28 15:46:18 INFO  [Thread-23] o.a.coyote.http11.Http11NioProtocol - Stopping ProtocolHandler ["http-nio-8080"]
2025-02-28 15:46:18 DEBUG [Thread-23] d.binz.reference.filter.CustomFilter - ==============
2025-02-28 15:46:18 DEBUG [Thread-23] d.binz.reference.filter.CustomFilter - ==============
2025-02-28 15:46:18 DEBUG [Thread-23] d.binz.reference.filter.CustomFilter - ==============
2025-02-28 15:46:18 DEBUG [Thread-23] d.binz.reference.filter.CustomFilter - ==============
2025-02-28 15:46:18 INFO  [restartedMain] d.b.reference.ReferenceApplication - Starting ReferenceApplication using Java 22.0.1 with PID 2596 (C:\DEV_SRC\eclipse\Reference\target\classes started by sonzw in C:\DEV_SRC\eclipse\Reference)
2025-02-28 15:46:18 INFO  [restartedMain] d.b.reference.ReferenceApplication - Starting ReferenceApplication using Java 22.0.1 with PID 2596 (C:\DEV_SRC\eclipse\Reference\target\classes started by sonzw in C:\DEV_SRC\eclipse\Reference)
2025-02-28 15:46:18 DEBUG [restartedMain] d.b.reference.ReferenceApplication - Running with Spring Boot v3.4.3, Spring v6.2.3
2025-02-28 15:46:18 DEBUG [restartedMain] d.b.reference.ReferenceApplication - Running with Spring Boot v3.4.3, Spring v6.2.3
2025-02-28 15:46:18 INFO  [restartedMain] d.b.reference.ReferenceApplication - No active profile set, falling back to 1 default profile: "default"
2025-02-28 15:46:18 INFO  [restartedMain] d.b.reference.ReferenceApplication - No active profile set, falling back to 1 default profile: "default"
2025-02-28 15:46:18 INFO  [restartedMain] o.s.b.w.e.tomcat.TomcatWebServer - Tomcat initialized with port 8080 (http)
2025-02-28 15:46:18 INFO  [restartedMain] o.a.coyote.http11.Http11NioProtocol - Initializing ProtocolHandler ["http-nio-8080"]
2025-02-28 15:46:18 INFO  [restartedMain] o.a.catalina.core.StandardService - Starting service [Tomcat]
2025-02-28 15:46:18 INFO  [restartedMain] o.a.catalina.core.StandardEngine - Starting Servlet engine: [Apache Tomcat/10.1.36]
2025-02-28 15:46:18 INFO  [restartedMain] o.a.c.c.C.[Tomcat].[localhost].[/] - Initializing Spring embedded WebApplicationContext
2025-02-28 15:46:18 INFO  [restartedMain] o.s.b.w.s.c.ServletWebServerApplicationContext - Root WebApplicationContext: initialization completed in 194 ms
2025-02-28 15:46:18 DEBUG [restartedMain] d.binz.reference.filter.CustomFilter - ==============
2025-02-28 15:46:18 DEBUG [restartedMain] d.binz.reference.filter.CustomFilter - ==============
2025-02-28 15:46:18 DEBUG [restartedMain] d.binz.reference.filter.CustomFilter - ==============
2025-02-28 15:46:18 DEBUG [restartedMain] d.binz.reference.filter.CustomFilter - ==============
2025-02-28 15:46:18 INFO  [restartedMain] o.s.b.d.a.OptionalLiveReloadServer - LiveReload server is running on port 35729
2025-02-28 15:46:18 INFO  [restartedMain] o.a.coyote.http11.Http11NioProtocol - Starting ProtocolHandler ["http-nio-8080"]
2025-02-28 15:46:18 INFO  [restartedMain] o.s.b.w.e.tomcat.TomcatWebServer - Tomcat started on port 8080 (http) with context path '/'
2025-02-28 15:46:18 INFO  [restartedMain] d.b.reference.ReferenceApplication - Started ReferenceApplication in 0.299 seconds (process running for 216.662)
2025-02-28 15:46:18 INFO  [restartedMain] d.b.reference.ReferenceApplication - Started ReferenceApplication in 0.299 seconds (process running for 216.662)
2025-02-28 15:46:18 INFO  [restartedMain] o.s.b.d.a.ConditionEvaluationDeltaLoggingListener - Condition evaluation unchanged
2025-02-28 15:46:37 INFO  [File Watcher] o.s.b.d.a.LocalDevToolsAutoConfiguration$RestartingClassPathChangeChangedEventListener - Restarting due to 1 class path change (0 additions, 0 deletions, 1 modification)
2025-02-28 15:46:37 INFO  [Thread-27] o.s.b.w.e.tomcat.GracefulShutdown - Commencing graceful shutdown. Waiting for active requests to complete
2025-02-28 15:46:37 INFO  [tomcat-shutdown] o.a.coyote.http11.Http11NioProtocol - Pausing ProtocolHandler ["http-nio-8080"]
2025-02-28 15:46:37 INFO  [tomcat-shutdown] o.s.b.w.e.tomcat.GracefulShutdown - Graceful shutdown complete
2025-02-28 15:46:37 INFO  [Thread-27] o.a.coyote.http11.Http11NioProtocol - Stopping ProtocolHandler ["http-nio-8080"]
2025-02-28 15:46:37 DEBUG [Thread-27] d.binz.reference.filter.CustomFilter - ==============
2025-02-28 15:46:37 DEBUG [Thread-27] d.binz.reference.filter.CustomFilter - ==============
2025-02-28 15:46:37 DEBUG [Thread-27] d.binz.reference.filter.CustomFilter - ==============
2025-02-28 15:46:37 DEBUG [Thread-27] d.binz.reference.filter.CustomFilter - ==============
2025-02-28 15:46:37 INFO  [restartedMain] d.b.reference.ReferenceApplication - Starting ReferenceApplication using Java 22.0.1 with PID 2596 (C:\DEV_SRC\eclipse\Reference\target\classes started by sonzw in C:\DEV_SRC\eclipse\Reference)
2025-02-28 15:46:37 INFO  [restartedMain] d.b.reference.ReferenceApplication - Starting ReferenceApplication using Java 22.0.1 with PID 2596 (C:\DEV_SRC\eclipse\Reference\target\classes started by sonzw in C:\DEV_SRC\eclipse\Reference)
2025-02-28 15:46:37 DEBUG [restartedMain] d.b.reference.ReferenceApplication - Running with Spring Boot v3.4.3, Spring v6.2.3
2025-02-28 15:46:37 DEBUG [restartedMain] d.b.reference.ReferenceApplication - Running with Spring Boot v3.4.3, Spring v6.2.3
2025-02-28 15:46:37 INFO  [restartedMain] d.b.reference.ReferenceApplication - No active profile set, falling back to 1 default profile: "default"
2025-02-28 15:46:37 INFO  [restartedMain] d.b.reference.ReferenceApplication - No active profile set, falling back to 1 default profile: "default"
2025-02-28 15:46:37 INFO  [restartedMain] o.s.b.w.e.tomcat.TomcatWebServer - Tomcat initialized with port 8080 (http)
2025-02-28 15:46:37 INFO  [restartedMain] o.a.coyote.http11.Http11NioProtocol - Initializing ProtocolHandler ["http-nio-8080"]
2025-02-28 15:46:37 INFO  [restartedMain] o.a.catalina.core.StandardService - Starting service [Tomcat]
2025-02-28 15:46:37 INFO  [restartedMain] o.a.catalina.core.StandardEngine - Starting Servlet engine: [Apache Tomcat/10.1.36]
2025-02-28 15:46:37 INFO  [restartedMain] o.a.c.c.C.[Tomcat].[localhost].[/] - Initializing Spring embedded WebApplicationContext
2025-02-28 15:46:37 INFO  [restartedMain] o.s.b.w.s.c.ServletWebServerApplicationContext - Root WebApplicationContext: initialization completed in 186 ms
2025-02-28 15:46:37 DEBUG [restartedMain] d.binz.reference.filter.CustomFilter - ==============init
2025-02-28 15:46:37 DEBUG [restartedMain] d.binz.reference.filter.CustomFilter - ==============init
2025-02-28 15:46:37 DEBUG [restartedMain] d.binz.reference.filter.CustomFilter - ==============init
2025-02-28 15:46:37 DEBUG [restartedMain] d.binz.reference.filter.CustomFilter - ==============init
2025-02-28 15:46:37 INFO  [restartedMain] o.s.b.d.a.OptionalLiveReloadServer - LiveReload server is running on port 35729
2025-02-28 15:46:37 INFO  [restartedMain] o.a.coyote.http11.Http11NioProtocol - Starting ProtocolHandler ["http-nio-8080"]
2025-02-28 15:46:37 INFO  [restartedMain] o.s.b.w.e.tomcat.TomcatWebServer - Tomcat started on port 8080 (http) with context path '/'
2025-02-28 15:46:37 INFO  [restartedMain] d.b.reference.ReferenceApplication - Started ReferenceApplication in 0.297 seconds (process running for 235.792)
2025-02-28 15:46:37 INFO  [restartedMain] d.b.reference.ReferenceApplication - Started ReferenceApplication in 0.297 seconds (process running for 235.792)
2025-02-28 15:46:37 INFO  [restartedMain] o.s.b.d.a.ConditionEvaluationDeltaLoggingListener - Condition evaluation unchanged
2025-02-28 15:46:44 INFO  [File Watcher] o.s.b.d.a.LocalDevToolsAutoConfiguration$RestartingClassPathChangeChangedEventListener - Restarting due to 1 class path change (0 additions, 0 deletions, 1 modification)
2025-02-28 15:46:44 INFO  [Thread-31] o.s.b.w.e.tomcat.GracefulShutdown - Commencing graceful shutdown. Waiting for active requests to complete
2025-02-28 15:46:44 INFO  [tomcat-shutdown] o.a.coyote.http11.Http11NioProtocol - Pausing ProtocolHandler ["http-nio-8080"]
2025-02-28 15:46:44 INFO  [tomcat-shutdown] o.s.b.w.e.tomcat.GracefulShutdown - Graceful shutdown complete
2025-02-28 15:46:44 INFO  [Thread-31] o.a.coyote.http11.Http11NioProtocol - Stopping ProtocolHandler ["http-nio-8080"]
2025-02-28 15:46:44 DEBUG [Thread-31] d.binz.reference.filter.CustomFilter - ==============destroy
2025-02-28 15:46:44 DEBUG [Thread-31] d.binz.reference.filter.CustomFilter - ==============destroy
2025-02-28 15:46:44 DEBUG [Thread-31] d.binz.reference.filter.CustomFilter - ==============destroy
2025-02-28 15:46:44 DEBUG [Thread-31] d.binz.reference.filter.CustomFilter - ==============destroy
2025-02-28 15:46:44 INFO  [restartedMain] d.b.reference.ReferenceApplication - Starting ReferenceApplication using Java 22.0.1 with PID 2596 (C:\DEV_SRC\eclipse\Reference\target\classes started by sonzw in C:\DEV_SRC\eclipse\Reference)
2025-02-28 15:46:44 INFO  [restartedMain] d.b.reference.ReferenceApplication - Starting ReferenceApplication using Java 22.0.1 with PID 2596 (C:\DEV_SRC\eclipse\Reference\target\classes started by sonzw in C:\DEV_SRC\eclipse\Reference)
2025-02-28 15:46:44 DEBUG [restartedMain] d.b.reference.ReferenceApplication - Running with Spring Boot v3.4.3, Spring v6.2.3
2025-02-28 15:46:44 DEBUG [restartedMain] d.b.reference.ReferenceApplication - Running with Spring Boot v3.4.3, Spring v6.2.3
2025-02-28 15:46:44 INFO  [restartedMain] d.b.reference.ReferenceApplication - No active profile set, falling back to 1 default profile: "default"
2025-02-28 15:46:44 INFO  [restartedMain] d.b.reference.ReferenceApplication - No active profile set, falling back to 1 default profile: "default"
2025-02-28 15:46:44 INFO  [restartedMain] o.s.b.w.e.tomcat.TomcatWebServer - Tomcat initialized with port 8080 (http)
2025-02-28 15:46:44 INFO  [restartedMain] o.a.coyote.http11.Http11NioProtocol - Initializing ProtocolHandler ["http-nio-8080"]
2025-02-28 15:46:44 INFO  [restartedMain] o.a.catalina.core.StandardService - Starting service [Tomcat]
2025-02-28 15:46:44 INFO  [restartedMain] o.a.catalina.core.StandardEngine - Starting Servlet engine: [Apache Tomcat/10.1.36]
2025-02-28 15:46:44 INFO  [restartedMain] o.a.c.c.C.[Tomcat].[localhost].[/] - Initializing Spring embedded WebApplicationContext
2025-02-28 15:46:44 INFO  [restartedMain] o.s.b.w.s.c.ServletWebServerApplicationContext - Root WebApplicationContext: initialization completed in 179 ms
2025-02-28 15:46:44 DEBUG [restartedMain] d.binz.reference.filter.CustomFilter - ==============init
2025-02-28 15:46:44 DEBUG [restartedMain] d.binz.reference.filter.CustomFilter - ==============init
2025-02-28 15:46:44 DEBUG [restartedMain] d.binz.reference.filter.CustomFilter - ==============init
2025-02-28 15:46:44 DEBUG [restartedMain] d.binz.reference.filter.CustomFilter - ==============init
2025-02-28 15:46:44 INFO  [restartedMain] o.s.b.d.a.OptionalLiveReloadServer - LiveReload server is running on port 35729
2025-02-28 15:46:44 INFO  [restartedMain] o.a.coyote.http11.Http11NioProtocol - Starting ProtocolHandler ["http-nio-8080"]
2025-02-28 15:46:44 INFO  [restartedMain] o.s.b.w.e.tomcat.TomcatWebServer - Tomcat started on port 8080 (http) with context path '/'
2025-02-28 15:46:44 INFO  [restartedMain] d.b.reference.ReferenceApplication - Started ReferenceApplication in 0.289 seconds (process running for 242.662)
2025-02-28 15:46:44 INFO  [restartedMain] d.b.reference.ReferenceApplication - Started ReferenceApplication in 0.289 seconds (process running for 242.662)
2025-02-28 15:46:44 INFO  [restartedMain] o.s.b.d.a.ConditionEvaluationDeltaLoggingListener - Condition evaluation unchanged
2025-02-28 15:47:25 INFO  [File Watcher] o.s.b.d.a.LocalDevToolsAutoConfiguration$RestartingClassPathChangeChangedEventListener - Restarting due to 1 class path change (0 additions, 0 deletions, 1 modification)
2025-02-28 15:47:25 INFO  [Thread-35] o.s.b.w.e.tomcat.GracefulShutdown - Commencing graceful shutdown. Waiting for active requests to complete
2025-02-28 15:47:25 INFO  [tomcat-shutdown] o.a.coyote.http11.Http11NioProtocol - Pausing ProtocolHandler ["http-nio-8080"]
2025-02-28 15:47:25 INFO  [tomcat-shutdown] o.s.b.w.e.tomcat.GracefulShutdown - Graceful shutdown complete
2025-02-28 15:47:25 INFO  [Thread-35] o.a.coyote.http11.Http11NioProtocol - Stopping ProtocolHandler ["http-nio-8080"]
2025-02-28 15:47:25 DEBUG [Thread-35] d.binz.reference.filter.CustomFilter - ==============destroy
2025-02-28 15:47:25 DEBUG [Thread-35] d.binz.reference.filter.CustomFilter - ==============destroy
2025-02-28 15:47:25 DEBUG [Thread-35] d.binz.reference.filter.CustomFilter - ==============destroy
2025-02-28 15:47:25 DEBUG [Thread-35] d.binz.reference.filter.CustomFilter - ==============destroy
2025-02-28 15:47:26 INFO  [restartedMain] d.b.reference.ReferenceApplication - Starting ReferenceApplication using Java 22.0.1 with PID 2596 (C:\DEV_SRC\eclipse\Reference\target\classes started by sonzw in C:\DEV_SRC\eclipse\Reference)
2025-02-28 15:47:26 INFO  [restartedMain] d.b.reference.ReferenceApplication - Starting ReferenceApplication using Java 22.0.1 with PID 2596 (C:\DEV_SRC\eclipse\Reference\target\classes started by sonzw in C:\DEV_SRC\eclipse\Reference)
2025-02-28 15:47:26 DEBUG [restartedMain] d.b.reference.ReferenceApplication - Running with Spring Boot v3.4.3, Spring v6.2.3
2025-02-28 15:47:26 DEBUG [restartedMain] d.b.reference.ReferenceApplication - Running with Spring Boot v3.4.3, Spring v6.2.3
2025-02-28 15:47:26 INFO  [restartedMain] d.b.reference.ReferenceApplication - No active profile set, falling back to 1 default profile: "default"
2025-02-28 15:47:26 INFO  [restartedMain] d.b.reference.ReferenceApplication - No active profile set, falling back to 1 default profile: "default"
2025-02-28 15:47:26 INFO  [restartedMain] o.s.b.w.e.tomcat.TomcatWebServer - Tomcat initialized with port 8080 (http)
2025-02-28 15:47:26 INFO  [restartedMain] o.a.coyote.http11.Http11NioProtocol - Initializing ProtocolHandler ["http-nio-8080"]
2025-02-28 15:47:26 INFO  [restartedMain] o.a.catalina.core.StandardService - Starting service [Tomcat]
2025-02-28 15:47:26 INFO  [restartedMain] o.a.catalina.core.StandardEngine - Starting Servlet engine: [Apache Tomcat/10.1.36]
2025-02-28 15:47:26 INFO  [restartedMain] o.a.c.c.C.[Tomcat].[localhost].[/] - Initializing Spring embedded WebApplicationContext
2025-02-28 15:47:26 INFO  [restartedMain] o.s.b.w.s.c.ServletWebServerApplicationContext - Root WebApplicationContext: initialization completed in 193 ms
2025-02-28 15:47:26 DEBUG [restartedMain] d.binz.reference.filter.CustomFilter - ==============init
2025-02-28 15:47:26 DEBUG [restartedMain] d.binz.reference.filter.CustomFilter - ==============init
2025-02-28 15:47:26 DEBUG [restartedMain] d.binz.reference.filter.CustomFilter - ==============init
2025-02-28 15:47:26 DEBUG [restartedMain] d.binz.reference.filter.CustomFilter - ==============init
2025-02-28 15:47:26 INFO  [restartedMain] o.s.b.d.a.OptionalLiveReloadServer - LiveReload server is running on port 35729
2025-02-28 15:47:26 INFO  [restartedMain] o.a.coyote.http11.Http11NioProtocol - Starting ProtocolHandler ["http-nio-8080"]
2025-02-28 15:47:26 INFO  [restartedMain] o.s.b.w.e.tomcat.TomcatWebServer - Tomcat started on port 8080 (http) with context path '/'
2025-02-28 15:47:26 INFO  [restartedMain] d.b.reference.ReferenceApplication - Started ReferenceApplication in 0.304 seconds (process running for 284.235)
2025-02-28 15:47:26 INFO  [restartedMain] d.b.reference.ReferenceApplication - Started ReferenceApplication in 0.304 seconds (process running for 284.235)
2025-02-28 15:47:26 INFO  [restartedMain] o.s.b.d.a.ConditionEvaluationDeltaLoggingListener - Condition evaluation unchanged
2025-02-28 15:47:44 INFO  [File Watcher] o.s.b.d.a.LocalDevToolsAutoConfiguration$RestartingClassPathChangeChangedEventListener - Restarting due to 1 class path change (0 additions, 0 deletions, 1 modification)
2025-02-28 15:47:44 INFO  [Thread-39] o.s.b.w.e.tomcat.GracefulShutdown - Commencing graceful shutdown. Waiting for active requests to complete
2025-02-28 15:47:44 INFO  [tomcat-shutdown] o.a.coyote.http11.Http11NioProtocol - Pausing ProtocolHandler ["http-nio-8080"]
2025-02-28 15:47:44 INFO  [tomcat-shutdown] o.s.b.w.e.tomcat.GracefulShutdown - Graceful shutdown complete
2025-02-28 15:47:44 INFO  [Thread-39] o.a.coyote.http11.Http11NioProtocol - Stopping ProtocolHandler ["http-nio-8080"]
2025-02-28 15:47:44 DEBUG [Thread-39] d.binz.reference.filter.CustomFilter - ==============destroy
2025-02-28 15:47:44 DEBUG [Thread-39] d.binz.reference.filter.CustomFilter - ==============destroy
2025-02-28 15:47:44 DEBUG [Thread-39] d.binz.reference.filter.CustomFilter - ==============destroy
2025-02-28 15:47:44 DEBUG [Thread-39] d.binz.reference.filter.CustomFilter - ==============destroy
2025-02-28 15:47:44 INFO  [restartedMain] d.b.reference.ReferenceApplication - Starting ReferenceApplication using Java 22.0.1 with PID 2596 (C:\DEV_SRC\eclipse\Reference\target\classes started by sonzw in C:\DEV_SRC\eclipse\Reference)
2025-02-28 15:47:44 INFO  [restartedMain] d.b.reference.ReferenceApplication - Starting ReferenceApplication using Java 22.0.1 with PID 2596 (C:\DEV_SRC\eclipse\Reference\target\classes started by sonzw in C:\DEV_SRC\eclipse\Reference)
2025-02-28 15:47:44 DEBUG [restartedMain] d.b.reference.ReferenceApplication - Running with Spring Boot v3.4.3, Spring v6.2.3
2025-02-28 15:47:44 DEBUG [restartedMain] d.b.reference.ReferenceApplication - Running with Spring Boot v3.4.3, Spring v6.2.3
2025-02-28 15:47:44 INFO  [restartedMain] d.b.reference.ReferenceApplication - No active profile set, falling back to 1 default profile: "default"
2025-02-28 15:47:44 INFO  [restartedMain] d.b.reference.ReferenceApplication - No active profile set, falling back to 1 default profile: "default"
2025-02-28 15:47:44 INFO  [restartedMain] o.s.b.w.e.tomcat.TomcatWebServer - Tomcat initialized with port 8080 (http)
2025-02-28 15:47:44 INFO  [restartedMain] o.a.coyote.http11.Http11NioProtocol - Initializing ProtocolHandler ["http-nio-8080"]
2025-02-28 15:47:44 INFO  [restartedMain] o.a.catalina.core.StandardService - Starting service [Tomcat]
2025-02-28 15:47:44 INFO  [restartedMain] o.a.catalina.core.StandardEngine - Starting Servlet engine: [Apache Tomcat/10.1.36]
2025-02-28 15:47:44 INFO  [restartedMain] o.a.c.c.C.[Tomcat].[localhost].[/] - Initializing Spring embedded WebApplicationContext
2025-02-28 15:47:44 INFO  [restartedMain] o.s.b.w.s.c.ServletWebServerApplicationContext - Root WebApplicationContext: initialization completed in 203 ms
2025-02-28 15:47:44 DEBUG [restartedMain] d.binz.reference.filter.CustomFilter - ==============init
2025-02-28 15:47:44 DEBUG [restartedMain] d.binz.reference.filter.CustomFilter - ==============init
2025-02-28 15:47:44 DEBUG [restartedMain] d.binz.reference.filter.CustomFilter - ==============init
2025-02-28 15:47:44 DEBUG [restartedMain] d.binz.reference.filter.CustomFilter - ==============init
2025-02-28 15:47:44 INFO  [restartedMain] o.s.b.d.a.OptionalLiveReloadServer - LiveReload server is running on port 35729
2025-02-28 15:47:44 INFO  [restartedMain] o.a.coyote.http11.Http11NioProtocol - Starting ProtocolHandler ["http-nio-8080"]
2025-02-28 15:47:44 INFO  [restartedMain] o.s.b.w.e.tomcat.TomcatWebServer - Tomcat started on port 8080 (http) with context path '/'
2025-02-28 15:47:44 INFO  [restartedMain] d.b.reference.ReferenceApplication - Started ReferenceApplication in 0.304 seconds (process running for 302.35)
2025-02-28 15:47:44 INFO  [restartedMain] d.b.reference.ReferenceApplication - Started ReferenceApplication in 0.304 seconds (process running for 302.35)
2025-02-28 15:47:44 INFO  [restartedMain] o.s.b.d.a.ConditionEvaluationDeltaLoggingListener - Condition evaluation unchanged
2025-02-28 15:48:04 INFO  [File Watcher] o.s.b.d.a.LocalDevToolsAutoConfiguration$RestartingClassPathChangeChangedEventListener - Restarting due to 2 class path changes (0 additions, 0 deletions, 2 modifications)
2025-02-28 15:48:04 INFO  [Thread-43] o.s.b.w.e.tomcat.GracefulShutdown - Commencing graceful shutdown. Waiting for active requests to complete
2025-02-28 15:48:04 INFO  [tomcat-shutdown] o.a.coyote.http11.Http11NioProtocol - Pausing ProtocolHandler ["http-nio-8080"]
2025-02-28 15:48:04 INFO  [tomcat-shutdown] o.s.b.w.e.tomcat.GracefulShutdown - Graceful shutdown complete
2025-02-28 15:48:04 INFO  [Thread-43] o.a.coyote.http11.Http11NioProtocol - Stopping ProtocolHandler ["http-nio-8080"]
2025-02-28 15:48:04 DEBUG [Thread-43] d.binz.reference.filter.CustomFilter - ==============destroy
2025-02-28 15:48:04 DEBUG [Thread-43] d.binz.reference.filter.CustomFilter - ==============destroy
2025-02-28 15:48:04 DEBUG [Thread-43] d.binz.reference.filter.CustomFilter - ==============destroy
2025-02-28 15:48:04 DEBUG [Thread-43] d.binz.reference.filter.CustomFilter - ==============destroy
2025-02-28 15:48:04 INFO  [restartedMain] d.b.reference.ReferenceApplication - Starting ReferenceApplication using Java 22.0.1 with PID 2596 (C:\DEV_SRC\eclipse\Reference\target\classes started by sonzw in C:\DEV_SRC\eclipse\Reference)
2025-02-28 15:48:04 INFO  [restartedMain] d.b.reference.ReferenceApplication - Starting ReferenceApplication using Java 22.0.1 with PID 2596 (C:\DEV_SRC\eclipse\Reference\target\classes started by sonzw in C:\DEV_SRC\eclipse\Reference)
2025-02-28 15:48:04 DEBUG [restartedMain] d.b.reference.ReferenceApplication - Running with Spring Boot v3.4.3, Spring v6.2.3
2025-02-28 15:48:04 DEBUG [restartedMain] d.b.reference.ReferenceApplication - Running with Spring Boot v3.4.3, Spring v6.2.3
2025-02-28 15:48:04 INFO  [restartedMain] d.b.reference.ReferenceApplication - No active profile set, falling back to 1 default profile: "default"
2025-02-28 15:48:04 INFO  [restartedMain] d.b.reference.ReferenceApplication - No active profile set, falling back to 1 default profile: "default"
2025-02-28 15:48:04 INFO  [restartedMain] o.s.b.w.e.tomcat.TomcatWebServer - Tomcat initialized with port 8080 (http)
2025-02-28 15:48:04 INFO  [restartedMain] o.a.coyote.http11.Http11NioProtocol - Initializing ProtocolHandler ["http-nio-8080"]
2025-02-28 15:48:04 INFO  [restartedMain] o.a.catalina.core.StandardService - Starting service [Tomcat]
2025-02-28 15:48:04 INFO  [restartedMain] o.a.catalina.core.StandardEngine - Starting Servlet engine: [Apache Tomcat/10.1.36]
2025-02-28 15:48:04 INFO  [restartedMain] o.a.c.c.C.[Tomcat].[localhost].[/] - Initializing Spring embedded WebApplicationContext
2025-02-28 15:48:04 INFO  [restartedMain] o.s.b.w.s.c.ServletWebServerApplicationContext - Root WebApplicationContext: initialization completed in 180 ms
2025-02-28 15:48:04 DEBUG [restartedMain] d.binz.reference.filter.CustomFilter - ==============init
2025-02-28 15:48:04 DEBUG [restartedMain] d.binz.reference.filter.CustomFilter - ==============init
2025-02-28 15:48:04 DEBUG [restartedMain] d.binz.reference.filter.CustomFilter - ==============init
2025-02-28 15:48:04 DEBUG [restartedMain] d.binz.reference.filter.CustomFilter - ==============init
2025-02-28 15:48:04 INFO  [restartedMain] o.s.b.d.a.OptionalLiveReloadServer - LiveReload server is running on port 35729
2025-02-28 15:48:04 INFO  [restartedMain] o.a.coyote.http11.Http11NioProtocol - Starting ProtocolHandler ["http-nio-8080"]
2025-02-28 15:48:04 INFO  [restartedMain] o.s.b.w.e.tomcat.TomcatWebServer - Tomcat started on port 8080 (http) with context path '/'
2025-02-28 15:48:04 INFO  [restartedMain] d.b.reference.ReferenceApplication - Started ReferenceApplication in 0.277 seconds (process running for 322.523)
2025-02-28 15:48:04 INFO  [restartedMain] d.b.reference.ReferenceApplication - Started ReferenceApplication in 0.277 seconds (process running for 322.523)
2025-02-28 15:48:04 INFO  [restartedMain] o.s.b.d.a.ConditionEvaluationDeltaLoggingListener - Condition evaluation unchanged
2025-02-28 15:48:25 INFO  [RMI TCP Connection(36)-127.0.0.1] o.s.b.a.SpringApplicationAdminMXBeanRegistrar$SpringApplicationAdmin - Application shutdown requested.
2025-02-28 15:48:25 INFO  [RMI TCP Connection(36)-127.0.0.1] o.s.b.w.e.tomcat.GracefulShutdown - Commencing graceful shutdown. Waiting for active requests to complete
2025-02-28 15:48:25 INFO  [tomcat-shutdown] o.a.coyote.http11.Http11NioProtocol - Pausing ProtocolHandler ["http-nio-8080"]
2025-02-28 15:48:25 INFO  [tomcat-shutdown] o.s.b.w.e.tomcat.GracefulShutdown - Graceful shutdown complete
2025-02-28 15:48:25 INFO  [RMI TCP Connection(36)-127.0.0.1] o.a.coyote.http11.Http11NioProtocol - Stopping ProtocolHandler ["http-nio-8080"]
2025-02-28 15:48:25 DEBUG [RMI TCP Connection(36)-127.0.0.1] d.binz.reference.filter.CustomFilter - ==============destroy
2025-02-28 15:48:25 DEBUG [RMI TCP Connection(36)-127.0.0.1] d.binz.reference.filter.CustomFilter - ==============destroy
2025-02-28 15:48:25 DEBUG [RMI TCP Connection(36)-127.0.0.1] d.binz.reference.filter.CustomFilter - ==============destroy
2025-02-28 15:48:25 DEBUG [RMI TCP Connection(36)-127.0.0.1] d.binz.reference.filter.CustomFilter - ==============destroy
2025-09-03 21:29:07 INFO  [background-preinit] o.h.validator.internal.util.Version - HV000001: Hibernate Validator 8.0.2.Final
2025-09-03 21:29:07 INFO  [restartedMain] d.b.reference.ReferenceApplication - Starting ReferenceApplication using Java 22.0.1 with PID 13176 (C:\DEV_SRC\eclipse\Reference\target\classes started by sonzw in C:\DEV_SRC\eclipse\Reference)
2025-09-03 21:29:07 INFO  [restartedMain] d.b.reference.ReferenceApplication - Starting ReferenceApplication using Java 22.0.1 with PID 13176 (C:\DEV_SRC\eclipse\Reference\target\classes started by sonzw in C:\DEV_SRC\eclipse\Reference)
2025-09-03 21:29:07 DEBUG [restartedMain] d.b.reference.ReferenceApplication - Running with Spring Boot v3.4.3, Spring v6.2.3
2025-09-03 21:29:07 DEBUG [restartedMain] d.b.reference.ReferenceApplication - Running with Spring Boot v3.4.3, Spring v6.2.3
2025-09-03 21:29:07 INFO  [restartedMain] d.b.reference.ReferenceApplication - No active profile set, falling back to 1 default profile: "default"
2025-09-03 21:29:07 INFO  [restartedMain] d.b.reference.ReferenceApplication - No active profile set, falling back to 1 default profile: "default"
2025-09-03 21:29:07 INFO  [restartedMain] o.s.b.d.e.DevToolsPropertyDefaultsPostProcessor - Devtools property defaults active! Set 'spring.devtools.add-properties' to 'false' to disable
2025-09-03 21:29:07 INFO  [restartedMain] o.s.b.d.e.DevToolsPropertyDefaultsPostProcessor - For additional web related logging consider setting the 'logging.level.web' property to 'DEBUG'
2025-09-03 21:29:08 WARN  [restartedMain] o.m.s.mapper.ClassPathMapperScanner - No MyBatis mapper was found in '[dev.binz.reference]' package. Please check your configuration.
2025-09-03 21:29:08 INFO  [restartedMain] o.s.b.w.e.tomcat.TomcatWebServer - Tomcat initialized with port 8080 (http)
2025-09-03 21:29:08 INFO  [restartedMain] o.a.coyote.http11.Http11NioProtocol - Initializing ProtocolHandler ["http-nio-8080"]
2025-09-03 21:29:08 INFO  [restartedMain] o.a.catalina.core.StandardService - Starting service [Tomcat]
2025-09-03 21:29:08 INFO  [restartedMain] o.a.catalina.core.StandardEngine - Starting Servlet engine: [Apache Tomcat/10.1.36]
2025-09-03 21:29:09 INFO  [restartedMain] o.a.c.c.C.[Tomcat].[localhost].[/] - Initializing Spring embedded WebApplicationContext
2025-09-03 21:29:09 INFO  [restartedMain] o.s.b.w.s.c.ServletWebServerApplicationContext - Root WebApplicationContext: initialization completed in 1377 ms
2025-09-03 21:29:09 DEBUG [restartedMain] d.binz.reference.filter.CustomFilter - CustomFilter 초기화됨
2025-09-03 21:29:09 DEBUG [restartedMain] d.binz.reference.filter.CustomFilter - CustomFilter 초기화됨
2025-09-03 21:29:09 DEBUG [restartedMain] d.binz.reference.filter.CustomFilter - CustomFilter 초기화됨
2025-09-03 21:29:09 DEBUG [restartedMain] d.binz.reference.filter.CustomFilter - CustomFilter 초기화됨
2025-09-03 21:29:09 WARN  [restartedMain] o.s.b.w.s.c.AnnotationConfigServletWebServerApplicationContext - Exception encountered during context initialization - cancelling refresh attempt: org.springframework.beans.factory.UnsatisfiedDependencyException: Error creating bean with name 'streamRestController': Unsatisfied dependency expressed through field 'streamService': No qualifying bean of type 'dev.binz.reference.user.service.StreamService' available: expected at least 1 bean which qualifies as autowire candidate. Dependency annotations: {@org.springframework.beans.factory.annotation.Autowired(required=true)}
2025-09-03 21:29:09 INFO  [restartedMain] o.a.catalina.core.StandardService - Stopping service [Tomcat]
2025-09-03 21:29:09 DEBUG [restartedMain] d.binz.reference.filter.CustomFilter - CustomFilter 종료됨
2025-09-03 21:29:09 DEBUG [restartedMain] d.binz.reference.filter.CustomFilter - CustomFilter 종료됨
2025-09-03 21:29:09 DEBUG [restartedMain] d.binz.reference.filter.CustomFilter - CustomFilter 종료됨
2025-09-03 21:29:09 DEBUG [restartedMain] d.binz.reference.filter.CustomFilter - CustomFilter 종료됨
2025-09-03 21:29:09 INFO  [restartedMain] o.s.b.a.l.ConditionEvaluationReportLogger - 

Error starting ApplicationContext. To display the condition evaluation report re-run your application with 'debug' enabled.
2025-09-03 21:29:09 ERROR [restartedMain] o.s.b.d.LoggingFailureAnalysisReporter - 

***************************
APPLICATION FAILED TO START
***************************

Description:

Field streamService in dev.binz.reference.user.controller.StreamRestController required a bean of type 'dev.binz.reference.user.service.StreamService' that could not be found.

The injection point has the following annotations:
	- @org.springframework.beans.factory.annotation.Autowired(required=true)


Action:

Consider defining a bean of type 'dev.binz.reference.user.service.StreamService' in your configuration.

2025-09-03 21:30:38 INFO  [background-preinit] o.h.validator.internal.util.Version - HV000001: Hibernate Validator 8.0.2.Final
2025-09-03 21:30:38 INFO  [restartedMain] d.b.reference.ReferenceApplication - Starting ReferenceApplication using Java 22.0.1 with PID 24928 (C:\DEV_SRC\eclipse\Reference\target\classes started by sonzw in C:\DEV_SRC\eclipse\Reference)
2025-09-03 21:30:38 INFO  [restartedMain] d.b.reference.ReferenceApplication - Starting ReferenceApplication using Java 22.0.1 with PID 24928 (C:\DEV_SRC\eclipse\Reference\target\classes started by sonzw in C:\DEV_SRC\eclipse\Reference)
2025-09-03 21:30:38 DEBUG [restartedMain] d.b.reference.ReferenceApplication - Running with Spring Boot v3.4.3, Spring v6.2.3
2025-09-03 21:30:38 DEBUG [restartedMain] d.b.reference.ReferenceApplication - Running with Spring Boot v3.4.3, Spring v6.2.3
2025-09-03 21:30:38 INFO  [restartedMain] d.b.reference.ReferenceApplication - No active profile set, falling back to 1 default profile: "default"
2025-09-03 21:30:38 INFO  [restartedMain] d.b.reference.ReferenceApplication - No active profile set, falling back to 1 default profile: "default"
2025-09-03 21:30:38 INFO  [restartedMain] o.s.b.d.e.DevToolsPropertyDefaultsPostProcessor - Devtools property defaults active! Set 'spring.devtools.add-properties' to 'false' to disable
2025-09-03 21:30:38 INFO  [restartedMain] o.s.b.d.e.DevToolsPropertyDefaultsPostProcessor - For additional web related logging consider setting the 'logging.level.web' property to 'DEBUG'
2025-09-03 21:30:38 WARN  [restartedMain] o.m.s.mapper.ClassPathMapperScanner - No MyBatis mapper was found in '[dev.binz.reference]' package. Please check your configuration.
2025-09-03 21:30:39 INFO  [restartedMain] o.s.b.w.e.tomcat.TomcatWebServer - Tomcat initialized with port 8080 (http)
2025-09-03 21:30:39 INFO  [restartedMain] o.a.coyote.http11.Http11NioProtocol - Initializing ProtocolHandler ["http-nio-8080"]
2025-09-03 21:30:39 INFO  [restartedMain] o.a.catalina.core.StandardService - Starting service [Tomcat]
2025-09-03 21:30:39 INFO  [restartedMain] o.a.catalina.core.StandardEngine - Starting Servlet engine: [Apache Tomcat/10.1.36]
2025-09-03 21:30:39 INFO  [restartedMain] o.a.c.c.C.[Tomcat].[localhost].[/] - Initializing Spring embedded WebApplicationContext
2025-09-03 21:30:39 INFO  [restartedMain] o.s.b.w.s.c.ServletWebServerApplicationContext - Root WebApplicationContext: initialization completed in 1292 ms
2025-09-03 21:30:39 DEBUG [restartedMain] d.binz.reference.filter.CustomFilter - CustomFilter 초기화됨
2025-09-03 21:30:39 DEBUG [restartedMain] d.binz.reference.filter.CustomFilter - CustomFilter 초기화됨
2025-09-03 21:30:39 DEBUG [restartedMain] d.binz.reference.filter.CustomFilter - CustomFilter 초기화됨
2025-09-03 21:30:39 DEBUG [restartedMain] d.binz.reference.filter.CustomFilter - CustomFilter 초기화됨
2025-09-03 21:30:39 WARN  [restartedMain] o.s.b.w.s.c.AnnotationConfigServletWebServerApplicationContext - Exception encountered during context initialization - cancelling refresh attempt: org.springframework.beans.factory.UnsatisfiedDependencyException: Error creating bean with name 'streamRestController': Unsatisfied dependency expressed through field 'streamService': No qualifying bean of type 'dev.binz.reference.user.service.StreamService' available: expected at least 1 bean which qualifies as autowire candidate. Dependency annotations: {@org.springframework.beans.factory.annotation.Autowired(required=true)}
2025-09-03 21:30:39 INFO  [restartedMain] o.a.catalina.core.StandardService - Stopping service [Tomcat]
2025-09-03 21:30:39 DEBUG [restartedMain] d.binz.reference.filter.CustomFilter - CustomFilter 종료됨
2025-09-03 21:30:39 DEBUG [restartedMain] d.binz.reference.filter.CustomFilter - CustomFilter 종료됨
2025-09-03 21:30:39 DEBUG [restartedMain] d.binz.reference.filter.CustomFilter - CustomFilter 종료됨
2025-09-03 21:30:39 DEBUG [restartedMain] d.binz.reference.filter.CustomFilter - CustomFilter 종료됨
2025-09-03 21:30:39 INFO  [restartedMain] o.s.b.a.l.ConditionEvaluationReportLogger - 

Error starting ApplicationContext. To display the condition evaluation report re-run your application with 'debug' enabled.
2025-09-03 21:30:39 ERROR [restartedMain] o.s.b.d.LoggingFailureAnalysisReporter - 

***************************
APPLICATION FAILED TO START
***************************

Description:

Field streamService in dev.binz.reference.user.controller.StreamRestController required a bean of type 'dev.binz.reference.user.service.StreamService' that could not be found.

The injection point has the following annotations:
	- @org.springframework.beans.factory.annotation.Autowired(required=true)


Action:

Consider defining a bean of type 'dev.binz.reference.user.service.StreamService' in your configuration.

2025-09-03 21:31:02 INFO  [background-preinit] o.h.validator.internal.util.Version - HV000001: Hibernate Validator 8.0.2.Final
2025-09-03 21:31:02 INFO  [restartedMain] d.b.reference.ReferenceApplication - Starting ReferenceApplication using Java 22.0.1 with PID 7600 (C:\DEV_SRC\eclipse\Reference\target\classes started by sonzw in C:\DEV_SRC\eclipse\Reference)
2025-09-03 21:31:02 INFO  [restartedMain] d.b.reference.ReferenceApplication - Starting ReferenceApplication using Java 22.0.1 with PID 7600 (C:\DEV_SRC\eclipse\Reference\target\classes started by sonzw in C:\DEV_SRC\eclipse\Reference)
2025-09-03 21:31:02 DEBUG [restartedMain] d.b.reference.ReferenceApplication - Running with Spring Boot v3.4.3, Spring v6.2.3
2025-09-03 21:31:02 DEBUG [restartedMain] d.b.reference.ReferenceApplication - Running with Spring Boot v3.4.3, Spring v6.2.3
2025-09-03 21:31:02 INFO  [restartedMain] d.b.reference.ReferenceApplication - No active profile set, falling back to 1 default profile: "default"
2025-09-03 21:31:02 INFO  [restartedMain] d.b.reference.ReferenceApplication - No active profile set, falling back to 1 default profile: "default"
2025-09-03 21:31:02 INFO  [restartedMain] o.s.b.d.e.DevToolsPropertyDefaultsPostProcessor - Devtools property defaults active! Set 'spring.devtools.add-properties' to 'false' to disable
2025-09-03 21:31:02 INFO  [restartedMain] o.s.b.d.e.DevToolsPropertyDefaultsPostProcessor - For additional web related logging consider setting the 'logging.level.web' property to 'DEBUG'
2025-09-03 21:31:03 WARN  [restartedMain] o.m.s.mapper.ClassPathMapperScanner - No MyBatis mapper was found in '[dev.binz.reference]' package. Please check your configuration.
2025-09-03 21:31:04 INFO  [restartedMain] o.s.b.w.e.tomcat.TomcatWebServer - Tomcat initialized with port 8080 (http)
2025-09-03 21:31:04 INFO  [restartedMain] o.a.coyote.http11.Http11NioProtocol - Initializing ProtocolHandler ["http-nio-8080"]
2025-09-03 21:31:04 INFO  [restartedMain] o.a.catalina.core.StandardService - Starting service [Tomcat]
2025-09-03 21:31:04 INFO  [restartedMain] o.a.catalina.core.StandardEngine - Starting Servlet engine: [Apache Tomcat/10.1.36]
2025-09-03 21:31:04 INFO  [restartedMain] o.a.c.c.C.[Tomcat].[localhost].[/] - Initializing Spring embedded WebApplicationContext
2025-09-03 21:31:04 INFO  [restartedMain] o.s.b.w.s.c.ServletWebServerApplicationContext - Root WebApplicationContext: initialization completed in 1318 ms
2025-09-03 21:31:04 DEBUG [restartedMain] d.binz.reference.filter.CustomFilter - CustomFilter 초기화됨
2025-09-03 21:31:04 DEBUG [restartedMain] d.binz.reference.filter.CustomFilter - CustomFilter 초기화됨
2025-09-03 21:31:04 DEBUG [restartedMain] d.binz.reference.filter.CustomFilter - CustomFilter 초기화됨
2025-09-03 21:31:04 DEBUG [restartedMain] d.binz.reference.filter.CustomFilter - CustomFilter 초기화됨
2025-09-03 21:31:04 INFO  [restartedMain] com.zaxxer.hikari.HikariDataSource - HikariPool-1 - Starting...
2025-09-03 21:31:04 INFO  [restartedMain] com.zaxxer.hikari.pool.HikariPool - HikariPool-1 - Added connection conn0: url=jdbc:h2:mem:5f24db79-cd55-4807-95e9-526824377bd6 user=SA
2025-09-03 21:31:04 INFO  [restartedMain] com.zaxxer.hikari.HikariDataSource - HikariPool-1 - Start completed.
2025-09-03 21:31:04 INFO  [restartedMain] o.s.b.a.h.H2ConsoleAutoConfiguration - H2 console available at '/h2-console'. Database available at 'jdbc:h2:mem:5f24db79-cd55-4807-95e9-526824377bd6'
2025-09-03 21:31:04 INFO  [restartedMain] o.s.b.d.a.OptionalLiveReloadServer - LiveReload server is running on port 35729
2025-09-03 21:31:04 INFO  [restartedMain] o.a.coyote.http11.Http11NioProtocol - Starting ProtocolHandler ["http-nio-8080"]
2025-09-03 21:31:04 INFO  [restartedMain] o.s.b.w.e.tomcat.TomcatWebServer - Tomcat started on port 8080 (http) with context path '/'
2025-09-03 21:31:04 INFO  [restartedMain] d.b.reference.ReferenceApplication - Started ReferenceApplication in 2.763 seconds (process running for 3.587)
2025-09-03 21:31:04 INFO  [restartedMain] d.b.reference.ReferenceApplication - Started ReferenceApplication in 2.763 seconds (process running for 3.587)
2025-09-03 21:31:06 INFO  [http-nio-8080-exec-1] o.a.c.c.C.[Tomcat].[localhost].[/] - Initializing Spring DispatcherServlet 'dispatcherServlet'
2025-09-03 21:31:06 INFO  [http-nio-8080-exec-1] o.s.web.servlet.DispatcherServlet - Initializing Servlet 'dispatcherServlet'
2025-09-03 21:31:06 INFO  [http-nio-8080-exec-1] o.s.web.servlet.DispatcherServlet - Completed initialization in 1 ms
2025-09-03 21:31:06 DEBUG [http-nio-8080-exec-1] d.binz.reference.filter.CustomFilter - [CustomFilter] 요청 필터링 시작
2025-09-03 21:31:06 DEBUG [http-nio-8080-exec-1] d.binz.reference.filter.CustomFilter - [CustomFilter] 요청 필터링 시작
2025-09-03 21:31:06 DEBUG [http-nio-8080-exec-1] d.b.r.adapter.CustomAdviceAdapter - CustomAdviceAdapter: supports() 호출됨 - 메서드: validateUser, 대상 타입: dev.binz.reference.user.dto.UserDTO
2025-09-03 21:31:06 DEBUG [http-nio-8080-exec-1] d.b.r.adapter.CustomAdviceAdapter - CustomAdviceAdapter: supports() 호출됨 - 메서드: validateUser, 대상 타입: dev.binz.reference.user.dto.UserDTO
2025-09-03 21:31:06 DEBUG [http-nio-8080-exec-1] d.b.r.user.UserExceptionHandler - ============
2025-09-03 21:31:06 DEBUG [http-nio-8080-exec-1] d.b.r.user.UserExceptionHandler - ============
2025-09-03 21:31:06 WARN  [http-nio-8080-exec-1] o.s.w.s.m.m.a.ExceptionHandlerExceptionResolver - Resolved [org.springframework.http.converter.HttpMessageNotReadableException: Required request body is missing: public org.springframework.http.ResponseEntity<org.springframework.web.servlet.mvc.method.annotation.StreamingResponseBody> dev.binz.reference.user.controller.StreamRestController.validateUser(dev.binz.reference.user.dto.UserDTO)]
2025-09-03 21:31:06 DEBUG [http-nio-8080-exec-1] d.binz.reference.filter.CustomFilter - [CustomFilter] 요청 필터링 완료
2025-09-03 21:31:06 DEBUG [http-nio-8080-exec-1] d.binz.reference.filter.CustomFilter - [CustomFilter] 요청 필터링 완료
2025-09-03 21:31:06 DEBUG [http-nio-8080-exec-2] d.binz.reference.filter.CustomFilter - [CustomFilter] 요청 필터링 시작
2025-09-03 21:31:06 DEBUG [http-nio-8080-exec-2] d.binz.reference.filter.CustomFilter - [CustomFilter] 요청 필터링 시작
2025-09-03 21:31:06 DEBUG [http-nio-8080-exec-2] d.binz.reference.filter.CustomFilter - [CustomFilter] 요청 필터링 완료
2025-09-03 21:31:06 DEBUG [http-nio-8080-exec-2] d.binz.reference.filter.CustomFilter - [CustomFilter] 요청 필터링 완료
2025-09-03 21:31:34 INFO  [File Watcher] o.s.b.d.a.LocalDevToolsAutoConfiguration$RestartingClassPathChangeChangedEventListener - Restarting due to 1 class path change (0 additions, 0 deletions, 1 modification)
2025-09-03 21:31:34 INFO  [Thread-5] o.s.b.w.e.tomcat.GracefulShutdown - Commencing graceful shutdown. Waiting for active requests to complete
2025-09-03 21:31:34 DEBUG [http-nio-8080-exec-3] d.binz.reference.filter.CustomFilter - [CustomFilter] 요청 필터링 시작
2025-09-03 21:31:34 DEBUG [http-nio-8080-exec-3] d.binz.reference.filter.CustomFilter - [CustomFilter] 요청 필터링 시작
2025-09-03 21:31:34 DEBUG [http-nio-8080-exec-3] d.b.r.adapter.CustomAdviceAdapter - CustomAdviceAdapter: supports() 호출됨 - 메서드: validateUser, 대상 타입: dev.binz.reference.user.dto.UserDTO
2025-09-03 21:31:34 INFO  [tomcat-shutdown] o.a.coyote.http11.Http11NioProtocol - Pausing ProtocolHandler ["http-nio-8080"]
2025-09-03 21:31:34 DEBUG [http-nio-8080-exec-3] d.b.r.adapter.CustomAdviceAdapter - CustomAdviceAdapter: supports() 호출됨 - 메서드: validateUser, 대상 타입: dev.binz.reference.user.dto.UserDTO
2025-09-03 21:31:34 DEBUG [http-nio-8080-exec-3] d.b.r.user.UserExceptionHandler - ============
2025-09-03 21:31:34 DEBUG [http-nio-8080-exec-3] d.b.r.user.UserExceptionHandler - ============
2025-09-03 21:31:35 WARN  [http-nio-8080-exec-3] o.s.w.s.m.m.a.ExceptionHandlerExceptionResolver - Resolved [org.springframework.http.converter.HttpMessageNotReadableException: Required request body is missing: public org.springframework.http.ResponseEntity<org.springframework.web.servlet.mvc.method.annotation.StreamingResponseBody> dev.binz.reference.user.controller.StreamRestController.validateUser(dev.binz.reference.user.dto.UserDTO)]
2025-09-03 21:31:35 DEBUG [http-nio-8080-exec-3] d.binz.reference.filter.CustomFilter - [CustomFilter] 요청 필터링 완료
2025-09-03 21:31:35 DEBUG [http-nio-8080-exec-3] d.binz.reference.filter.CustomFilter - [CustomFilter] 요청 필터링 완료
2025-09-03 21:31:35 INFO  [tomcat-shutdown] o.s.b.w.e.tomcat.GracefulShutdown - Graceful shutdown complete
2025-09-03 21:31:35 INFO  [Thread-5] o.a.coyote.http11.Http11NioProtocol - Stopping ProtocolHandler ["http-nio-8080"]
2025-09-03 21:31:35 WARN  [Thread-5] o.s.b.f.s.DisposableBeanAdapter - Invocation of destroy method failed on bean with name 'inMemoryDatabaseShutdownExecutor': org.h2.jdbc.JdbcSQLNonTransientConnectionException: Database is already closed (to disable automatic closing at VM shutdown, add ";DB_CLOSE_ON_EXIT=FALSE" to the db URL) [90121-232]
2025-09-03 21:31:35 INFO  [Thread-5] com.zaxxer.hikari.HikariDataSource - HikariPool-1 - Shutdown initiated...
2025-09-03 21:31:35 INFO  [Thread-5] com.zaxxer.hikari.HikariDataSource - HikariPool-1 - Shutdown completed.
2025-09-03 21:31:35 DEBUG [Thread-5] d.binz.reference.filter.CustomFilter - CustomFilter 종료됨
2025-09-03 21:31:35 DEBUG [Thread-5] d.binz.reference.filter.CustomFilter - CustomFilter 종료됨
2025-09-03 21:31:35 DEBUG [Thread-5] d.binz.reference.filter.CustomFilter - CustomFilter 종료됨
2025-09-03 21:31:35 DEBUG [Thread-5] d.binz.reference.filter.CustomFilter - CustomFilter 종료됨
2025-09-03 21:31:35 INFO  [restartedMain] d.b.reference.ReferenceApplication - Starting ReferenceApplication using Java 22.0.1 with PID 7600 (C:\DEV_SRC\eclipse\Reference\target\classes started by sonzw in C:\DEV_SRC\eclipse\Reference)
2025-09-03 21:31:35 INFO  [restartedMain] d.b.reference.ReferenceApplication - Starting ReferenceApplication using Java 22.0.1 with PID 7600 (C:\DEV_SRC\eclipse\Reference\target\classes started by sonzw in C:\DEV_SRC\eclipse\Reference)
2025-09-03 21:31:35 DEBUG [restartedMain] d.b.reference.ReferenceApplication - Running with Spring Boot v3.4.3, Spring v6.2.3
2025-09-03 21:31:35 DEBUG [restartedMain] d.b.reference.ReferenceApplication - Running with Spring Boot v3.4.3, Spring v6.2.3
2025-09-03 21:31:35 INFO  [restartedMain] d.b.reference.ReferenceApplication - No active profile set, falling back to 1 default profile: "default"
2025-09-03 21:31:35 INFO  [restartedMain] d.b.reference.ReferenceApplication - No active profile set, falling back to 1 default profile: "default"
2025-09-03 21:31:35 WARN  [restartedMain] o.m.s.mapper.ClassPathMapperScanner - No MyBatis mapper was found in '[dev.binz.reference]' package. Please check your configuration.
2025-09-03 21:31:35 INFO  [restartedMain] o.s.b.w.e.tomcat.TomcatWebServer - Tomcat initialized with port 8080 (http)
2025-09-03 21:31:35 INFO  [restartedMain] o.a.coyote.http11.Http11NioProtocol - Initializing ProtocolHandler ["http-nio-8080"]
2025-09-03 21:31:35 INFO  [restartedMain] o.a.catalina.core.StandardService - Starting service [Tomcat]
2025-09-03 21:31:35 INFO  [restartedMain] o.a.catalina.core.StandardEngine - Starting Servlet engine: [Apache Tomcat/10.1.36]
2025-09-03 21:31:35 INFO  [restartedMain] o.a.c.c.C.[Tomcat].[localhost].[/] - Initializing Spring embedded WebApplicationContext
2025-09-03 21:31:35 INFO  [restartedMain] o.s.b.w.s.c.ServletWebServerApplicationContext - Root WebApplicationContext: initialization completed in 300 ms
2025-09-03 21:31:35 DEBUG [restartedMain] d.binz.reference.filter.CustomFilter - CustomFilter 초기화됨
2025-09-03 21:31:35 DEBUG [restartedMain] d.binz.reference.filter.CustomFilter - CustomFilter 초기화됨
2025-09-03 21:31:35 DEBUG [restartedMain] d.binz.reference.filter.CustomFilter - CustomFilter 초기화됨
2025-09-03 21:31:35 DEBUG [restartedMain] d.binz.reference.filter.CustomFilter - CustomFilter 초기화됨
2025-09-03 21:31:35 INFO  [restartedMain] com.zaxxer.hikari.HikariDataSource - HikariPool-2 - Starting...
2025-09-03 21:31:35 INFO  [restartedMain] com.zaxxer.hikari.pool.HikariPool - HikariPool-2 - Added connection conn10: url=jdbc:h2:mem:fc3cbae5-92e5-49e7-bef8-85ad875843c7 user=SA
2025-09-03 21:31:35 INFO  [restartedMain] com.zaxxer.hikari.HikariDataSource - HikariPool-2 - Start completed.
2025-09-03 21:31:35 INFO  [restartedMain] o.s.b.a.h.H2ConsoleAutoConfiguration - H2 console available at '/h2-console'. Database available at 'jdbc:h2:mem:fc3cbae5-92e5-49e7-bef8-85ad875843c7'
2025-09-03 21:31:35 INFO  [restartedMain] o.s.b.d.a.OptionalLiveReloadServer - LiveReload server is running on port 35729
2025-09-03 21:31:35 INFO  [restartedMain] o.a.coyote.http11.Http11NioProtocol - Starting ProtocolHandler ["http-nio-8080"]
2025-09-03 21:31:35 INFO  [restartedMain] o.s.b.w.e.tomcat.TomcatWebServer - Tomcat started on port 8080 (http) with context path '/'
2025-09-03 21:31:35 INFO  [restartedMain] d.b.reference.ReferenceApplication - Started ReferenceApplication in 0.489 seconds (process running for 34.232)
2025-09-03 21:31:35 INFO  [restartedMain] d.b.reference.ReferenceApplication - Started ReferenceApplication in 0.489 seconds (process running for 34.232)
2025-09-03 21:31:35 INFO  [restartedMain] o.s.b.d.a.ConditionEvaluationDeltaLoggingListener - Condition evaluation unchanged
2025-09-03 21:31:42 INFO  [http-nio-8080-exec-1] o.a.c.c.C.[Tomcat].[localhost].[/] - Initializing Spring DispatcherServlet 'dispatcherServlet'
2025-09-03 21:31:42 INFO  [http-nio-8080-exec-1] o.s.web.servlet.DispatcherServlet - Initializing Servlet 'dispatcherServlet'
2025-09-03 21:31:42 INFO  [http-nio-8080-exec-1] o.s.web.servlet.DispatcherServlet - Completed initialization in 1 ms
2025-09-03 21:31:42 DEBUG [http-nio-8080-exec-1] d.binz.reference.filter.CustomFilter - [CustomFilter] 요청 필터링 시작
2025-09-03 21:31:42 DEBUG [http-nio-8080-exec-1] d.binz.reference.filter.CustomFilter - [CustomFilter] 요청 필터링 시작
2025-09-03 21:31:42 DEBUG [http-nio-8080-exec-1] d.b.r.u.c.StreamRestController - =====validateUser
2025-09-03 21:31:42 DEBUG [http-nio-8080-exec-1] d.b.r.u.c.StreamRestController - =====validateUser
2025-09-03 21:31:42 DEBUG [http-nio-8080-exec-1] d.binz.reference.filter.CustomFilter - [CustomFilter] 요청 필터링 완료
2025-09-03 21:31:42 DEBUG [http-nio-8080-exec-1] d.binz.reference.filter.CustomFilter - [CustomFilter] 요청 필터링 완료
2025-09-03 21:32:39 INFO  [File Watcher] o.s.b.d.a.LocalDevToolsAutoConfiguration$RestartingClassPathChangeChangedEventListener - Restarting due to 1 class path change (0 additions, 0 deletions, 1 modification)
2025-09-03 21:32:39 INFO  [Thread-7] o.s.b.w.e.tomcat.GracefulShutdown - Commencing graceful shutdown. Waiting for active requests to complete
2025-09-03 21:32:39 INFO  [tomcat-shutdown] o.a.coyote.http11.Http11NioProtocol - Pausing ProtocolHandler ["http-nio-8080"]
2025-09-03 21:32:39 INFO  [tomcat-shutdown] o.s.b.w.e.tomcat.GracefulShutdown - Graceful shutdown complete
2025-09-03 21:32:39 INFO  [Thread-7] o.a.coyote.http11.Http11NioProtocol - Stopping ProtocolHandler ["http-nio-8080"]
2025-09-03 21:32:39 WARN  [Thread-7] o.s.b.f.s.DisposableBeanAdapter - Invocation of destroy method failed on bean with name 'inMemoryDatabaseShutdownExecutor': org.h2.jdbc.JdbcSQLNonTransientConnectionException: Database is already closed (to disable automatic closing at VM shutdown, add ";DB_CLOSE_ON_EXIT=FALSE" to the db URL) [90121-232]
2025-09-03 21:32:39 INFO  [Thread-7] com.zaxxer.hikari.HikariDataSource - HikariPool-2 - Shutdown initiated...
2025-09-03 21:32:39 INFO  [Thread-7] com.zaxxer.hikari.HikariDataSource - HikariPool-2 - Shutdown completed.
2025-09-03 21:32:39 DEBUG [Thread-7] d.binz.reference.filter.CustomFilter - CustomFilter 종료됨
2025-09-03 21:32:39 DEBUG [Thread-7] d.binz.reference.filter.CustomFilter - CustomFilter 종료됨
2025-09-03 21:32:39 DEBUG [Thread-7] d.binz.reference.filter.CustomFilter - CustomFilter 종료됨
2025-09-03 21:32:39 DEBUG [Thread-7] d.binz.reference.filter.CustomFilter - CustomFilter 종료됨
2025-09-03 21:32:39 INFO  [restartedMain] d.b.reference.ReferenceApplication - Starting ReferenceApplication using Java 22.0.1 with PID 7600 (C:\DEV_SRC\eclipse\Reference\target\classes started by sonzw in C:\DEV_SRC\eclipse\Reference)
2025-09-03 21:32:39 INFO  [restartedMain] d.b.reference.ReferenceApplication - Starting ReferenceApplication using Java 22.0.1 with PID 7600 (C:\DEV_SRC\eclipse\Reference\target\classes started by sonzw in C:\DEV_SRC\eclipse\Reference)
2025-09-03 21:32:39 DEBUG [restartedMain] d.b.reference.ReferenceApplication - Running with Spring Boot v3.4.3, Spring v6.2.3
2025-09-03 21:32:39 DEBUG [restartedMain] d.b.reference.ReferenceApplication - Running with Spring Boot v3.4.3, Spring v6.2.3
2025-09-03 21:32:39 INFO  [restartedMain] d.b.reference.ReferenceApplication - No active profile set, falling back to 1 default profile: "default"
2025-09-03 21:32:39 INFO  [restartedMain] d.b.reference.ReferenceApplication - No active profile set, falling back to 1 default profile: "default"
2025-09-03 21:32:40 WARN  [restartedMain] o.m.s.mapper.ClassPathMapperScanner - No MyBatis mapper was found in '[dev.binz.reference]' package. Please check your configuration.
2025-09-03 21:32:40 INFO  [restartedMain] o.s.b.w.e.tomcat.TomcatWebServer - Tomcat initialized with port 8080 (http)
2025-09-03 21:32:40 INFO  [restartedMain] o.a.coyote.http11.Http11NioProtocol - Initializing ProtocolHandler ["http-nio-8080"]
2025-09-03 21:32:40 INFO  [restartedMain] o.a.catalina.core.StandardService - Starting service [Tomcat]
2025-09-03 21:32:40 INFO  [restartedMain] o.a.catalina.core.StandardEngine - Starting Servlet engine: [Apache Tomcat/10.1.36]
2025-09-03 21:32:40 INFO  [restartedMain] o.a.c.c.C.[Tomcat].[localhost].[/] - Initializing Spring embedded WebApplicationContext
2025-09-03 21:32:40 INFO  [restartedMain] o.s.b.w.s.c.ServletWebServerApplicationContext - Root WebApplicationContext: initialization completed in 314 ms
2025-09-03 21:32:40 DEBUG [restartedMain] d.binz.reference.filter.CustomFilter - CustomFilter 초기화됨
2025-09-03 21:32:40 DEBUG [restartedMain] d.binz.reference.filter.CustomFilter - CustomFilter 초기화됨
2025-09-03 21:32:40 DEBUG [restartedMain] d.binz.reference.filter.CustomFilter - CustomFilter 초기화됨
2025-09-03 21:32:40 DEBUG [restartedMain] d.binz.reference.filter.CustomFilter - CustomFilter 초기화됨
2025-09-03 21:32:40 INFO  [restartedMain] com.zaxxer.hikari.HikariDataSource - HikariPool-3 - Starting...
2025-09-03 21:32:40 INFO  [restartedMain] com.zaxxer.hikari.pool.HikariPool - HikariPool-3 - Added connection conn20: url=jdbc:h2:mem:9838033a-c4c0-4834-b53c-d0af6b8cb380 user=SA
2025-09-03 21:32:40 INFO  [restartedMain] com.zaxxer.hikari.HikariDataSource - HikariPool-3 - Start completed.
2025-09-03 21:32:40 INFO  [restartedMain] o.s.b.a.h.H2ConsoleAutoConfiguration - H2 console available at '/h2-console'. Database available at 'jdbc:h2:mem:9838033a-c4c0-4834-b53c-d0af6b8cb380'
2025-09-03 21:32:40 INFO  [restartedMain] o.s.b.d.a.OptionalLiveReloadServer - LiveReload server is running on port 35729
2025-09-03 21:32:40 INFO  [restartedMain] o.a.coyote.http11.Http11NioProtocol - Starting ProtocolHandler ["http-nio-8080"]
2025-09-03 21:32:40 INFO  [restartedMain] o.s.b.w.e.tomcat.TomcatWebServer - Tomcat started on port 8080 (http) with context path '/'
2025-09-03 21:32:40 INFO  [restartedMain] d.b.reference.ReferenceApplication - Started ReferenceApplication in 0.483 seconds (process running for 98.865)
2025-09-03 21:32:40 INFO  [restartedMain] d.b.reference.ReferenceApplication - Started ReferenceApplication in 0.483 seconds (process running for 98.865)
2025-09-03 21:32:40 INFO  [restartedMain] o.s.b.d.a.ConditionEvaluationDeltaLoggingListener - Condition evaluation unchanged
2025-09-03 21:32:43 INFO  [File Watcher] o.s.b.d.a.LocalDevToolsAutoConfiguration$RestartingClassPathChangeChangedEventListener - Restarting due to 1 class path change (0 additions, 0 deletions, 1 modification)
2025-09-03 21:32:43 INFO  [Thread-12] o.s.b.w.e.tomcat.GracefulShutdown - Commencing graceful shutdown. Waiting for active requests to complete
2025-09-03 21:32:43 INFO  [tomcat-shutdown] o.a.coyote.http11.Http11NioProtocol - Pausing ProtocolHandler ["http-nio-8080"]
2025-09-03 21:32:43 INFO  [tomcat-shutdown] o.s.b.w.e.tomcat.GracefulShutdown - Graceful shutdown complete
2025-09-03 21:32:43 INFO  [Thread-12] o.a.coyote.http11.Http11NioProtocol - Stopping ProtocolHandler ["http-nio-8080"]
2025-09-03 21:32:43 WARN  [Thread-12] o.s.b.f.s.DisposableBeanAdapter - Invocation of destroy method failed on bean with name 'inMemoryDatabaseShutdownExecutor': org.h2.jdbc.JdbcSQLNonTransientConnectionException: Database is already closed (to disable automatic closing at VM shutdown, add ";DB_CLOSE_ON_EXIT=FALSE" to the db URL) [90121-232]
2025-09-03 21:32:43 INFO  [Thread-12] com.zaxxer.hikari.HikariDataSource - HikariPool-3 - Shutdown initiated...
2025-09-03 21:32:43 INFO  [Thread-12] com.zaxxer.hikari.HikariDataSource - HikariPool-3 - Shutdown completed.
2025-09-03 21:32:43 DEBUG [Thread-12] d.binz.reference.filter.CustomFilter - CustomFilter 종료됨
2025-09-03 21:32:43 DEBUG [Thread-12] d.binz.reference.filter.CustomFilter - CustomFilter 종료됨
2025-09-03 21:32:43 DEBUG [Thread-12] d.binz.reference.filter.CustomFilter - CustomFilter 종료됨
2025-09-03 21:32:43 DEBUG [Thread-12] d.binz.reference.filter.CustomFilter - CustomFilter 종료됨
2025-09-03 21:32:43 INFO  [restartedMain] d.b.reference.ReferenceApplication - Starting ReferenceApplication using Java 22.0.1 with PID 7600 (C:\DEV_SRC\eclipse\Reference\target\classes started by sonzw in C:\DEV_SRC\eclipse\Reference)
2025-09-03 21:32:43 INFO  [restartedMain] d.b.reference.ReferenceApplication - Starting ReferenceApplication using Java 22.0.1 with PID 7600 (C:\DEV_SRC\eclipse\Reference\target\classes started by sonzw in C:\DEV_SRC\eclipse\Reference)
2025-09-03 21:32:43 DEBUG [restartedMain] d.b.reference.ReferenceApplication - Running with Spring Boot v3.4.3, Spring v6.2.3
2025-09-03 21:32:43 DEBUG [restartedMain] d.b.reference.ReferenceApplication - Running with Spring Boot v3.4.3, Spring v6.2.3
2025-09-03 21:32:43 INFO  [restartedMain] d.b.reference.ReferenceApplication - No active profile set, falling back to 1 default profile: "default"
2025-09-03 21:32:43 INFO  [restartedMain] d.b.reference.ReferenceApplication - No active profile set, falling back to 1 default profile: "default"
2025-09-03 21:32:44 WARN  [restartedMain] o.m.s.mapper.ClassPathMapperScanner - No MyBatis mapper was found in '[dev.binz.reference]' package. Please check your configuration.
2025-09-03 21:32:44 INFO  [restartedMain] o.s.b.w.e.tomcat.TomcatWebServer - Tomcat initialized with port 8080 (http)
2025-09-03 21:32:44 INFO  [restartedMain] o.a.coyote.http11.Http11NioProtocol - Initializing ProtocolHandler ["http-nio-8080"]
2025-09-03 21:32:44 INFO  [restartedMain] o.a.catalina.core.StandardService - Starting service [Tomcat]
2025-09-03 21:32:44 INFO  [restartedMain] o.a.catalina.core.StandardEngine - Starting Servlet engine: [Apache Tomcat/10.1.36]
2025-09-03 21:32:44 INFO  [restartedMain] o.a.c.c.C.[Tomcat].[localhost].[/] - Initializing Spring embedded WebApplicationContext
2025-09-03 21:32:44 INFO  [restartedMain] o.s.b.w.s.c.ServletWebServerApplicationContext - Root WebApplicationContext: initialization completed in 276 ms
2025-09-03 21:32:44 DEBUG [restartedMain] d.binz.reference.filter.CustomFilter - CustomFilter 초기화됨
2025-09-03 21:32:44 DEBUG [restartedMain] d.binz.reference.filter.CustomFilter - CustomFilter 초기화됨
2025-09-03 21:32:44 DEBUG [restartedMain] d.binz.reference.filter.CustomFilter - CustomFilter 초기화됨
2025-09-03 21:32:44 DEBUG [restartedMain] d.binz.reference.filter.CustomFilter - CustomFilter 초기화됨
2025-09-03 21:32:44 INFO  [restartedMain] com.zaxxer.hikari.HikariDataSource - HikariPool-4 - Starting...
2025-09-03 21:32:44 INFO  [restartedMain] com.zaxxer.hikari.pool.HikariPool - HikariPool-4 - Added connection conn30: url=jdbc:h2:mem:8017df01-2e19-4969-bbc1-040bacc84408 user=SA
2025-09-03 21:32:44 INFO  [restartedMain] com.zaxxer.hikari.HikariDataSource - HikariPool-4 - Start completed.
2025-09-03 21:32:44 INFO  [restartedMain] o.s.b.a.h.H2ConsoleAutoConfiguration - H2 console available at '/h2-console'. Database available at 'jdbc:h2:mem:8017df01-2e19-4969-bbc1-040bacc84408'
2025-09-03 21:32:44 INFO  [restartedMain] o.s.b.d.a.OptionalLiveReloadServer - LiveReload server is running on port 35729
2025-09-03 21:32:44 INFO  [restartedMain] o.a.coyote.http11.Http11NioProtocol - Starting ProtocolHandler ["http-nio-8080"]
2025-09-03 21:32:44 INFO  [restartedMain] o.s.b.w.e.tomcat.TomcatWebServer - Tomcat started on port 8080 (http) with context path '/'
2025-09-03 21:32:44 INFO  [restartedMain] d.b.reference.ReferenceApplication - Started ReferenceApplication in 0.445 seconds (process running for 102.878)
2025-09-03 21:32:44 INFO  [restartedMain] d.b.reference.ReferenceApplication - Started ReferenceApplication in 0.445 seconds (process running for 102.878)
2025-09-03 21:32:44 INFO  [restartedMain] o.s.b.d.a.ConditionEvaluationDeltaLoggingListener - Condition evaluation unchanged
2025-09-03 21:32:48 INFO  [File Watcher] o.s.b.d.a.LocalDevToolsAutoConfiguration$RestartingClassPathChangeChangedEventListener - Restarting due to 2 class path changes (0 additions, 0 deletions, 2 modifications)
2025-09-03 21:32:48 INFO  [Thread-16] o.s.b.w.e.tomcat.GracefulShutdown - Commencing graceful shutdown. Waiting for active requests to complete
2025-09-03 21:32:48 INFO  [tomcat-shutdown] o.a.coyote.http11.Http11NioProtocol - Pausing ProtocolHandler ["http-nio-8080"]
2025-09-03 21:32:48 INFO  [tomcat-shutdown] o.s.b.w.e.tomcat.GracefulShutdown - Graceful shutdown complete
2025-09-03 21:32:48 INFO  [Thread-16] o.a.coyote.http11.Http11NioProtocol - Stopping ProtocolHandler ["http-nio-8080"]
2025-09-03 21:32:48 WARN  [Thread-16] o.s.b.f.s.DisposableBeanAdapter - Invocation of destroy method failed on bean with name 'inMemoryDatabaseShutdownExecutor': org.h2.jdbc.JdbcSQLNonTransientConnectionException: Database is already closed (to disable automatic closing at VM shutdown, add ";DB_CLOSE_ON_EXIT=FALSE" to the db URL) [90121-232]
2025-09-03 21:32:48 INFO  [Thread-16] com.zaxxer.hikari.HikariDataSource - HikariPool-4 - Shutdown initiated...
2025-09-03 21:32:48 INFO  [Thread-16] com.zaxxer.hikari.HikariDataSource - HikariPool-4 - Shutdown completed.
2025-09-03 21:32:48 DEBUG [Thread-16] d.binz.reference.filter.CustomFilter - CustomFilter 종료됨
2025-09-03 21:32:48 DEBUG [Thread-16] d.binz.reference.filter.CustomFilter - CustomFilter 종료됨
2025-09-03 21:32:48 DEBUG [Thread-16] d.binz.reference.filter.CustomFilter - CustomFilter 종료됨
2025-09-03 21:32:48 DEBUG [Thread-16] d.binz.reference.filter.CustomFilter - CustomFilter 종료됨
2025-09-03 21:32:48 INFO  [restartedMain] d.b.reference.ReferenceApplication - Starting ReferenceApplication using Java 22.0.1 with PID 7600 (C:\DEV_SRC\eclipse\Reference\target\classes started by sonzw in C:\DEV_SRC\eclipse\Reference)
2025-09-03 21:32:48 INFO  [restartedMain] d.b.reference.ReferenceApplication - Starting ReferenceApplication using Java 22.0.1 with PID 7600 (C:\DEV_SRC\eclipse\Reference\target\classes started by sonzw in C:\DEV_SRC\eclipse\Reference)
2025-09-03 21:32:48 DEBUG [restartedMain] d.b.reference.ReferenceApplication - Running with Spring Boot v3.4.3, Spring v6.2.3
2025-09-03 21:32:48 DEBUG [restartedMain] d.b.reference.ReferenceApplication - Running with Spring Boot v3.4.3, Spring v6.2.3
2025-09-03 21:32:48 INFO  [restartedMain] d.b.reference.ReferenceApplication - No active profile set, falling back to 1 default profile: "default"
2025-09-03 21:32:48 INFO  [restartedMain] d.b.reference.ReferenceApplication - No active profile set, falling back to 1 default profile: "default"
2025-09-03 21:32:49 WARN  [restartedMain] o.m.s.mapper.ClassPathMapperScanner - No MyBatis mapper was found in '[dev.binz.reference]' package. Please check your configuration.
2025-09-03 21:32:49 INFO  [restartedMain] o.s.b.w.e.tomcat.TomcatWebServer - Tomcat initialized with port 8080 (http)
2025-09-03 21:32:49 INFO  [restartedMain] o.a.coyote.http11.Http11NioProtocol - Initializing ProtocolHandler ["http-nio-8080"]
2025-09-03 21:32:49 INFO  [restartedMain] o.a.catalina.core.StandardService - Starting service [Tomcat]
2025-09-03 21:32:49 INFO  [restartedMain] o.a.catalina.core.StandardEngine - Starting Servlet engine: [Apache Tomcat/10.1.36]
2025-09-03 21:32:49 INFO  [restartedMain] o.a.c.c.C.[Tomcat].[localhost].[/] - Initializing Spring embedded WebApplicationContext
2025-09-03 21:32:49 INFO  [restartedMain] o.s.b.w.s.c.ServletWebServerApplicationContext - Root WebApplicationContext: initialization completed in 261 ms
2025-09-03 21:32:49 DEBUG [restartedMain] d.binz.reference.filter.CustomFilter - CustomFilter 초기화됨
2025-09-03 21:32:49 DEBUG [restartedMain] d.binz.reference.filter.CustomFilter - CustomFilter 초기화됨
2025-09-03 21:32:49 DEBUG [restartedMain] d.binz.reference.filter.CustomFilter - CustomFilter 초기화됨
2025-09-03 21:32:49 DEBUG [restartedMain] d.binz.reference.filter.CustomFilter - CustomFilter 초기화됨
2025-09-03 21:32:49 WARN  [restartedMain] o.s.b.w.s.c.AnnotationConfigServletWebServerApplicationContext - Exception encountered during context initialization - cancelling refresh attempt: org.springframework.beans.factory.BeanCreationException: Error creating bean with name 'streamRestController' defined in file [C:\DEV_SRC\eclipse\Reference\target\classes\dev\binz\reference\user\controller\StreamRestController.class]: Failed to instantiate [dev.binz.reference.user.controller.StreamRestController]: Constructor threw exception
2025-09-03 21:32:49 INFO  [restartedMain] o.a.catalina.core.StandardService - Stopping service [Tomcat]
2025-09-03 21:32:49 DEBUG [restartedMain] d.binz.reference.filter.CustomFilter - CustomFilter 종료됨
2025-09-03 21:32:49 DEBUG [restartedMain] d.binz.reference.filter.CustomFilter - CustomFilter 종료됨
2025-09-03 21:32:49 DEBUG [restartedMain] d.binz.reference.filter.CustomFilter - CustomFilter 종료됨
2025-09-03 21:32:49 DEBUG [restartedMain] d.binz.reference.filter.CustomFilter - CustomFilter 종료됨
2025-09-03 21:32:49 INFO  [restartedMain] o.s.b.a.l.ConditionEvaluationReportLogger - 

Error starting ApplicationContext. To display the condition evaluation report re-run your application with 'debug' enabled.
2025-09-03 21:32:49 ERROR [restartedMain] o.s.boot.SpringApplication - Application run failed
org.springframework.beans.factory.BeanCreationException: Error creating bean with name 'streamRestController' defined in file [C:\DEV_SRC\eclipse\Reference\target\classes\dev\binz\reference\user\controller\StreamRestController.class]: Failed to instantiate [dev.binz.reference.user.controller.StreamRestController]: Constructor threw exception
	at org.springframework.beans.factory.support.AbstractAutowireCapableBeanFactory.instantiateBean(AbstractAutowireCapableBeanFactory.java:1343)
	at org.springframework.beans.factory.support.AbstractAutowireCapableBeanFactory.createBeanInstance(AbstractAutowireCapableBeanFactory.java:1228)
	at org.springframework.beans.factory.support.AbstractAutowireCapableBeanFactory.doCreateBean(AbstractAutowireCapableBeanFactory.java:563)
	at org.springframework.beans.factory.support.AbstractAutowireCapableBeanFactory.createBean(AbstractAutowireCapableBeanFactory.java:523)
	at org.springframework.beans.factory.support.AbstractBeanFactory.lambda$doGetBean$0(AbstractBeanFactory.java:339)
	at org.springframework.beans.factory.support.DefaultSingletonBeanRegistry.getSingleton(DefaultSingletonBeanRegistry.java:346)
	at org.springframework.beans.factory.support.AbstractBeanFactory.doGetBean(AbstractBeanFactory.java:337)
	at org.springframework.beans.factory.support.AbstractBeanFactory.getBean(AbstractBeanFactory.java:202)
	at org.springframework.beans.factory.support.DefaultListableBeanFactory.instantiateSingleton(DefaultListableBeanFactory.java:1155)
	at org.springframework.beans.factory.support.DefaultListableBeanFactory.preInstantiateSingleton(DefaultListableBeanFactory.java:1121)
	at org.springframework.beans.factory.support.DefaultListableBeanFactory.preInstantiateSingletons(DefaultListableBeanFactory.java:1056)
	at org.springframework.context.support.AbstractApplicationContext.finishBeanFactoryInitialization(AbstractApplicationContext.java:987)
	at org.springframework.context.support.AbstractApplicationContext.refresh(AbstractApplicationContext.java:627)
	at org.springframework.boot.web.servlet.context.ServletWebServerApplicationContext.refresh(ServletWebServerApplicationContext.java:146)
	at org.springframework.boot.SpringApplication.refresh(SpringApplication.java:752)
	at org.springframework.boot.SpringApplication.refreshContext(SpringApplication.java:439)
	at org.springframework.boot.SpringApplication.run(SpringApplication.java:318)
	at org.springframework.boot.SpringApplication.run(SpringApplication.java:1361)
	at org.springframework.boot.SpringApplication.run(SpringApplication.java:1350)
	at dev.binz.reference.ReferenceApplication.main(ReferenceApplication.java:10)
	at java.base/jdk.internal.reflect.DirectMethodHandleAccessor.invoke(DirectMethodHandleAccessor.java:103)
	at java.base/java.lang.reflect.Method.invoke(Method.java:580)
	at org.springframework.boot.devtools.restart.RestartLauncher.run(RestartLauncher.java:50)
Caused by: org.springframework.beans.BeanInstantiationException: Failed to instantiate [dev.binz.reference.user.controller.StreamRestController]: Constructor threw exception
	at org.springframework.beans.BeanUtils.instantiateClass(BeanUtils.java:222)
	at org.springframework.beans.factory.support.SimpleInstantiationStrategy.instantiate(SimpleInstantiationStrategy.java:122)
	at org.springframework.beans.factory.support.AbstractAutowireCapableBeanFactory.instantiateBean(AbstractAutowireCapableBeanFactory.java:1337)
	... 22 common frames omitted
Caused by: java.lang.Error: Unresolved compilation problem: 
	Unhandled exception type InterruptedException

	at dev.binz.reference.user.controller.StreamRestController.<init>(StreamRestController.java:35)
	at java.base/jdk.internal.reflect.DirectConstructorHandleAccessor.newInstance(DirectConstructorHandleAccessor.java:62)
	at java.base/java.lang.reflect.Constructor.newInstanceWithCaller(Constructor.java:502)
	at java.base/java.lang.reflect.Constructor.newInstance(Constructor.java:486)
	at org.springframework.beans.BeanUtils.instantiateClass(BeanUtils.java:196)
	... 24 common frames omitted
2025-09-03 21:32:55 INFO  [restartedMain] d.b.reference.ReferenceApplication - Starting ReferenceApplication using Java 22.0.1 with PID 7600 (C:\DEV_SRC\eclipse\Reference\target\classes started by sonzw in C:\DEV_SRC\eclipse\Reference)
2025-09-03 21:32:55 INFO  [restartedMain] d.b.reference.ReferenceApplication - Starting ReferenceApplication using Java 22.0.1 with PID 7600 (C:\DEV_SRC\eclipse\Reference\target\classes started by sonzw in C:\DEV_SRC\eclipse\Reference)
2025-09-03 21:32:55 DEBUG [restartedMain] d.b.reference.ReferenceApplication - Running with Spring Boot v3.4.3, Spring v6.2.3
2025-09-03 21:32:55 DEBUG [restartedMain] d.b.reference.ReferenceApplication - Running with Spring Boot v3.4.3, Spring v6.2.3
2025-09-03 21:32:55 INFO  [restartedMain] d.b.reference.ReferenceApplication - No active profile set, falling back to 1 default profile: "default"
2025-09-03 21:32:55 INFO  [restartedMain] d.b.reference.ReferenceApplication - No active profile set, falling back to 1 default profile: "default"
2025-09-03 21:32:56 WARN  [restartedMain] o.m.s.mapper.ClassPathMapperScanner - No MyBatis mapper was found in '[dev.binz.reference]' package. Please check your configuration.
2025-09-03 21:32:56 INFO  [restartedMain] o.s.b.w.e.tomcat.TomcatWebServer - Tomcat initialized with port 8080 (http)
2025-09-03 21:32:56 INFO  [restartedMain] o.a.coyote.http11.Http11NioProtocol - Initializing ProtocolHandler ["http-nio-8080"]
2025-09-03 21:32:56 INFO  [restartedMain] o.a.catalina.core.StandardService - Starting service [Tomcat]
2025-09-03 21:32:56 INFO  [restartedMain] o.a.catalina.core.StandardEngine - Starting Servlet engine: [Apache Tomcat/10.1.36]
2025-09-03 21:32:56 INFO  [restartedMain] o.a.c.c.C.[Tomcat-1].[localhost].[/] - Initializing Spring embedded WebApplicationContext
2025-09-03 21:32:56 INFO  [restartedMain] o.s.b.w.s.c.ServletWebServerApplicationContext - Root WebApplicationContext: initialization completed in 269 ms
2025-09-03 21:32:56 DEBUG [restartedMain] d.binz.reference.filter.CustomFilter - CustomFilter 초기화됨
2025-09-03 21:32:56 DEBUG [restartedMain] d.binz.reference.filter.CustomFilter - CustomFilter 초기화됨
2025-09-03 21:32:56 DEBUG [restartedMain] d.binz.reference.filter.CustomFilter - CustomFilter 초기화됨
2025-09-03 21:32:56 DEBUG [restartedMain] d.binz.reference.filter.CustomFilter - CustomFilter 초기화됨
2025-09-03 21:32:56 INFO  [restartedMain] com.zaxxer.hikari.HikariDataSource - HikariPool-5 - Starting...
2025-09-03 21:32:56 INFO  [restartedMain] com.zaxxer.hikari.pool.HikariPool - HikariPool-5 - Added connection conn40: url=jdbc:h2:mem:a411201b-13e2-42a7-b363-6d3e01d5ddf5 user=SA
2025-09-03 21:32:56 INFO  [restartedMain] com.zaxxer.hikari.HikariDataSource - HikariPool-5 - Start completed.
2025-09-03 21:32:56 INFO  [restartedMain] o.s.b.a.h.H2ConsoleAutoConfiguration - H2 console available at '/h2-console'. Database available at 'jdbc:h2:mem:a411201b-13e2-42a7-b363-6d3e01d5ddf5'
2025-09-03 21:32:56 INFO  [restartedMain] o.s.b.d.a.OptionalLiveReloadServer - LiveReload server is running on port 35729
2025-09-03 21:32:56 INFO  [restartedMain] o.a.coyote.http11.Http11NioProtocol - Starting ProtocolHandler ["http-nio-8080"]
2025-09-03 21:32:56 INFO  [restartedMain] o.s.b.w.e.tomcat.TomcatWebServer - Tomcat started on port 8080 (http) with context path '/'
2025-09-03 21:32:56 INFO  [restartedMain] d.b.reference.ReferenceApplication - Started ReferenceApplication in 0.434 seconds (process running for 114.882)
2025-09-03 21:32:56 INFO  [restartedMain] d.b.reference.ReferenceApplication - Started ReferenceApplication in 0.434 seconds (process running for 114.882)
2025-09-03 21:32:56 INFO  [restartedMain] o.s.b.d.a.ConditionEvaluationDeltaLoggingListener - Condition evaluation unchanged
2025-09-03 21:33:01 INFO  [http-nio-8080-exec-1] o.a.c.c.C.[Tomcat-1].[localhost].[/] - Initializing Spring DispatcherServlet 'dispatcherServlet'
2025-09-03 21:33:01 INFO  [http-nio-8080-exec-1] o.s.web.servlet.DispatcherServlet - Initializing Servlet 'dispatcherServlet'
2025-09-03 21:33:01 INFO  [http-nio-8080-exec-1] o.s.web.servlet.DispatcherServlet - Completed initialization in 1 ms
2025-09-03 21:33:01 DEBUG [http-nio-8080-exec-1] d.binz.reference.filter.CustomFilter - [CustomFilter] 요청 필터링 시작
2025-09-03 21:33:01 DEBUG [http-nio-8080-exec-1] d.binz.reference.filter.CustomFilter - [CustomFilter] 요청 필터링 시작
2025-09-03 21:33:01 DEBUG [http-nio-8080-exec-1] d.b.r.u.c.StreamRestController - =====validateUser
2025-09-03 21:33:01 DEBUG [http-nio-8080-exec-1] d.b.r.u.c.StreamRestController - =====validateUser
2025-09-03 21:33:01 DEBUG [http-nio-8080-exec-1] d.binz.reference.filter.CustomFilter - [CustomFilter] 요청 필터링 완료
2025-09-03 21:33:01 DEBUG [http-nio-8080-exec-1] d.binz.reference.filter.CustomFilter - [CustomFilter] 요청 필터링 완료
2025-09-03 21:34:43 INFO  [File Watcher] o.s.b.d.a.LocalDevToolsAutoConfiguration$RestartingClassPathChangeChangedEventListener - Restarting due to 1 class path change (0 additions, 0 deletions, 1 modification)
2025-09-03 21:34:43 INFO  [Thread-20] o.s.b.w.e.tomcat.GracefulShutdown - Commencing graceful shutdown. Waiting for active requests to complete
2025-09-03 21:34:43 INFO  [tomcat-shutdown] o.a.coyote.http11.Http11NioProtocol - Pausing ProtocolHandler ["http-nio-8080"]
2025-09-03 21:34:43 INFO  [tomcat-shutdown] o.s.b.w.e.tomcat.GracefulShutdown - Graceful shutdown complete
2025-09-03 21:34:43 INFO  [Thread-20] o.a.coyote.http11.Http11NioProtocol - Stopping ProtocolHandler ["http-nio-8080"]
2025-09-03 21:34:43 WARN  [Thread-20] o.s.b.f.s.DisposableBeanAdapter - Invocation of destroy method failed on bean with name 'inMemoryDatabaseShutdownExecutor': org.h2.jdbc.JdbcSQLNonTransientConnectionException: Database is already closed (to disable automatic closing at VM shutdown, add ";DB_CLOSE_ON_EXIT=FALSE" to the db URL) [90121-232]
2025-09-03 21:34:43 INFO  [Thread-20] com.zaxxer.hikari.HikariDataSource - HikariPool-5 - Shutdown initiated...
2025-09-03 21:34:43 INFO  [Thread-20] com.zaxxer.hikari.HikariDataSource - HikariPool-5 - Shutdown completed.
2025-09-03 21:34:43 DEBUG [Thread-20] d.binz.reference.filter.CustomFilter - CustomFilter 종료됨
2025-09-03 21:34:43 DEBUG [Thread-20] d.binz.reference.filter.CustomFilter - CustomFilter 종료됨
2025-09-03 21:34:43 DEBUG [Thread-20] d.binz.reference.filter.CustomFilter - CustomFilter 종료됨
2025-09-03 21:34:43 DEBUG [Thread-20] d.binz.reference.filter.CustomFilter - CustomFilter 종료됨
2025-09-03 21:34:43 INFO  [restartedMain] d.b.reference.ReferenceApplication - Starting ReferenceApplication using Java 22.0.1 with PID 7600 (C:\DEV_SRC\eclipse\Reference\target\classes started by sonzw in C:\DEV_SRC\eclipse\Reference)
2025-09-03 21:34:43 INFO  [restartedMain] d.b.reference.ReferenceApplication - Starting ReferenceApplication using Java 22.0.1 with PID 7600 (C:\DEV_SRC\eclipse\Reference\target\classes started by sonzw in C:\DEV_SRC\eclipse\Reference)
2025-09-03 21:34:43 DEBUG [restartedMain] d.b.reference.ReferenceApplication - Running with Spring Boot v3.4.3, Spring v6.2.3
2025-09-03 21:34:43 DEBUG [restartedMain] d.b.reference.ReferenceApplication - Running with Spring Boot v3.4.3, Spring v6.2.3
2025-09-03 21:34:43 INFO  [restartedMain] d.b.reference.ReferenceApplication - No active profile set, falling back to 1 default profile: "default"
2025-09-03 21:34:43 INFO  [restartedMain] d.b.reference.ReferenceApplication - No active profile set, falling back to 1 default profile: "default"
2025-09-03 21:34:43 WARN  [restartedMain] o.m.s.mapper.ClassPathMapperScanner - No MyBatis mapper was found in '[dev.binz.reference]' package. Please check your configuration.
2025-09-03 21:34:43 INFO  [restartedMain] o.s.b.w.e.tomcat.TomcatWebServer - Tomcat initialized with port 8080 (http)
2025-09-03 21:34:43 INFO  [restartedMain] o.a.coyote.http11.Http11NioProtocol - Initializing ProtocolHandler ["http-nio-8080"]
2025-09-03 21:34:43 INFO  [restartedMain] o.a.catalina.core.StandardService - Starting service [Tomcat]
2025-09-03 21:34:43 INFO  [restartedMain] o.a.catalina.core.StandardEngine - Starting Servlet engine: [Apache Tomcat/10.1.36]
2025-09-03 21:34:43 INFO  [restartedMain] o.a.c.c.C.[Tomcat-1].[localhost].[/] - Initializing Spring embedded WebApplicationContext
2025-09-03 21:34:43 INFO  [restartedMain] o.s.b.w.s.c.ServletWebServerApplicationContext - Root WebApplicationContext: initialization completed in 284 ms
2025-09-03 21:34:43 DEBUG [restartedMain] d.binz.reference.filter.CustomFilter - CustomFilter 초기화됨
2025-09-03 21:34:43 DEBUG [restartedMain] d.binz.reference.filter.CustomFilter - CustomFilter 초기화됨
2025-09-03 21:34:43 DEBUG [restartedMain] d.binz.reference.filter.CustomFilter - CustomFilter 초기화됨
2025-09-03 21:34:43 DEBUG [restartedMain] d.binz.reference.filter.CustomFilter - CustomFilter 초기화됨
2025-09-03 21:34:43 INFO  [restartedMain] com.zaxxer.hikari.HikariDataSource - HikariPool-6 - Starting...
2025-09-03 21:34:43 INFO  [restartedMain] com.zaxxer.hikari.pool.HikariPool - HikariPool-6 - Added connection conn50: url=jdbc:h2:mem:63c706ec-da52-4974-af7b-e3cfe3c7606c user=SA
2025-09-03 21:34:43 INFO  [restartedMain] com.zaxxer.hikari.HikariDataSource - HikariPool-6 - Start completed.
2025-09-03 21:34:43 INFO  [restartedMain] o.s.b.a.h.H2ConsoleAutoConfiguration - H2 console available at '/h2-console'. Database available at 'jdbc:h2:mem:63c706ec-da52-4974-af7b-e3cfe3c7606c'
2025-09-03 21:34:43 INFO  [restartedMain] o.s.b.d.a.OptionalLiveReloadServer - LiveReload server is running on port 35729
2025-09-03 21:34:43 INFO  [restartedMain] o.a.coyote.http11.Http11NioProtocol - Starting ProtocolHandler ["http-nio-8080"]
2025-09-03 21:34:43 INFO  [restartedMain] o.s.b.w.e.tomcat.TomcatWebServer - Tomcat started on port 8080 (http) with context path '/'
2025-09-03 21:34:43 INFO  [restartedMain] d.b.reference.ReferenceApplication - Started ReferenceApplication in 0.443 seconds (process running for 222.102)
2025-09-03 21:34:43 INFO  [restartedMain] d.b.reference.ReferenceApplication - Started ReferenceApplication in 0.443 seconds (process running for 222.102)
2025-09-03 21:34:43 INFO  [restartedMain] o.s.b.d.a.ConditionEvaluationDeltaLoggingListener - Condition evaluation unchanged
2025-09-03 21:34:54 INFO  [File Watcher] o.s.b.d.a.LocalDevToolsAutoConfiguration$RestartingClassPathChangeChangedEventListener - Restarting due to 1 class path change (0 additions, 0 deletions, 1 modification)
2025-09-03 21:34:54 INFO  [Thread-27] o.s.b.w.e.tomcat.GracefulShutdown - Commencing graceful shutdown. Waiting for active requests to complete
2025-09-03 21:34:54 INFO  [tomcat-shutdown] o.a.coyote.http11.Http11NioProtocol - Pausing ProtocolHandler ["http-nio-8080"]
2025-09-03 21:34:54 INFO  [tomcat-shutdown] o.s.b.w.e.tomcat.GracefulShutdown - Graceful shutdown complete
2025-09-03 21:34:54 INFO  [Thread-27] o.a.coyote.http11.Http11NioProtocol - Stopping ProtocolHandler ["http-nio-8080"]
2025-09-03 21:34:54 WARN  [Thread-27] o.s.b.f.s.DisposableBeanAdapter - Invocation of destroy method failed on bean with name 'inMemoryDatabaseShutdownExecutor': org.h2.jdbc.JdbcSQLNonTransientConnectionException: Database is already closed (to disable automatic closing at VM shutdown, add ";DB_CLOSE_ON_EXIT=FALSE" to the db URL) [90121-232]
2025-09-03 21:34:54 INFO  [Thread-27] com.zaxxer.hikari.HikariDataSource - HikariPool-6 - Shutdown initiated...
2025-09-03 21:34:54 INFO  [Thread-27] com.zaxxer.hikari.HikariDataSource - HikariPool-6 - Shutdown completed.
2025-09-03 21:34:54 DEBUG [Thread-27] d.binz.reference.filter.CustomFilter - CustomFilter 종료됨
2025-09-03 21:34:54 DEBUG [Thread-27] d.binz.reference.filter.CustomFilter - CustomFilter 종료됨
2025-09-03 21:34:54 DEBUG [Thread-27] d.binz.reference.filter.CustomFilter - CustomFilter 종료됨
2025-09-03 21:34:54 DEBUG [Thread-27] d.binz.reference.filter.CustomFilter - CustomFilter 종료됨
2025-09-03 21:34:54 INFO  [restartedMain] d.b.reference.ReferenceApplication - Starting ReferenceApplication using Java 22.0.1 with PID 7600 (C:\DEV_SRC\eclipse\Reference\target\classes started by sonzw in C:\DEV_SRC\eclipse\Reference)
2025-09-03 21:34:54 INFO  [restartedMain] d.b.reference.ReferenceApplication - Starting ReferenceApplication using Java 22.0.1 with PID 7600 (C:\DEV_SRC\eclipse\Reference\target\classes started by sonzw in C:\DEV_SRC\eclipse\Reference)
2025-09-03 21:34:54 DEBUG [restartedMain] d.b.reference.ReferenceApplication - Running with Spring Boot v3.4.3, Spring v6.2.3
2025-09-03 21:34:54 DEBUG [restartedMain] d.b.reference.ReferenceApplication - Running with Spring Boot v3.4.3, Spring v6.2.3
2025-09-03 21:34:54 INFO  [restartedMain] d.b.reference.ReferenceApplication - No active profile set, falling back to 1 default profile: "default"
2025-09-03 21:34:54 INFO  [restartedMain] d.b.reference.ReferenceApplication - No active profile set, falling back to 1 default profile: "default"
2025-09-03 21:34:54 WARN  [restartedMain] o.m.s.mapper.ClassPathMapperScanner - No MyBatis mapper was found in '[dev.binz.reference]' package. Please check your configuration.
2025-09-03 21:34:54 INFO  [restartedMain] o.s.b.w.e.tomcat.TomcatWebServer - Tomcat initialized with port 8080 (http)
2025-09-03 21:34:54 INFO  [restartedMain] o.a.coyote.http11.Http11NioProtocol - Initializing ProtocolHandler ["http-nio-8080"]
2025-09-03 21:34:54 INFO  [restartedMain] o.a.catalina.core.StandardService - Starting service [Tomcat]
2025-09-03 21:34:54 INFO  [restartedMain] o.a.catalina.core.StandardEngine - Starting Servlet engine: [Apache Tomcat/10.1.36]
2025-09-03 21:34:54 INFO  [restartedMain] o.a.c.c.C.[Tomcat-1].[localhost].[/] - Initializing Spring embedded WebApplicationContext
2025-09-03 21:34:54 INFO  [restartedMain] o.s.b.w.s.c.ServletWebServerApplicationContext - Root WebApplicationContext: initialization completed in 277 ms
2025-09-03 21:34:54 DEBUG [restartedMain] d.binz.reference.filter.CustomFilter - CustomFilter 초기화됨
2025-09-03 21:34:54 DEBUG [restartedMain] d.binz.reference.filter.CustomFilter - CustomFilter 초기화됨
2025-09-03 21:34:54 DEBUG [restartedMain] d.binz.reference.filter.CustomFilter - CustomFilter 초기화됨
2025-09-03 21:34:54 DEBUG [restartedMain] d.binz.reference.filter.CustomFilter - CustomFilter 초기화됨
2025-09-03 21:34:54 INFO  [restartedMain] com.zaxxer.hikari.HikariDataSource - HikariPool-7 - Starting...
2025-09-03 21:34:54 INFO  [restartedMain] com.zaxxer.hikari.pool.HikariPool - HikariPool-7 - Added connection conn60: url=jdbc:h2:mem:86d647fc-e8f3-4031-8271-2d65b922c4e1 user=SA
2025-09-03 21:34:54 INFO  [restartedMain] com.zaxxer.hikari.HikariDataSource - HikariPool-7 - Start completed.
2025-09-03 21:34:54 INFO  [restartedMain] o.s.b.a.h.H2ConsoleAutoConfiguration - H2 console available at '/h2-console'. Database available at 'jdbc:h2:mem:86d647fc-e8f3-4031-8271-2d65b922c4e1'
2025-09-03 21:34:54 INFO  [restartedMain] o.s.b.d.a.OptionalLiveReloadServer - LiveReload server is running on port 35729
2025-09-03 21:34:54 INFO  [restartedMain] o.a.coyote.http11.Http11NioProtocol - Starting ProtocolHandler ["http-nio-8080"]
2025-09-03 21:34:54 INFO  [restartedMain] o.s.b.w.e.tomcat.TomcatWebServer - Tomcat started on port 8080 (http) with context path '/'
2025-09-03 21:34:54 INFO  [restartedMain] d.b.reference.ReferenceApplication - Started ReferenceApplication in 0.443 seconds (process running for 233.268)
2025-09-03 21:34:54 INFO  [restartedMain] d.b.reference.ReferenceApplication - Started ReferenceApplication in 0.443 seconds (process running for 233.268)
2025-09-03 21:34:54 INFO  [restartedMain] o.s.b.d.a.ConditionEvaluationDeltaLoggingListener - Condition evaluation unchanged
2025-09-03 21:34:59 INFO  [http-nio-8080-exec-1] o.a.c.c.C.[Tomcat-1].[localhost].[/] - Initializing Spring DispatcherServlet 'dispatcherServlet'
2025-09-03 21:34:59 INFO  [http-nio-8080-exec-1] o.s.web.servlet.DispatcherServlet - Initializing Servlet 'dispatcherServlet'
2025-09-03 21:34:59 INFO  [http-nio-8080-exec-1] o.s.web.servlet.DispatcherServlet - Completed initialization in 1 ms
2025-09-03 21:34:59 DEBUG [http-nio-8080-exec-1] d.binz.reference.filter.CustomFilter - [CustomFilter] 요청 필터링 시작
2025-09-03 21:34:59 DEBUG [http-nio-8080-exec-1] d.binz.reference.filter.CustomFilter - [CustomFilter] 요청 필터링 시작
2025-09-03 21:34:59 DEBUG [http-nio-8080-exec-1] d.b.r.u.c.StreamRestController - =====validateUser
2025-09-03 21:34:59 DEBUG [http-nio-8080-exec-1] d.b.r.u.c.StreamRestController - =====validateUser
2025-09-03 21:34:59 DEBUG [http-nio-8080-exec-1] d.binz.reference.filter.CustomFilter - [CustomFilter] 요청 필터링 완료
2025-09-03 21:34:59 DEBUG [http-nio-8080-exec-1] d.binz.reference.filter.CustomFilter - [CustomFilter] 요청 필터링 완료
2025-09-03 21:36:02 INFO  [File Watcher] o.s.b.d.a.LocalDevToolsAutoConfiguration$RestartingClassPathChangeChangedEventListener - Restarting due to 1 class path change (0 additions, 0 deletions, 1 modification)
2025-09-03 21:36:02 INFO  [Thread-31] o.s.b.w.e.tomcat.GracefulShutdown - Commencing graceful shutdown. Waiting for active requests to complete
2025-09-03 21:36:02 INFO  [tomcat-shutdown] o.a.coyote.http11.Http11NioProtocol - Pausing ProtocolHandler ["http-nio-8080"]
2025-09-03 21:36:02 INFO  [tomcat-shutdown] o.s.b.w.e.tomcat.GracefulShutdown - Graceful shutdown complete
2025-09-03 21:36:02 INFO  [Thread-31] o.a.coyote.http11.Http11NioProtocol - Stopping ProtocolHandler ["http-nio-8080"]
2025-09-03 21:36:02 WARN  [Thread-31] o.s.b.f.s.DisposableBeanAdapter - Invocation of destroy method failed on bean with name 'inMemoryDatabaseShutdownExecutor': org.h2.jdbc.JdbcSQLNonTransientConnectionException: Database is already closed (to disable automatic closing at VM shutdown, add ";DB_CLOSE_ON_EXIT=FALSE" to the db URL) [90121-232]
2025-09-03 21:36:02 INFO  [Thread-31] com.zaxxer.hikari.HikariDataSource - HikariPool-7 - Shutdown initiated...
2025-09-03 21:36:02 INFO  [Thread-31] com.zaxxer.hikari.HikariDataSource - HikariPool-7 - Shutdown completed.
2025-09-03 21:36:02 DEBUG [Thread-31] d.binz.reference.filter.CustomFilter - CustomFilter 종료됨
2025-09-03 21:36:02 DEBUG [Thread-31] d.binz.reference.filter.CustomFilter - CustomFilter 종료됨
2025-09-03 21:36:02 DEBUG [Thread-31] d.binz.reference.filter.CustomFilter - CustomFilter 종료됨
2025-09-03 21:36:02 DEBUG [Thread-31] d.binz.reference.filter.CustomFilter - CustomFilter 종료됨
2025-09-03 21:36:02 INFO  [restartedMain] d.b.reference.ReferenceApplication - Starting ReferenceApplication using Java 22.0.1 with PID 7600 (C:\DEV_SRC\eclipse\Reference\target\classes started by sonzw in C:\DEV_SRC\eclipse\Reference)
2025-09-03 21:36:02 INFO  [restartedMain] d.b.reference.ReferenceApplication - Starting ReferenceApplication using Java 22.0.1 with PID 7600 (C:\DEV_SRC\eclipse\Reference\target\classes started by sonzw in C:\DEV_SRC\eclipse\Reference)
2025-09-03 21:36:02 DEBUG [restartedMain] d.b.reference.ReferenceApplication - Running with Spring Boot v3.4.3, Spring v6.2.3
2025-09-03 21:36:02 DEBUG [restartedMain] d.b.reference.ReferenceApplication - Running with Spring Boot v3.4.3, Spring v6.2.3
2025-09-03 21:36:02 INFO  [restartedMain] d.b.reference.ReferenceApplication - No active profile set, falling back to 1 default profile: "default"
2025-09-03 21:36:02 INFO  [restartedMain] d.b.reference.ReferenceApplication - No active profile set, falling back to 1 default profile: "default"
2025-09-03 21:36:02 WARN  [restartedMain] o.m.s.mapper.ClassPathMapperScanner - No MyBatis mapper was found in '[dev.binz.reference]' package. Please check your configuration.
2025-09-03 21:36:02 INFO  [restartedMain] o.s.b.w.e.tomcat.TomcatWebServer - Tomcat initialized with port 8080 (http)
2025-09-03 21:36:02 INFO  [restartedMain] o.a.coyote.http11.Http11NioProtocol - Initializing ProtocolHandler ["http-nio-8080"]
2025-09-03 21:36:02 INFO  [restartedMain] o.a.catalina.core.StandardService - Starting service [Tomcat]
2025-09-03 21:36:02 INFO  [restartedMain] o.a.catalina.core.StandardEngine - Starting Servlet engine: [Apache Tomcat/10.1.36]
2025-09-03 21:36:02 INFO  [restartedMain] o.a.c.c.C.[Tomcat-1].[localhost].[/] - Initializing Spring embedded WebApplicationContext
2025-09-03 21:36:02 INFO  [restartedMain] o.s.b.w.s.c.ServletWebServerApplicationContext - Root WebApplicationContext: initialization completed in 262 ms
2025-09-03 21:36:02 DEBUG [restartedMain] d.binz.reference.filter.CustomFilter - CustomFilter 초기화됨
2025-09-03 21:36:02 DEBUG [restartedMain] d.binz.reference.filter.CustomFilter - CustomFilter 초기화됨
2025-09-03 21:36:02 DEBUG [restartedMain] d.binz.reference.filter.CustomFilter - CustomFilter 초기화됨
2025-09-03 21:36:02 DEBUG [restartedMain] d.binz.reference.filter.CustomFilter - CustomFilter 초기화됨
2025-09-03 21:36:03 INFO  [restartedMain] com.zaxxer.hikari.HikariDataSource - HikariPool-8 - Starting...
2025-09-03 21:36:03 INFO  [restartedMain] com.zaxxer.hikari.pool.HikariPool - HikariPool-8 - Added connection conn70: url=jdbc:h2:mem:702bcff2-946c-40f3-85ba-92363421d8f2 user=SA
2025-09-03 21:36:03 INFO  [restartedMain] com.zaxxer.hikari.HikariDataSource - HikariPool-8 - Start completed.
2025-09-03 21:36:03 INFO  [restartedMain] o.s.b.a.h.H2ConsoleAutoConfiguration - H2 console available at '/h2-console'. Database available at 'jdbc:h2:mem:702bcff2-946c-40f3-85ba-92363421d8f2'
2025-09-03 21:36:03 INFO  [restartedMain] o.s.b.d.a.OptionalLiveReloadServer - LiveReload server is running on port 35729
2025-09-03 21:36:03 INFO  [restartedMain] o.a.coyote.http11.Http11NioProtocol - Starting ProtocolHandler ["http-nio-8080"]
2025-09-03 21:36:03 INFO  [restartedMain] o.s.b.w.e.tomcat.TomcatWebServer - Tomcat started on port 8080 (http) with context path '/'
2025-09-03 21:36:03 INFO  [restartedMain] d.b.reference.ReferenceApplication - Started ReferenceApplication in 0.421 seconds (process running for 301.652)
2025-09-03 21:36:03 INFO  [restartedMain] d.b.reference.ReferenceApplication - Started ReferenceApplication in 0.421 seconds (process running for 301.652)
2025-09-03 21:36:03 INFO  [restartedMain] o.s.b.d.a.ConditionEvaluationDeltaLoggingListener - Condition evaluation unchanged
2025-09-03 21:36:05 INFO  [http-nio-8080-exec-1] o.a.c.c.C.[Tomcat-1].[localhost].[/] - Initializing Spring DispatcherServlet 'dispatcherServlet'
2025-09-03 21:36:05 INFO  [http-nio-8080-exec-1] o.s.web.servlet.DispatcherServlet - Initializing Servlet 'dispatcherServlet'
2025-09-03 21:36:05 INFO  [http-nio-8080-exec-1] o.s.web.servlet.DispatcherServlet - Completed initialization in 1 ms
2025-09-03 21:36:05 DEBUG [http-nio-8080-exec-1] d.binz.reference.filter.CustomFilter - [CustomFilter] 요청 필터링 시작
2025-09-03 21:36:05 DEBUG [http-nio-8080-exec-1] d.binz.reference.filter.CustomFilter - [CustomFilter] 요청 필터링 시작
2025-09-03 21:36:05 DEBUG [http-nio-8080-exec-1] d.b.r.u.c.StreamRestController - =====validateUser
2025-09-03 21:36:05 DEBUG [http-nio-8080-exec-1] d.b.r.u.c.StreamRestController - =====validateUser
2025-09-03 21:36:05 DEBUG [http-nio-8080-exec-1] d.binz.reference.filter.CustomFilter - [CustomFilter] 요청 필터링 완료
2025-09-03 21:36:05 DEBUG [http-nio-8080-exec-1] d.binz.reference.filter.CustomFilter - [CustomFilter] 요청 필터링 완료
2025-09-03 21:37:32 INFO  [File Watcher] o.s.b.d.a.LocalDevToolsAutoConfiguration$RestartingClassPathChangeChangedEventListener - Restarting due to 1 class path change (0 additions, 0 deletions, 1 modification)
2025-09-03 21:37:32 INFO  [Thread-35] o.s.b.w.e.tomcat.GracefulShutdown - Commencing graceful shutdown. Waiting for active requests to complete
2025-09-03 21:37:32 INFO  [tomcat-shutdown] o.a.coyote.http11.Http11NioProtocol - Pausing ProtocolHandler ["http-nio-8080"]
2025-09-03 21:37:32 INFO  [tomcat-shutdown] o.s.b.w.e.tomcat.GracefulShutdown - Graceful shutdown complete
2025-09-03 21:37:32 INFO  [Thread-35] o.a.coyote.http11.Http11NioProtocol - Stopping ProtocolHandler ["http-nio-8080"]
2025-09-03 21:37:32 WARN  [Thread-35] o.s.b.f.s.DisposableBeanAdapter - Invocation of destroy method failed on bean with name 'inMemoryDatabaseShutdownExecutor': org.h2.jdbc.JdbcSQLNonTransientConnectionException: Database is already closed (to disable automatic closing at VM shutdown, add ";DB_CLOSE_ON_EXIT=FALSE" to the db URL) [90121-232]
2025-09-03 21:37:32 INFO  [Thread-35] com.zaxxer.hikari.HikariDataSource - HikariPool-8 - Shutdown initiated...
2025-09-03 21:37:32 INFO  [Thread-35] com.zaxxer.hikari.HikariDataSource - HikariPool-8 - Shutdown completed.
2025-09-03 21:37:32 DEBUG [Thread-35] d.binz.reference.filter.CustomFilter - CustomFilter 종료됨
2025-09-03 21:37:32 DEBUG [Thread-35] d.binz.reference.filter.CustomFilter - CustomFilter 종료됨
2025-09-03 21:37:32 DEBUG [Thread-35] d.binz.reference.filter.CustomFilter - CustomFilter 종료됨
2025-09-03 21:37:32 DEBUG [Thread-35] d.binz.reference.filter.CustomFilter - CustomFilter 종료됨
2025-09-03 21:37:32 INFO  [restartedMain] d.b.reference.ReferenceApplication - Starting ReferenceApplication using Java 22.0.1 with PID 7600 (C:\DEV_SRC\eclipse\Reference\target\classes started by sonzw in C:\DEV_SRC\eclipse\Reference)
2025-09-03 21:37:32 INFO  [restartedMain] d.b.reference.ReferenceApplication - Starting ReferenceApplication using Java 22.0.1 with PID 7600 (C:\DEV_SRC\eclipse\Reference\target\classes started by sonzw in C:\DEV_SRC\eclipse\Reference)
2025-09-03 21:37:32 DEBUG [restartedMain] d.b.reference.ReferenceApplication - Running with Spring Boot v3.4.3, Spring v6.2.3
2025-09-03 21:37:32 DEBUG [restartedMain] d.b.reference.ReferenceApplication - Running with Spring Boot v3.4.3, Spring v6.2.3
2025-09-03 21:37:32 INFO  [restartedMain] d.b.reference.ReferenceApplication - No active profile set, falling back to 1 default profile: "default"
2025-09-03 21:37:32 INFO  [restartedMain] d.b.reference.ReferenceApplication - No active profile set, falling back to 1 default profile: "default"
2025-09-03 21:37:32 WARN  [restartedMain] o.m.s.mapper.ClassPathMapperScanner - No MyBatis mapper was found in '[dev.binz.reference]' package. Please check your configuration.
2025-09-03 21:37:33 INFO  [restartedMain] o.s.b.w.e.tomcat.TomcatWebServer - Tomcat initialized with port 8080 (http)
2025-09-03 21:37:33 INFO  [restartedMain] o.a.coyote.http11.Http11NioProtocol - Initializing ProtocolHandler ["http-nio-8080"]
2025-09-03 21:37:33 INFO  [restartedMain] o.a.catalina.core.StandardService - Starting service [Tomcat]
2025-09-03 21:37:33 INFO  [restartedMain] o.a.catalina.core.StandardEngine - Starting Servlet engine: [Apache Tomcat/10.1.36]
2025-09-03 21:37:33 INFO  [restartedMain] o.a.c.c.C.[Tomcat-1].[localhost].[/] - Initializing Spring embedded WebApplicationContext
2025-09-03 21:37:33 INFO  [restartedMain] o.s.b.w.s.c.ServletWebServerApplicationContext - Root WebApplicationContext: initialization completed in 266 ms
2025-09-03 21:37:33 DEBUG [restartedMain] d.binz.reference.filter.CustomFilter - CustomFilter 초기화됨
2025-09-03 21:37:33 DEBUG [restartedMain] d.binz.reference.filter.CustomFilter - CustomFilter 초기화됨
2025-09-03 21:37:33 DEBUG [restartedMain] d.binz.reference.filter.CustomFilter - CustomFilter 초기화됨
2025-09-03 21:37:33 DEBUG [restartedMain] d.binz.reference.filter.CustomFilter - CustomFilter 초기화됨
2025-09-03 21:37:33 INFO  [restartedMain] com.zaxxer.hikari.HikariDataSource - HikariPool-9 - Starting...
2025-09-03 21:37:33 INFO  [restartedMain] com.zaxxer.hikari.pool.HikariPool - HikariPool-9 - Added connection conn80: url=jdbc:h2:mem:ec158e7d-f2a5-42bb-a1e2-bd79e1e9c8d1 user=SA
2025-09-03 21:37:33 INFO  [restartedMain] com.zaxxer.hikari.HikariDataSource - HikariPool-9 - Start completed.
2025-09-03 21:37:33 INFO  [restartedMain] o.s.b.a.h.H2ConsoleAutoConfiguration - H2 console available at '/h2-console'. Database available at 'jdbc:h2:mem:ec158e7d-f2a5-42bb-a1e2-bd79e1e9c8d1'
2025-09-03 21:37:33 INFO  [restartedMain] o.s.b.d.a.OptionalLiveReloadServer - LiveReload server is running on port 35729
2025-09-03 21:37:33 INFO  [restartedMain] o.a.coyote.http11.Http11NioProtocol - Starting ProtocolHandler ["http-nio-8080"]
2025-09-03 21:37:33 INFO  [restartedMain] o.s.b.w.e.tomcat.TomcatWebServer - Tomcat started on port 8080 (http) with context path '/'
2025-09-03 21:37:33 INFO  [restartedMain] d.b.reference.ReferenceApplication - Started ReferenceApplication in 0.433 seconds (process running for 391.765)
2025-09-03 21:37:33 INFO  [restartedMain] d.b.reference.ReferenceApplication - Started ReferenceApplication in 0.433 seconds (process running for 391.765)
2025-09-03 21:37:33 INFO  [restartedMain] o.s.b.d.a.ConditionEvaluationDeltaLoggingListener - Condition evaluation unchanged
2025-09-03 21:37:35 INFO  [http-nio-8080-exec-1] o.a.c.c.C.[Tomcat-1].[localhost].[/] - Initializing Spring DispatcherServlet 'dispatcherServlet'
2025-09-03 21:37:35 INFO  [http-nio-8080-exec-1] o.s.web.servlet.DispatcherServlet - Initializing Servlet 'dispatcherServlet'
2025-09-03 21:37:35 INFO  [http-nio-8080-exec-1] o.s.web.servlet.DispatcherServlet - Completed initialization in 0 ms
2025-09-03 21:37:35 DEBUG [http-nio-8080-exec-1] d.binz.reference.filter.CustomFilter - [CustomFilter] 요청 필터링 시작
2025-09-03 21:37:35 DEBUG [http-nio-8080-exec-1] d.binz.reference.filter.CustomFilter - [CustomFilter] 요청 필터링 시작
2025-09-03 21:37:35 DEBUG [http-nio-8080-exec-1] d.b.r.u.c.StreamRestController - =====validateUser
2025-09-03 21:37:35 DEBUG [http-nio-8080-exec-1] d.b.r.u.c.StreamRestController - =====validateUser
2025-09-03 21:37:35 DEBUG [http-nio-8080-exec-1] d.b.r.u.c.StreamRestController - thread holding test printer
2025-09-03 21:37:35 DEBUG [http-nio-8080-exec-1] d.b.r.u.c.StreamRestController - thread holding test printer
2025-09-03 21:37:35 DEBUG [http-nio-8080-exec-1] d.binz.reference.filter.CustomFilter - [CustomFilter] 요청 필터링 완료
2025-09-03 21:37:35 DEBUG [http-nio-8080-exec-1] d.binz.reference.filter.CustomFilter - [CustomFilter] 요청 필터링 완료
2025-09-03 21:38:30 DEBUG [http-nio-8080-exec-3] d.binz.reference.filter.CustomFilter - [CustomFilter] 요청 필터링 시작
2025-09-03 21:38:30 DEBUG [http-nio-8080-exec-3] d.binz.reference.filter.CustomFilter - [CustomFilter] 요청 필터링 시작
2025-09-03 21:38:30 DEBUG [http-nio-8080-exec-3] d.b.r.u.c.StreamRestController - =====validateUser
2025-09-03 21:38:30 DEBUG [http-nio-8080-exec-3] d.b.r.u.c.StreamRestController - =====validateUser
2025-09-03 21:38:30 DEBUG [http-nio-8080-exec-3] d.b.r.u.c.StreamRestController - thread holding test printer
2025-09-03 21:38:30 DEBUG [http-nio-8080-exec-3] d.b.r.u.c.StreamRestController - thread holding test printer
2025-09-03 21:38:30 DEBUG [http-nio-8080-exec-3] d.binz.reference.filter.CustomFilter - [CustomFilter] 요청 필터링 완료
2025-09-03 21:38:30 DEBUG [http-nio-8080-exec-3] d.binz.reference.filter.CustomFilter - [CustomFilter] 요청 필터링 완료
2025-09-03 21:49:41 INFO  [RMI TCP Connection(47)-127.0.0.1] o.s.b.a.SpringApplicationAdminMXBeanRegistrar$SpringApplicationAdmin - Application shutdown requested.
2025-09-03 21:49:41 INFO  [RMI TCP Connection(47)-127.0.0.1] o.s.b.w.e.tomcat.GracefulShutdown - Commencing graceful shutdown. Waiting for active requests to complete
2025-09-03 21:49:41 INFO  [tomcat-shutdown] o.a.coyote.http11.Http11NioProtocol - Pausing ProtocolHandler ["http-nio-8080"]
2025-09-03 21:49:41 INFO  [tomcat-shutdown] o.s.b.w.e.tomcat.GracefulShutdown - Graceful shutdown complete
2025-09-03 21:49:41 INFO  [RMI TCP Connection(47)-127.0.0.1] o.a.coyote.http11.Http11NioProtocol - Stopping ProtocolHandler ["http-nio-8080"]
2025-09-03 21:49:41 WARN  [RMI TCP Connection(47)-127.0.0.1] o.s.b.f.s.DisposableBeanAdapter - Invocation of destroy method failed on bean with name 'inMemoryDatabaseShutdownExecutor': org.h2.jdbc.JdbcSQLNonTransientConnectionException: Database is already closed (to disable automatic closing at VM shutdown, add ";DB_CLOSE_ON_EXIT=FALSE" to the db URL) [90121-232]
2025-09-03 21:49:41 INFO  [RMI TCP Connection(47)-127.0.0.1] com.zaxxer.hikari.HikariDataSource - HikariPool-9 - Shutdown initiated...
2025-09-03 21:49:41 INFO  [RMI TCP Connection(47)-127.0.0.1] com.zaxxer.hikari.HikariDataSource - HikariPool-9 - Shutdown completed.
2025-09-03 21:49:41 DEBUG [RMI TCP Connection(47)-127.0.0.1] d.binz.reference.filter.CustomFilter - CustomFilter 종료됨
2025-09-03 21:49:41 DEBUG [RMI TCP Connection(47)-127.0.0.1] d.binz.reference.filter.CustomFilter - CustomFilter 종료됨
2025-09-03 21:49:41 DEBUG [RMI TCP Connection(47)-127.0.0.1] d.binz.reference.filter.CustomFilter - CustomFilter 종료됨
2025-09-03 21:49:41 DEBUG [RMI TCP Connection(47)-127.0.0.1] d.binz.reference.filter.CustomFilter - CustomFilter 종료됨
2025-09-03 21:49:57 INFO  [background-preinit] o.h.validator.internal.util.Version - HV000001: Hibernate Validator 8.0.2.Final
2025-09-03 21:49:57 INFO  [restartedMain] d.b.reference.ReferenceApplication - Starting ReferenceApplication using Java 22.0.1 with PID 24960 (C:\DEV_SRC\eclipse\Reference\target\classes started by sonzw in C:\DEV_SRC\eclipse\Reference)
2025-09-03 21:49:57 INFO  [restartedMain] d.b.reference.ReferenceApplication - Starting ReferenceApplication using Java 22.0.1 with PID 24960 (C:\DEV_SRC\eclipse\Reference\target\classes started by sonzw in C:\DEV_SRC\eclipse\Reference)
2025-09-03 21:49:57 DEBUG [restartedMain] d.b.reference.ReferenceApplication - Running with Spring Boot v3.4.3, Spring v6.2.3
2025-09-03 21:49:57 DEBUG [restartedMain] d.b.reference.ReferenceApplication - Running with Spring Boot v3.4.3, Spring v6.2.3
2025-09-03 21:49:57 INFO  [restartedMain] d.b.reference.ReferenceApplication - No active profile set, falling back to 1 default profile: "default"
2025-09-03 21:49:57 INFO  [restartedMain] d.b.reference.ReferenceApplication - No active profile set, falling back to 1 default profile: "default"
2025-09-03 21:49:57 INFO  [restartedMain] o.s.b.d.e.DevToolsPropertyDefaultsPostProcessor - Devtools property defaults active! Set 'spring.devtools.add-properties' to 'false' to disable
2025-09-03 21:49:57 INFO  [restartedMain] o.s.b.d.e.DevToolsPropertyDefaultsPostProcessor - For additional web related logging consider setting the 'logging.level.web' property to 'DEBUG'
2025-09-03 21:49:58 WARN  [restartedMain] o.m.s.mapper.ClassPathMapperScanner - No MyBatis mapper was found in '[dev.binz.reference]' package. Please check your configuration.
2025-09-03 21:49:58 INFO  [restartedMain] o.s.b.w.e.tomcat.TomcatWebServer - Tomcat initialized with port 8080 (http)
2025-09-03 21:49:58 INFO  [restartedMain] o.a.coyote.http11.Http11NioProtocol - Initializing ProtocolHandler ["http-nio-8080"]
2025-09-03 21:49:58 INFO  [restartedMain] o.a.catalina.core.StandardService - Starting service [Tomcat]
2025-09-03 21:49:58 INFO  [restartedMain] o.a.catalina.core.StandardEngine - Starting Servlet engine: [Apache Tomcat/10.1.36]
2025-09-03 21:49:58 INFO  [restartedMain] o.a.c.c.C.[Tomcat].[localhost].[/] - Initializing Spring embedded WebApplicationContext
2025-09-03 21:49:58 INFO  [restartedMain] o.s.b.w.s.c.ServletWebServerApplicationContext - Root WebApplicationContext: initialization completed in 1424 ms
2025-09-03 21:49:58 DEBUG [restartedMain] d.binz.reference.filter.CustomFilter - CustomFilter 초기화됨
2025-09-03 21:49:58 DEBUG [restartedMain] d.binz.reference.filter.CustomFilter - CustomFilter 초기화됨
2025-09-03 21:49:58 DEBUG [restartedMain] d.binz.reference.filter.CustomFilter - CustomFilter 초기화됨
2025-09-03 21:49:58 DEBUG [restartedMain] d.binz.reference.filter.CustomFilter - CustomFilter 초기화됨
2025-09-03 21:49:59 INFO  [restartedMain] com.zaxxer.hikari.HikariDataSource - HikariPool-1 - Starting...
2025-09-03 21:49:59 INFO  [restartedMain] com.zaxxer.hikari.pool.HikariPool - HikariPool-1 - Added connection conn0: url=jdbc:h2:mem:f154c0eb-55fd-4002-9bb4-1e7022bcf4c0 user=SA
2025-09-03 21:49:59 INFO  [restartedMain] com.zaxxer.hikari.HikariDataSource - HikariPool-1 - Start completed.
2025-09-03 21:49:59 INFO  [restartedMain] o.s.b.a.h.H2ConsoleAutoConfiguration - H2 console available at '/h2-console'. Database available at 'jdbc:h2:mem:f154c0eb-55fd-4002-9bb4-1e7022bcf4c0'
2025-09-03 21:49:59 INFO  [restartedMain] o.s.b.d.a.OptionalLiveReloadServer - LiveReload server is running on port 35729
2025-09-03 21:49:59 INFO  [restartedMain] o.a.coyote.http11.Http11NioProtocol - Starting ProtocolHandler ["http-nio-8080"]
2025-09-03 21:49:59 INFO  [restartedMain] o.s.b.w.e.tomcat.TomcatWebServer - Tomcat started on port 8080 (http) with context path '/'
2025-09-03 21:49:59 INFO  [restartedMain] d.b.reference.ReferenceApplication - Started ReferenceApplication in 3.026 seconds (process running for 3.908)
2025-09-03 21:49:59 INFO  [restartedMain] d.b.reference.ReferenceApplication - Started ReferenceApplication in 3.026 seconds (process running for 3.908)
2025-09-03 21:50:08 INFO  [http-nio-8080-exec-1] o.a.c.c.C.[Tomcat].[localhost].[/] - Initializing Spring DispatcherServlet 'dispatcherServlet'
2025-09-03 21:50:08 INFO  [http-nio-8080-exec-1] o.s.web.servlet.DispatcherServlet - Initializing Servlet 'dispatcherServlet'
2025-09-03 21:50:08 INFO  [http-nio-8080-exec-1] o.s.web.servlet.DispatcherServlet - Completed initialization in 1 ms
2025-09-03 21:50:08 DEBUG [http-nio-8080-exec-1] d.binz.reference.filter.CustomFilter - [CustomFilter] 요청 필터링 시작
2025-09-03 21:50:08 DEBUG [http-nio-8080-exec-1] d.binz.reference.filter.CustomFilter - [CustomFilter] 요청 필터링 시작
2025-09-03 21:50:08 DEBUG [http-nio-8080-exec-1] d.b.r.u.c.StreamRestController - =====validateUser
2025-09-03 21:50:08 DEBUG [http-nio-8080-exec-1] d.b.r.u.c.StreamRestController - =====validateUser
2025-09-03 21:50:08 DEBUG [http-nio-8080-exec-1] d.b.r.u.c.StreamRestController - thread holding test printer
2025-09-03 21:50:08 DEBUG [http-nio-8080-exec-1] d.b.r.u.c.StreamRestController - thread holding test printer
2025-09-03 21:50:08 DEBUG [http-nio-8080-exec-1] d.binz.reference.filter.CustomFilter - [CustomFilter] 요청 필터링 완료
2025-09-03 21:50:08 DEBUG [http-nio-8080-exec-1] d.binz.reference.filter.CustomFilter - [CustomFilter] 요청 필터링 완료
2025-09-03 21:51:19 INFO  [RMI TCP Connection(11)-127.0.0.1] o.s.b.a.SpringApplicationAdminMXBeanRegistrar$SpringApplicationAdmin - Application shutdown requested.
2025-09-03 21:51:19 INFO  [RMI TCP Connection(11)-127.0.0.1] o.s.b.w.e.tomcat.GracefulShutdown - Commencing graceful shutdown. Waiting for active requests to complete
2025-09-03 21:51:19 INFO  [tomcat-shutdown] o.a.coyote.http11.Http11NioProtocol - Pausing ProtocolHandler ["http-nio-8080"]
2025-09-03 21:51:19 INFO  [tomcat-shutdown] o.s.b.w.e.tomcat.GracefulShutdown - Graceful shutdown complete
2025-09-03 21:51:19 INFO  [RMI TCP Connection(11)-127.0.0.1] o.a.coyote.http11.Http11NioProtocol - Stopping ProtocolHandler ["http-nio-8080"]
2025-09-03 21:51:19 WARN  [RMI TCP Connection(11)-127.0.0.1] o.s.b.f.s.DisposableBeanAdapter - Invocation of destroy method failed on bean with name 'inMemoryDatabaseShutdownExecutor': org.h2.jdbc.JdbcSQLNonTransientConnectionException: Database is already closed (to disable automatic closing at VM shutdown, add ";DB_CLOSE_ON_EXIT=FALSE" to the db URL) [90121-232]
2025-09-03 21:51:19 INFO  [RMI TCP Connection(11)-127.0.0.1] com.zaxxer.hikari.HikariDataSource - HikariPool-1 - Shutdown initiated...
2025-09-03 21:51:19 INFO  [RMI TCP Connection(11)-127.0.0.1] com.zaxxer.hikari.HikariDataSource - HikariPool-1 - Shutdown completed.
2025-09-03 21:51:19 DEBUG [RMI TCP Connection(11)-127.0.0.1] d.binz.reference.filter.CustomFilter - CustomFilter 종료됨
2025-09-03 21:51:19 DEBUG [RMI TCP Connection(11)-127.0.0.1] d.binz.reference.filter.CustomFilter - CustomFilter 종료됨
2025-09-03 21:51:19 DEBUG [RMI TCP Connection(11)-127.0.0.1] d.binz.reference.filter.CustomFilter - CustomFilter 종료됨
2025-09-03 21:51:19 DEBUG [RMI TCP Connection(11)-127.0.0.1] d.binz.reference.filter.CustomFilter - CustomFilter 종료됨
2025-09-04 12:42:57 INFO  [background-preinit] o.h.validator.internal.util.Version - HV000001: Hibernate Validator 8.0.2.Final
2025-09-04 12:42:57 INFO  [main] d.b.R.u.c.StreamRestController - Starting StreamRestController using Java 22.0.1 with PID 11388 (started by sonzw in C:\DEV_SRC\eclipse\Reference)
2025-09-04 12:42:57 INFO  [main] d.b.R.u.c.StreamRestController - No active profile set, falling back to 1 default profile: "default"
2025-09-04 12:42:58 WARN  [main] o.s.w.c.s.GenericWebApplicationContext - Exception encountered during context initialization - cancelling refresh attempt: org.springframework.beans.factory.CannotLoadBeanClassException: Error loading class [dev.binz.reference.user.controller.StreamRestController] for bean with name 'streamRestController' defined in file [C:\DEV_SRC\eclipse\Reference\target\classes\dev\binz\reference\user\controller\StreamRestController.class]: problem with class file or dependent class
2025-09-04 12:42:58 INFO  [main] o.s.b.a.l.ConditionEvaluationReportLogger - 

Error starting ApplicationContext. To display the condition evaluation report re-run your application with 'debug' enabled.
2025-09-04 12:42:58 ERROR [main] o.s.boot.SpringApplication - Application run failed
org.springframework.beans.factory.CannotLoadBeanClassException: Error loading class [dev.binz.reference.user.controller.StreamRestController] for bean with name 'streamRestController' defined in file [C:\DEV_SRC\eclipse\Reference\target\classes\dev\binz\reference\user\controller\StreamRestController.class]: problem with class file or dependent class
	at org.springframework.beans.factory.support.AbstractBeanFactory.resolveBeanClass(AbstractBeanFactory.java:1576)
	at org.springframework.beans.factory.support.AbstractAutowireCapableBeanFactory.determineTargetType(AbstractAutowireCapableBeanFactory.java:686)
	at org.springframework.beans.factory.support.AbstractAutowireCapableBeanFactory.predictBeanType(AbstractAutowireCapableBeanFactory.java:654)
	at org.springframework.beans.factory.support.AbstractBeanFactory.isFactoryBean(AbstractBeanFactory.java:1704)
	at org.springframework.beans.factory.support.DefaultListableBeanFactory.doGetBeanNamesForType(DefaultListableBeanFactory.java:618)
	at org.springframework.beans.factory.support.DefaultListableBeanFactory.getBeanNamesForType(DefaultListableBeanFactory.java:590)
	at org.springframework.beans.factory.support.DefaultListableBeanFactory.getBeanNamesForType(DefaultListableBeanFactory.java:584)
	at org.mybatis.spring.boot.autoconfigure.MybatisAutoConfiguration$AutoConfiguredMapperScannerRegistrar.getBeanNameForType(MybatisAutoConfiguration.java:302)
	at org.mybatis.spring.boot.autoconfigure.MybatisAutoConfiguration$AutoConfiguredMapperScannerRegistrar.registerBeanDefinitions(MybatisAutoConfiguration.java:276)
	at org.springframework.context.annotation.ImportBeanDefinitionRegistrar.registerBeanDefinitions(ImportBeanDefinitionRegistrar.java:86)
	at org.springframework.context.annotation.ConfigurationClassBeanDefinitionReader.lambda$loadBeanDefinitionsFromRegistrars$1(ConfigurationClassBeanDefinitionReader.java:397)
	at java.base/java.util.LinkedHashMap.forEach(LinkedHashMap.java:986)
	at org.springframework.context.annotation.ConfigurationClassBeanDefinitionReader.loadBeanDefinitionsFromRegistrars(ConfigurationClassBeanDefinitionReader.java:396)
	at org.springframework.context.annotation.ConfigurationClassBeanDefinitionReader.loadBeanDefinitionsForConfigurationClass(ConfigurationClassBeanDefinitionReader.java:149)
	at org.springframework.context.annotation.ConfigurationClassBeanDefinitionReader.loadBeanDefinitions(ConfigurationClassBeanDefinitionReader.java:121)
	at org.springframework.context.annotation.ConfigurationClassPostProcessor.processConfigBeanDefinitions(ConfigurationClassPostProcessor.java:430)
	at org.springframework.context.annotation.ConfigurationClassPostProcessor.postProcessBeanDefinitionRegistry(ConfigurationClassPostProcessor.java:290)
	at org.springframework.context.support.PostProcessorRegistrationDelegate.invokeBeanDefinitionRegistryPostProcessors(PostProcessorRegistrationDelegate.java:349)
	at org.springframework.context.support.PostProcessorRegistrationDelegate.invokeBeanFactoryPostProcessors(PostProcessorRegistrationDelegate.java:118)
	at org.springframework.context.support.AbstractApplicationContext.invokeBeanFactoryPostProcessors(AbstractApplicationContext.java:791)
	at org.springframework.context.support.AbstractApplicationContext.refresh(AbstractApplicationContext.java:609)
	at org.springframework.boot.SpringApplication.refresh(SpringApplication.java:752)
	at org.springframework.boot.SpringApplication.refreshContext(SpringApplication.java:439)
	at org.springframework.boot.SpringApplication.run(SpringApplication.java:318)
	at org.springframework.boot.test.context.SpringBootContextLoader.lambda$loadContext$3(SpringBootContextLoader.java:137)
	at org.springframework.util.function.ThrowingSupplier.get(ThrowingSupplier.java:58)
	at org.springframework.util.function.ThrowingSupplier.get(ThrowingSupplier.java:46)
	at org.springframework.boot.SpringApplication.withHook(SpringApplication.java:1461)
	at org.springframework.boot.test.context.SpringBootContextLoader$ContextLoaderHook.run(SpringBootContextLoader.java:553)
	at org.springframework.boot.test.context.SpringBootContextLoader.loadContext(SpringBootContextLoader.java:137)
	at org.springframework.boot.test.context.SpringBootContextLoader.loadContext(SpringBootContextLoader.java:108)
	at org.springframework.test.context.cache.DefaultCacheAwareContextLoaderDelegate.loadContextInternal(DefaultCacheAwareContextLoaderDelegate.java:225)
	at org.springframework.test.context.cache.DefaultCacheAwareContextLoaderDelegate.loadContext(DefaultCacheAwareContextLoaderDelegate.java:152)
	at org.springframework.test.context.support.DefaultTestContext.getApplicationContext(DefaultTestContext.java:130)
	at org.springframework.test.context.web.ServletTestExecutionListener.setUpRequestContextIfNecessary(ServletTestExecutionListener.java:200)
	at org.springframework.test.context.web.ServletTestExecutionListener.prepareTestInstance(ServletTestExecutionListener.java:139)
	at org.springframework.test.context.TestContextManager.prepareTestInstance(TestContextManager.java:260)
	at org.springframework.test.context.junit.jupiter.SpringExtension.postProcessTestInstance(SpringExtension.java:160)
	at org.junit.jupiter.engine.descriptor.ClassBasedTestDescriptor.lambda$invokeTestInstancePostProcessors$11(ClassBasedTestDescriptor.java:378)
	at org.junit.jupiter.engine.descriptor.ClassBasedTestDescriptor.executeAndMaskThrowable(ClassBasedTestDescriptor.java:383)
	at org.junit.jupiter.engine.descriptor.ClassBasedTestDescriptor.lambda$invokeTestInstancePostProcessors$12(ClassBasedTestDescriptor.java:378)
	at java.base/java.util.stream.ForEachOps$ForEachOp$OfRef.accept(ForEachOps.java:184)
	at java.base/java.util.stream.ReferencePipeline$3$1.accept(ReferencePipeline.java:212)
	at java.base/java.util.stream.ReferencePipeline$2$1.accept(ReferencePipeline.java:194)
	at java.base/java.util.stream.ReferencePipeline$3$1.accept(ReferencePipeline.java:212)
	at java.base/java.util.ArrayList$ArrayListSpliterator.forEachRemaining(ArrayList.java:1709)
	at java.base/java.util.stream.AbstractPipeline.copyInto(AbstractPipeline.java:556)
	at java.base/java.util.stream.AbstractPipeline.wrapAndCopyInto(AbstractPipeline.java:546)
	at java.base/java.util.stream.ForEachOps$ForEachOp.evaluateSequential(ForEachOps.java:151)
	at java.base/java.util.stream.ForEachOps$ForEachOp$OfRef.evaluateSequential(ForEachOps.java:174)
	at java.base/java.util.stream.AbstractPipeline.evaluate(AbstractPipeline.java:265)
	at java.base/java.util.stream.ReferencePipeline.forEach(ReferencePipeline.java:611)
	at org.junit.jupiter.engine.descriptor.ClassBasedTestDescriptor.invokeTestInstancePostProcessors(ClassBasedTestDescriptor.java:377)
	at org.junit.jupiter.engine.descriptor.ClassBasedTestDescriptor.lambda$instantiateAndPostProcessTestInstance$7(ClassBasedTestDescriptor.java:290)
	at org.junit.platform.engine.support.hierarchical.ThrowableCollector.execute(ThrowableCollector.java:73)
	at org.junit.jupiter.engine.descriptor.ClassBasedTestDescriptor.instantiateAndPostProcessTestInstance(ClassBasedTestDescriptor.java:289)
	at org.junit.jupiter.engine.descriptor.ClassBasedTestDescriptor.lambda$testInstancesProvider$5(ClassBasedTestDescriptor.java:279)
	at java.base/java.util.Optional.orElseGet(Optional.java:364)
	at org.junit.jupiter.engine.descriptor.ClassBasedTestDescriptor.lambda$testInstancesProvider$6(ClassBasedTestDescriptor.java:278)
	at org.junit.jupiter.engine.execution.TestInstancesProvider.getTestInstances(TestInstancesProvider.java:31)
	at org.junit.jupiter.engine.descriptor.TestMethodTestDescriptor.lambda$prepare$1(TestMethodTestDescriptor.java:105)
	at org.junit.platform.engine.support.hierarchical.ThrowableCollector.execute(ThrowableCollector.java:73)
	at org.junit.jupiter.engine.descriptor.TestMethodTestDescriptor.prepare(TestMethodTestDescriptor.java:104)
	at org.junit.jupiter.engine.descriptor.TestMethodTestDescriptor.prepare(TestMethodTestDescriptor.java:68)
	at org.junit.platform.engine.support.hierarchical.NodeTestTask.lambda$prepare$2(NodeTestTask.java:128)
	at org.junit.platform.engine.support.hierarchical.ThrowableCollector.execute(ThrowableCollector.java:73)
	at org.junit.platform.engine.support.hierarchical.NodeTestTask.prepare(NodeTestTask.java:128)
	at org.junit.platform.engine.support.hierarchical.NodeTestTask.execute(NodeTestTask.java:95)
	at java.base/java.util.ArrayList.forEach(ArrayList.java:1597)
	at org.junit.platform.engine.support.hierarchical.SameThreadHierarchicalTestExecutorService.invokeAll(SameThreadHierarchicalTestExecutorService.java:41)
	at org.junit.platform.engine.support.hierarchical.NodeTestTask.lambda$executeRecursively$6(NodeTestTask.java:160)
	at org.junit.platform.engine.support.hierarchical.ThrowableCollector.execute(ThrowableCollector.java:73)
	at org.junit.platform.engine.support.hierarchical.NodeTestTask.lambda$executeRecursively$8(NodeTestTask.java:146)
	at org.junit.platform.engine.support.hierarchical.Node.around(Node.java:137)
	at org.junit.platform.engine.support.hierarchical.NodeTestTask.lambda$executeRecursively$9(NodeTestTask.java:144)
	at org.junit.platform.engine.support.hierarchical.ThrowableCollector.execute(ThrowableCollector.java:73)
	at org.junit.platform.engine.support.hierarchical.NodeTestTask.executeRecursively(NodeTestTask.java:143)
	at org.junit.platform.engine.support.hierarchical.NodeTestTask.execute(NodeTestTask.java:100)
	at java.base/java.util.ArrayList.forEach(ArrayList.java:1597)
	at org.junit.platform.engine.support.hierarchical.SameThreadHierarchicalTestExecutorService.invokeAll(SameThreadHierarchicalTestExecutorService.java:41)
	at org.junit.platform.engine.support.hierarchical.NodeTestTask.lambda$executeRecursively$6(NodeTestTask.java:160)
	at org.junit.platform.engine.support.hierarchical.ThrowableCollector.execute(ThrowableCollector.java:73)
	at org.junit.platform.engine.support.hierarchical.NodeTestTask.lambda$executeRecursively$8(NodeTestTask.java:146)
	at org.junit.platform.engine.support.hierarchical.Node.around(Node.java:137)
	at org.junit.platform.engine.support.hierarchical.NodeTestTask.lambda$executeRecursively$9(NodeTestTask.java:144)
	at org.junit.platform.engine.support.hierarchical.ThrowableCollector.execute(ThrowableCollector.java:73)
	at org.junit.platform.engine.support.hierarchical.NodeTestTask.executeRecursively(NodeTestTask.java:143)
	at org.junit.platform.engine.support.hierarchical.NodeTestTask.execute(NodeTestTask.java:100)
	at org.junit.platform.engine.support.hierarchical.SameThreadHierarchicalTestExecutorService.submit(SameThreadHierarchicalTestExecutorService.java:35)
	at org.junit.platform.engine.support.hierarchical.HierarchicalTestExecutor.execute(HierarchicalTestExecutor.java:57)
	at org.junit.platform.engine.support.hierarchical.HierarchicalTestEngine.execute(HierarchicalTestEngine.java:54)
	at org.junit.platform.launcher.core.EngineExecutionOrchestrator.execute(EngineExecutionOrchestrator.java:198)
	at org.junit.platform.launcher.core.EngineExecutionOrchestrator.execute(EngineExecutionOrchestrator.java:169)
	at org.junit.platform.launcher.core.EngineExecutionOrchestrator.execute(EngineExecutionOrchestrator.java:93)
	at org.junit.platform.launcher.core.EngineExecutionOrchestrator.lambda$execute$0(EngineExecutionOrchestrator.java:58)
	at org.junit.platform.launcher.core.EngineExecutionOrchestrator.withInterceptedStreams(EngineExecutionOrchestrator.java:141)
	at org.junit.platform.launcher.core.EngineExecutionOrchestrator.execute(EngineExecutionOrchestrator.java:57)
	at org.junit.platform.launcher.core.DefaultLauncher.execute(DefaultLauncher.java:103)
	at org.junit.platform.launcher.core.DefaultLauncher.execute(DefaultLauncher.java:94)
	at org.junit.platform.launcher.core.DelegatingLauncher.execute(DelegatingLauncher.java:52)
	at org.junit.platform.launcher.core.SessionPerRequestLauncher.execute(SessionPerRequestLauncher.java:70)
	at org.eclipse.jdt.internal.junit5.runner.JUnit5TestReference.run(JUnit5TestReference.java:100)
	at org.eclipse.jdt.internal.junit.runner.TestExecution.run(TestExecution.java:40)
	at org.eclipse.jdt.internal.junit.runner.RemoteTestRunner.runTests(RemoteTestRunner.java:529)
	at org.eclipse.jdt.internal.junit.runner.RemoteTestRunner.runTests(RemoteTestRunner.java:757)
	at org.eclipse.jdt.internal.junit.runner.RemoteTestRunner.run(RemoteTestRunner.java:452)
	at org.eclipse.jdt.internal.junit.runner.RemoteTestRunner.main(RemoteTestRunner.java:210)
Caused by: java.lang.NoClassDefFoundError: dev/binz/reference/user/controller/StreamRestController (wrong name: dev/binz/Reference/user/controller/StreamRestController)
	at java.base/java.lang.ClassLoader.defineClass1(Native Method)
	at java.base/java.lang.ClassLoader.defineClass(ClassLoader.java:1023)
	at java.base/java.security.SecureClassLoader.defineClass(SecureClassLoader.java:150)
	at java.base/jdk.internal.loader.BuiltinClassLoader.defineClass(BuiltinClassLoader.java:862)
	at java.base/jdk.internal.loader.BuiltinClassLoader.findClassOnClassPathOrNull(BuiltinClassLoader.java:760)
	at java.base/jdk.internal.loader.BuiltinClassLoader.loadClassOrNull(BuiltinClassLoader.java:681)
	at java.base/jdk.internal.loader.BuiltinClassLoader.loadClass(BuiltinClassLoader.java:639)
	at java.base/jdk.internal.loader.ClassLoaders$AppClassLoader.loadClass(ClassLoaders.java:188)
	at java.base/java.lang.ClassLoader.loadClass(ClassLoader.java:525)
	at java.base/java.lang.Class.forName0(Native Method)
	at java.base/java.lang.Class.forName(Class.java:529)
	at java.base/java.lang.Class.forName(Class.java:508)
	at org.springframework.util.ClassUtils.forName(ClassUtils.java:321)
	at org.springframework.beans.factory.support.AbstractBeanDefinition.resolveBeanClass(AbstractBeanDefinition.java:503)
	at org.springframework.beans.factory.support.AbstractBeanFactory.doResolveBeanClass(AbstractBeanFactory.java:1641)
	at org.springframework.beans.factory.support.AbstractBeanFactory.resolveBeanClass(AbstractBeanFactory.java:1566)
	... 106 common frames omitted
2025-09-04 12:42:58 WARN  [main] o.s.test.context.TestContextManager - Caught exception while allowing TestExecutionListener [org.springframework.test.context.web.ServletTestExecutionListener] to prepare test instance [dev.binz.Reference.user.controller.StreamRestController@aaa0f76]
java.lang.IllegalStateException: Failed to load ApplicationContext for [WebMergedContextConfiguration@188ac8a3 testClass = dev.binz.Reference.user.controller.StreamRestController, locations = [], classes = [dev.binz.reference.ReferenceApplication], contextInitializerClasses = [], activeProfiles = [], propertySourceDescriptors = [], propertySourceProperties = ["org.springframework.boot.test.context.SpringBootTestContextBootstrapper=true"], contextCustomizers = [[ImportsContextCustomizer@3650d4fc key = [org.springframework.boot.test.autoconfigure.web.servlet.MockMvcWebDriverAutoConfiguration, org.springframework.boot.test.autoconfigure.web.servlet.MockMvcAutoConfiguration, org.springframework.boot.autoconfigure.security.oauth2.client.servlet.OAuth2ClientAutoConfiguration, org.springframework.boot.autoconfigure.security.servlet.SecurityAutoConfiguration, org.springframework.boot.autoconfigure.security.servlet.SecurityFilterAutoConfiguration, org.springframework.boot.autoconfigure.security.servlet.UserDetailsServiceAutoConfiguration, org.springframework.boot.autoconfigure.security.oauth2.resource.servlet.OAuth2ResourceServerAutoConfiguration, org.springframework.boot.test.autoconfigure.web.servlet.MockMvcSecurityConfiguration, org.springframework.boot.test.autoconfigure.web.servlet.MockMvcWebClientAutoConfiguration, org.springframework.boot.test.autoconfigure.web.reactive.WebTestClientAutoConfiguration]], org.springframework.boot.test.context.filter.ExcludeFilterContextCustomizer@6e6f2380, org.springframework.boot.test.json.DuplicateJsonObjectContextCustomizerFactory$DuplicateJsonObjectContextCustomizer@1530c739, org.springframework.boot.test.mock.mockito.MockitoContextCustomizer@0, org.springframework.boot.test.web.client.TestRestTemplateContextCustomizer@7ef82753, org.springframework.boot.test.web.reactor.netty.DisableReactorResourceFactoryGlobalResourcesContextCustomizerFactory$DisableReactorResourceFactoryGlobalResourcesContextCustomizerCustomizer@4b013c76, org.springframework.boot.test.autoconfigure.OnFailureConditionReportContextCustomizerFactory$OnFailureConditionReportContextCustomizer@33065d67, org.springframework.boot.test.autoconfigure.actuate.observability.ObservabilityContextCustomizerFactory$DisableObservabilityContextCustomizer@1f, org.springframework.boot.test.autoconfigure.properties.PropertyMappingContextCustomizer@4b3fa0b3, org.springframework.boot.test.autoconfigure.web.servlet.WebDriverContextCustomizer@273444fe, org.springframework.test.context.support.DynamicPropertiesContextCustomizer@0, org.springframework.boot.test.context.SpringBootTestAnnotation@776ef6d3], resourceBasePath = "src/main/webapp", contextLoader = org.springframework.boot.test.context.SpringBootContextLoader, parent = null]
	at org.springframework.test.context.cache.DefaultCacheAwareContextLoaderDelegate.loadContext(DefaultCacheAwareContextLoaderDelegate.java:180)
	at org.springframework.test.context.support.DefaultTestContext.getApplicationContext(DefaultTestContext.java:130)
	at org.springframework.test.context.web.ServletTestExecutionListener.setUpRequestContextIfNecessary(ServletTestExecutionListener.java:200)
	at org.springframework.test.context.web.ServletTestExecutionListener.prepareTestInstance(ServletTestExecutionListener.java:139)
	at org.springframework.test.context.TestContextManager.prepareTestInstance(TestContextManager.java:260)
	at org.springframework.test.context.junit.jupiter.SpringExtension.postProcessTestInstance(SpringExtension.java:160)
	at org.junit.jupiter.engine.descriptor.ClassBasedTestDescriptor.lambda$invokeTestInstancePostProcessors$11(ClassBasedTestDescriptor.java:378)
	at org.junit.jupiter.engine.descriptor.ClassBasedTestDescriptor.executeAndMaskThrowable(ClassBasedTestDescriptor.java:383)
	at org.junit.jupiter.engine.descriptor.ClassBasedTestDescriptor.lambda$invokeTestInstancePostProcessors$12(ClassBasedTestDescriptor.java:378)
	at java.base/java.util.stream.ForEachOps$ForEachOp$OfRef.accept(ForEachOps.java:184)
	at java.base/java.util.stream.ReferencePipeline$3$1.accept(ReferencePipeline.java:212)
	at java.base/java.util.stream.ReferencePipeline$2$1.accept(ReferencePipeline.java:194)
	at java.base/java.util.stream.ReferencePipeline$3$1.accept(ReferencePipeline.java:212)
	at java.base/java.util.ArrayList$ArrayListSpliterator.forEachRemaining(ArrayList.java:1709)
	at java.base/java.util.stream.AbstractPipeline.copyInto(AbstractPipeline.java:556)
	at java.base/java.util.stream.AbstractPipeline.wrapAndCopyInto(AbstractPipeline.java:546)
	at java.base/java.util.stream.ForEachOps$ForEachOp.evaluateSequential(ForEachOps.java:151)
	at java.base/java.util.stream.ForEachOps$ForEachOp$OfRef.evaluateSequential(ForEachOps.java:174)
	at java.base/java.util.stream.AbstractPipeline.evaluate(AbstractPipeline.java:265)
	at java.base/java.util.stream.ReferencePipeline.forEach(ReferencePipeline.java:611)
	at org.junit.jupiter.engine.descriptor.ClassBasedTestDescriptor.invokeTestInstancePostProcessors(ClassBasedTestDescriptor.java:377)
	at org.junit.jupiter.engine.descriptor.ClassBasedTestDescriptor.lambda$instantiateAndPostProcessTestInstance$7(ClassBasedTestDescriptor.java:290)
	at org.junit.platform.engine.support.hierarchical.ThrowableCollector.execute(ThrowableCollector.java:73)
	at org.junit.jupiter.engine.descriptor.ClassBasedTestDescriptor.instantiateAndPostProcessTestInstance(ClassBasedTestDescriptor.java:289)
	at org.junit.jupiter.engine.descriptor.ClassBasedTestDescriptor.lambda$testInstancesProvider$5(ClassBasedTestDescriptor.java:279)
	at java.base/java.util.Optional.orElseGet(Optional.java:364)
	at org.junit.jupiter.engine.descriptor.ClassBasedTestDescriptor.lambda$testInstancesProvider$6(ClassBasedTestDescriptor.java:278)
	at org.junit.jupiter.engine.execution.TestInstancesProvider.getTestInstances(TestInstancesProvider.java:31)
	at org.junit.jupiter.engine.descriptor.TestMethodTestDescriptor.lambda$prepare$1(TestMethodTestDescriptor.java:105)
	at org.junit.platform.engine.support.hierarchical.ThrowableCollector.execute(ThrowableCollector.java:73)
	at org.junit.jupiter.engine.descriptor.TestMethodTestDescriptor.prepare(TestMethodTestDescriptor.java:104)
	at org.junit.jupiter.engine.descriptor.TestMethodTestDescriptor.prepare(TestMethodTestDescriptor.java:68)
	at org.junit.platform.engine.support.hierarchical.NodeTestTask.lambda$prepare$2(NodeTestTask.java:128)
	at org.junit.platform.engine.support.hierarchical.ThrowableCollector.execute(ThrowableCollector.java:73)
	at org.junit.platform.engine.support.hierarchical.NodeTestTask.prepare(NodeTestTask.java:128)
	at org.junit.platform.engine.support.hierarchical.NodeTestTask.execute(NodeTestTask.java:95)
	at java.base/java.util.ArrayList.forEach(ArrayList.java:1597)
	at org.junit.platform.engine.support.hierarchical.SameThreadHierarchicalTestExecutorService.invokeAll(SameThreadHierarchicalTestExecutorService.java:41)
	at org.junit.platform.engine.support.hierarchical.NodeTestTask.lambda$executeRecursively$6(NodeTestTask.java:160)
	at org.junit.platform.engine.support.hierarchical.ThrowableCollector.execute(ThrowableCollector.java:73)
	at org.junit.platform.engine.support.hierarchical.NodeTestTask.lambda$executeRecursively$8(NodeTestTask.java:146)
	at org.junit.platform.engine.support.hierarchical.Node.around(Node.java:137)
	at org.junit.platform.engine.support.hierarchical.NodeTestTask.lambda$executeRecursively$9(NodeTestTask.java:144)
	at org.junit.platform.engine.support.hierarchical.ThrowableCollector.execute(ThrowableCollector.java:73)
	at org.junit.platform.engine.support.hierarchical.NodeTestTask.executeRecursively(NodeTestTask.java:143)
	at org.junit.platform.engine.support.hierarchical.NodeTestTask.execute(NodeTestTask.java:100)
	at java.base/java.util.ArrayList.forEach(ArrayList.java:1597)
	at org.junit.platform.engine.support.hierarchical.SameThreadHierarchicalTestExecutorService.invokeAll(SameThreadHierarchicalTestExecutorService.java:41)
	at org.junit.platform.engine.support.hierarchical.NodeTestTask.lambda$executeRecursively$6(NodeTestTask.java:160)
	at org.junit.platform.engine.support.hierarchical.ThrowableCollector.execute(ThrowableCollector.java:73)
	at org.junit.platform.engine.support.hierarchical.NodeTestTask.lambda$executeRecursively$8(NodeTestTask.java:146)
	at org.junit.platform.engine.support.hierarchical.Node.around(Node.java:137)
	at org.junit.platform.engine.support.hierarchical.NodeTestTask.lambda$executeRecursively$9(NodeTestTask.java:144)
	at org.junit.platform.engine.support.hierarchical.ThrowableCollector.execute(ThrowableCollector.java:73)
	at org.junit.platform.engine.support.hierarchical.NodeTestTask.executeRecursively(NodeTestTask.java:143)
	at org.junit.platform.engine.support.hierarchical.NodeTestTask.execute(NodeTestTask.java:100)
	at org.junit.platform.engine.support.hierarchical.SameThreadHierarchicalTestExecutorService.submit(SameThreadHierarchicalTestExecutorService.java:35)
	at org.junit.platform.engine.support.hierarchical.HierarchicalTestExecutor.execute(HierarchicalTestExecutor.java:57)
	at org.junit.platform.engine.support.hierarchical.HierarchicalTestEngine.execute(HierarchicalTestEngine.java:54)
	at org.junit.platform.launcher.core.EngineExecutionOrchestrator.execute(EngineExecutionOrchestrator.java:198)
	at org.junit.platform.launcher.core.EngineExecutionOrchestrator.execute(EngineExecutionOrchestrator.java:169)
	at org.junit.platform.launcher.core.EngineExecutionOrchestrator.execute(EngineExecutionOrchestrator.java:93)
	at org.junit.platform.launcher.core.EngineExecutionOrchestrator.lambda$execute$0(EngineExecutionOrchestrator.java:58)
	at org.junit.platform.launcher.core.EngineExecutionOrchestrator.withInterceptedStreams(EngineExecutionOrchestrator.java:141)
	at org.junit.platform.launcher.core.EngineExecutionOrchestrator.execute(EngineExecutionOrchestrator.java:57)
	at org.junit.platform.launcher.core.DefaultLauncher.execute(DefaultLauncher.java:103)
	at org.junit.platform.launcher.core.DefaultLauncher.execute(DefaultLauncher.java:94)
	at org.junit.platform.launcher.core.DelegatingLauncher.execute(DelegatingLauncher.java:52)
	at org.junit.platform.launcher.core.SessionPerRequestLauncher.execute(SessionPerRequestLauncher.java:70)
	at org.eclipse.jdt.internal.junit5.runner.JUnit5TestReference.run(JUnit5TestReference.java:100)
	at org.eclipse.jdt.internal.junit.runner.TestExecution.run(TestExecution.java:40)
	at org.eclipse.jdt.internal.junit.runner.RemoteTestRunner.runTests(RemoteTestRunner.java:529)
	at org.eclipse.jdt.internal.junit.runner.RemoteTestRunner.runTests(RemoteTestRunner.java:757)
	at org.eclipse.jdt.internal.junit.runner.RemoteTestRunner.run(RemoteTestRunner.java:452)
	at org.eclipse.jdt.internal.junit.runner.RemoteTestRunner.main(RemoteTestRunner.java:210)
Caused by: org.springframework.beans.factory.CannotLoadBeanClassException: Error loading class [dev.binz.reference.user.controller.StreamRestController] for bean with name 'streamRestController' defined in file [C:\DEV_SRC\eclipse\Reference\target\classes\dev\binz\reference\user\controller\StreamRestController.class]: problem with class file or dependent class
	at org.springframework.beans.factory.support.AbstractBeanFactory.resolveBeanClass(AbstractBeanFactory.java:1576)
	at org.springframework.beans.factory.support.AbstractAutowireCapableBeanFactory.determineTargetType(AbstractAutowireCapableBeanFactory.java:686)
	at org.springframework.beans.factory.support.AbstractAutowireCapableBeanFactory.predictBeanType(AbstractAutowireCapableBeanFactory.java:654)
	at org.springframework.beans.factory.support.AbstractBeanFactory.isFactoryBean(AbstractBeanFactory.java:1704)
	at org.springframework.beans.factory.support.DefaultListableBeanFactory.doGetBeanNamesForType(DefaultListableBeanFactory.java:618)
	at org.springframework.beans.factory.support.DefaultListableBeanFactory.getBeanNamesForType(DefaultListableBeanFactory.java:590)
	at org.springframework.beans.factory.support.DefaultListableBeanFactory.getBeanNamesForType(DefaultListableBeanFactory.java:584)
	at org.mybatis.spring.boot.autoconfigure.MybatisAutoConfiguration$AutoConfiguredMapperScannerRegistrar.getBeanNameForType(MybatisAutoConfiguration.java:302)
	at org.mybatis.spring.boot.autoconfigure.MybatisAutoConfiguration$AutoConfiguredMapperScannerRegistrar.registerBeanDefinitions(MybatisAutoConfiguration.java:276)
	at org.springframework.context.annotation.ImportBeanDefinitionRegistrar.registerBeanDefinitions(ImportBeanDefinitionRegistrar.java:86)
	at org.springframework.context.annotation.ConfigurationClassBeanDefinitionReader.lambda$loadBeanDefinitionsFromRegistrars$1(ConfigurationClassBeanDefinitionReader.java:397)
	at java.base/java.util.LinkedHashMap.forEach(LinkedHashMap.java:986)
	at org.springframework.context.annotation.ConfigurationClassBeanDefinitionReader.loadBeanDefinitionsFromRegistrars(ConfigurationClassBeanDefinitionReader.java:396)
	at org.springframework.context.annotation.ConfigurationClassBeanDefinitionReader.loadBeanDefinitionsForConfigurationClass(ConfigurationClassBeanDefinitionReader.java:149)
	at org.springframework.context.annotation.ConfigurationClassBeanDefinitionReader.loadBeanDefinitions(ConfigurationClassBeanDefinitionReader.java:121)
	at org.springframework.context.annotation.ConfigurationClassPostProcessor.processConfigBeanDefinitions(ConfigurationClassPostProcessor.java:430)
	at org.springframework.context.annotation.ConfigurationClassPostProcessor.postProcessBeanDefinitionRegistry(ConfigurationClassPostProcessor.java:290)
	at org.springframework.context.support.PostProcessorRegistrationDelegate.invokeBeanDefinitionRegistryPostProcessors(PostProcessorRegistrationDelegate.java:349)
	at org.springframework.context.support.PostProcessorRegistrationDelegate.invokeBeanFactoryPostProcessors(PostProcessorRegistrationDelegate.java:118)
	at org.springframework.context.support.AbstractApplicationContext.invokeBeanFactoryPostProcessors(AbstractApplicationContext.java:791)
	at org.springframework.context.support.AbstractApplicationContext.refresh(AbstractApplicationContext.java:609)
	at org.springframework.boot.SpringApplication.refresh(SpringApplication.java:752)
	at org.springframework.boot.SpringApplication.refreshContext(SpringApplication.java:439)
	at org.springframework.boot.SpringApplication.run(SpringApplication.java:318)
	at org.springframework.boot.test.context.SpringBootContextLoader.lambda$loadContext$3(SpringBootContextLoader.java:137)
	at org.springframework.util.function.ThrowingSupplier.get(ThrowingSupplier.java:58)
	at org.springframework.util.function.ThrowingSupplier.get(ThrowingSupplier.java:46)
	at org.springframework.boot.SpringApplication.withHook(SpringApplication.java:1461)
	at org.springframework.boot.test.context.SpringBootContextLoader$ContextLoaderHook.run(SpringBootContextLoader.java:553)
	at org.springframework.boot.test.context.SpringBootContextLoader.loadContext(SpringBootContextLoader.java:137)
	at org.springframework.boot.test.context.SpringBootContextLoader.loadContext(SpringBootContextLoader.java:108)
	at org.springframework.test.context.cache.DefaultCacheAwareContextLoaderDelegate.loadContextInternal(DefaultCacheAwareContextLoaderDelegate.java:225)
	at org.springframework.test.context.cache.DefaultCacheAwareContextLoaderDelegate.loadContext(DefaultCacheAwareContextLoaderDelegate.java:152)
	... 74 common frames omitted
Caused by: java.lang.NoClassDefFoundError: dev/binz/reference/user/controller/StreamRestController (wrong name: dev/binz/Reference/user/controller/StreamRestController)
	at java.base/java.lang.ClassLoader.defineClass1(Native Method)
	at java.base/java.lang.ClassLoader.defineClass(ClassLoader.java:1023)
	at java.base/java.security.SecureClassLoader.defineClass(SecureClassLoader.java:150)
	at java.base/jdk.internal.loader.BuiltinClassLoader.defineClass(BuiltinClassLoader.java:862)
	at java.base/jdk.internal.loader.BuiltinClassLoader.findClassOnClassPathOrNull(BuiltinClassLoader.java:760)
	at java.base/jdk.internal.loader.BuiltinClassLoader.loadClassOrNull(BuiltinClassLoader.java:681)
	at java.base/jdk.internal.loader.BuiltinClassLoader.loadClass(BuiltinClassLoader.java:639)
	at java.base/jdk.internal.loader.ClassLoaders$AppClassLoader.loadClass(ClassLoaders.java:188)
	at java.base/java.lang.ClassLoader.loadClass(ClassLoader.java:525)
	at java.base/java.lang.Class.forName0(Native Method)
	at java.base/java.lang.Class.forName(Class.java:529)
	at java.base/java.lang.Class.forName(Class.java:508)
	at org.springframework.util.ClassUtils.forName(ClassUtils.java:321)
	at org.springframework.beans.factory.support.AbstractBeanDefinition.resolveBeanClass(AbstractBeanDefinition.java:503)
	at org.springframework.beans.factory.support.AbstractBeanFactory.doResolveBeanClass(AbstractBeanFactory.java:1641)
	at org.springframework.beans.factory.support.AbstractBeanFactory.resolveBeanClass(AbstractBeanFactory.java:1566)
	... 106 common frames omitted
2025-09-04 12:44:44 INFO  [background-preinit] o.h.validator.internal.util.Version - HV000001: Hibernate Validator 8.0.2.Final
2025-09-04 12:44:44 INFO  [restartedMain] d.b.reference.ReferenceApplication - Starting ReferenceApplication using Java 22.0.1 with PID 9444 (C:\DEV_SRC\eclipse\Reference\target\classes started by sonzw in C:\DEV_SRC\eclipse\Reference)
2025-09-04 12:44:44 INFO  [restartedMain] d.b.reference.ReferenceApplication - Starting ReferenceApplication using Java 22.0.1 with PID 9444 (C:\DEV_SRC\eclipse\Reference\target\classes started by sonzw in C:\DEV_SRC\eclipse\Reference)
2025-09-04 12:44:44 DEBUG [restartedMain] d.b.reference.ReferenceApplication - Running with Spring Boot v3.4.3, Spring v6.2.3
2025-09-04 12:44:44 DEBUG [restartedMain] d.b.reference.ReferenceApplication - Running with Spring Boot v3.4.3, Spring v6.2.3
2025-09-04 12:44:44 INFO  [restartedMain] d.b.reference.ReferenceApplication - No active profile set, falling back to 1 default profile: "default"
2025-09-04 12:44:44 INFO  [restartedMain] d.b.reference.ReferenceApplication - No active profile set, falling back to 1 default profile: "default"
2025-09-04 12:44:44 INFO  [restartedMain] o.s.b.d.e.DevToolsPropertyDefaultsPostProcessor - Devtools property defaults active! Set 'spring.devtools.add-properties' to 'false' to disable
2025-09-04 12:44:44 INFO  [restartedMain] o.s.b.d.e.DevToolsPropertyDefaultsPostProcessor - For additional web related logging consider setting the 'logging.level.web' property to 'DEBUG'
2025-09-04 12:44:45 WARN  [restartedMain] o.m.s.mapper.ClassPathMapperScanner - No MyBatis mapper was found in '[dev.binz.reference]' package. Please check your configuration.
2025-09-04 12:44:45 INFO  [restartedMain] o.s.b.w.e.tomcat.TomcatWebServer - Tomcat initialized with port 8080 (http)
2025-09-04 12:44:45 INFO  [restartedMain] o.a.coyote.http11.Http11NioProtocol - Initializing ProtocolHandler ["http-nio-8080"]
2025-09-04 12:44:45 INFO  [restartedMain] o.a.catalina.core.StandardService - Starting service [Tomcat]
2025-09-04 12:44:45 INFO  [restartedMain] o.a.catalina.core.StandardEngine - Starting Servlet engine: [Apache Tomcat/10.1.36]
2025-09-04 12:44:45 INFO  [restartedMain] o.a.c.c.C.[Tomcat].[localhost].[/] - Initializing Spring embedded WebApplicationContext
2025-09-04 12:44:45 INFO  [restartedMain] o.s.b.w.s.c.ServletWebServerApplicationContext - Root WebApplicationContext: initialization completed in 1393 ms
2025-09-04 12:44:46 DEBUG [restartedMain] d.binz.reference.filter.CustomFilter - CustomFilter 초기화됨
2025-09-04 12:44:46 DEBUG [restartedMain] d.binz.reference.filter.CustomFilter - CustomFilter 초기화됨
2025-09-04 12:44:46 DEBUG [restartedMain] d.binz.reference.filter.CustomFilter - CustomFilter 초기화됨
2025-09-04 12:44:46 DEBUG [restartedMain] d.binz.reference.filter.CustomFilter - CustomFilter 초기화됨
2025-09-04 12:44:46 INFO  [restartedMain] com.zaxxer.hikari.HikariDataSource - HikariPool-1 - Starting...
2025-09-04 12:44:46 INFO  [restartedMain] com.zaxxer.hikari.pool.HikariPool - HikariPool-1 - Added connection conn0: url=jdbc:h2:mem:effe4042-5e47-4a74-babb-694f730ca121 user=SA
2025-09-04 12:44:46 INFO  [restartedMain] com.zaxxer.hikari.HikariDataSource - HikariPool-1 - Start completed.
2025-09-04 12:44:46 INFO  [restartedMain] o.s.b.a.h.H2ConsoleAutoConfiguration - H2 console available at '/h2-console'. Database available at 'jdbc:h2:mem:effe4042-5e47-4a74-babb-694f730ca121'
2025-09-04 12:44:46 INFO  [restartedMain] o.s.b.d.a.OptionalLiveReloadServer - LiveReload server is running on port 35729
2025-09-04 12:44:46 INFO  [restartedMain] o.a.coyote.http11.Http11NioProtocol - Starting ProtocolHandler ["http-nio-8080"]
2025-09-04 12:44:46 INFO  [restartedMain] o.s.b.w.e.tomcat.TomcatWebServer - Tomcat started on port 8080 (http) with context path '/'
2025-09-04 12:44:46 INFO  [restartedMain] d.b.reference.ReferenceApplication - Started ReferenceApplication in 3.123 seconds (process running for 3.932)
2025-09-04 12:44:46 INFO  [restartedMain] d.b.reference.ReferenceApplication - Started ReferenceApplication in 3.123 seconds (process running for 3.932)
2025-09-04 12:45:24 INFO  [http-nio-8080-exec-1] o.a.c.c.C.[Tomcat].[localhost].[/] - Initializing Spring DispatcherServlet 'dispatcherServlet'
2025-09-04 12:45:24 INFO  [http-nio-8080-exec-1] o.s.web.servlet.DispatcherServlet - Initializing Servlet 'dispatcherServlet'
2025-09-04 12:45:24 INFO  [http-nio-8080-exec-1] o.s.web.servlet.DispatcherServlet - Completed initialization in 2 ms
2025-09-04 12:45:24 DEBUG [http-nio-8080-exec-1] d.binz.reference.filter.CustomFilter - [CustomFilter] 요청 필터링 시작
2025-09-04 12:45:24 DEBUG [http-nio-8080-exec-1] d.binz.reference.filter.CustomFilter - [CustomFilter] 요청 필터링 시작
2025-09-04 12:45:24 DEBUG [http-nio-8080-exec-1] d.b.r.u.c.StreamRestController - =====validateUser
2025-09-04 12:45:24 DEBUG [http-nio-8080-exec-1] d.b.r.u.c.StreamRestController - =====validateUser
2025-09-04 12:45:24 DEBUG [http-nio-8080-exec-1] d.b.r.u.c.StreamRestController - thread holding test printer
2025-09-04 12:45:24 DEBUG [http-nio-8080-exec-1] d.b.r.u.c.StreamRestController - thread holding test printer
2025-09-04 12:45:24 DEBUG [http-nio-8080-exec-1] d.binz.reference.filter.CustomFilter - [CustomFilter] 요청 필터링 완료
2025-09-04 12:45:24 DEBUG [http-nio-8080-exec-1] d.binz.reference.filter.CustomFilter - [CustomFilter] 요청 필터링 완료
2025-09-04 12:45:49 INFO  [RMI TCP Connection(8)-127.0.0.1] o.s.b.a.SpringApplicationAdminMXBeanRegistrar$SpringApplicationAdmin - Application shutdown requested.
2025-09-04 12:45:49 INFO  [RMI TCP Connection(8)-127.0.0.1] o.s.b.w.e.tomcat.GracefulShutdown - Commencing graceful shutdown. Waiting for active requests to complete
2025-09-04 12:45:49 INFO  [tomcat-shutdown] o.a.coyote.http11.Http11NioProtocol - Pausing ProtocolHandler ["http-nio-8080"]
2025-09-04 12:45:49 INFO  [tomcat-shutdown] o.s.b.w.e.tomcat.GracefulShutdown - Graceful shutdown complete
2025-09-04 12:45:49 INFO  [RMI TCP Connection(8)-127.0.0.1] o.a.coyote.http11.Http11NioProtocol - Stopping ProtocolHandler ["http-nio-8080"]
2025-09-04 12:45:49 WARN  [RMI TCP Connection(8)-127.0.0.1] o.s.b.f.s.DisposableBeanAdapter - Invocation of destroy method failed on bean with name 'inMemoryDatabaseShutdownExecutor': org.h2.jdbc.JdbcSQLNonTransientConnectionException: Database is already closed (to disable automatic closing at VM shutdown, add ";DB_CLOSE_ON_EXIT=FALSE" to the db URL) [90121-232]
2025-09-04 12:45:49 INFO  [RMI TCP Connection(8)-127.0.0.1] com.zaxxer.hikari.HikariDataSource - HikariPool-1 - Shutdown initiated...
2025-09-04 12:45:49 INFO  [RMI TCP Connection(8)-127.0.0.1] com.zaxxer.hikari.HikariDataSource - HikariPool-1 - Shutdown completed.
2025-09-04 12:45:49 DEBUG [RMI TCP Connection(8)-127.0.0.1] d.binz.reference.filter.CustomFilter - CustomFilter 종료됨
2025-09-04 12:45:49 DEBUG [RMI TCP Connection(8)-127.0.0.1] d.binz.reference.filter.CustomFilter - CustomFilter 종료됨
2025-09-04 12:45:49 DEBUG [RMI TCP Connection(8)-127.0.0.1] d.binz.reference.filter.CustomFilter - CustomFilter 종료됨
2025-09-04 12:45:49 DEBUG [RMI TCP Connection(8)-127.0.0.1] d.binz.reference.filter.CustomFilter - CustomFilter 종료됨
2025-09-04 12:46:14 INFO  [background-preinit] o.h.validator.internal.util.Version - HV000001: Hibernate Validator 8.0.2.Final
2025-09-04 12:46:14 INFO  [main] d.b.R.u.c.StreamRestController - Starting StreamRestController using Java 22.0.1 with PID 12348 (started by sonzw in C:\DEV_SRC\eclipse\Reference)
2025-09-04 12:46:14 INFO  [main] d.b.R.u.c.StreamRestController - No active profile set, falling back to 1 default profile: "default"
2025-09-04 12:46:15 WARN  [main] o.s.w.c.s.GenericWebApplicationContext - Exception encountered during context initialization - cancelling refresh attempt: org.springframework.beans.factory.CannotLoadBeanClassException: Error loading class [dev.binz.reference.user.controller.StreamRestController] for bean with name 'streamRestController' defined in file [C:\DEV_SRC\eclipse\Reference\target\classes\dev\binz\reference\user\controller\StreamRestController.class]: problem with class file or dependent class
2025-09-04 12:46:15 INFO  [main] o.s.b.a.l.ConditionEvaluationReportLogger - 

Error starting ApplicationContext. To display the condition evaluation report re-run your application with 'debug' enabled.
2025-09-04 12:46:15 ERROR [main] o.s.boot.SpringApplication - Application run failed
org.springframework.beans.factory.CannotLoadBeanClassException: Error loading class [dev.binz.reference.user.controller.StreamRestController] for bean with name 'streamRestController' defined in file [C:\DEV_SRC\eclipse\Reference\target\classes\dev\binz\reference\user\controller\StreamRestController.class]: problem with class file or dependent class
	at org.springframework.beans.factory.support.AbstractBeanFactory.resolveBeanClass(AbstractBeanFactory.java:1576)
	at org.springframework.beans.factory.support.AbstractAutowireCapableBeanFactory.determineTargetType(AbstractAutowireCapableBeanFactory.java:686)
	at org.springframework.beans.factory.support.AbstractAutowireCapableBeanFactory.predictBeanType(AbstractAutowireCapableBeanFactory.java:654)
	at org.springframework.beans.factory.support.AbstractBeanFactory.isFactoryBean(AbstractBeanFactory.java:1704)
	at org.springframework.beans.factory.support.DefaultListableBeanFactory.doGetBeanNamesForType(DefaultListableBeanFactory.java:618)
	at org.springframework.beans.factory.support.DefaultListableBeanFactory.getBeanNamesForType(DefaultListableBeanFactory.java:590)
	at org.springframework.beans.factory.support.DefaultListableBeanFactory.getBeanNamesForType(DefaultListableBeanFactory.java:584)
	at org.mybatis.spring.boot.autoconfigure.MybatisAutoConfiguration$AutoConfiguredMapperScannerRegistrar.getBeanNameForType(MybatisAutoConfiguration.java:302)
	at org.mybatis.spring.boot.autoconfigure.MybatisAutoConfiguration$AutoConfiguredMapperScannerRegistrar.registerBeanDefinitions(MybatisAutoConfiguration.java:276)
	at org.springframework.context.annotation.ImportBeanDefinitionRegistrar.registerBeanDefinitions(ImportBeanDefinitionRegistrar.java:86)
	at org.springframework.context.annotation.ConfigurationClassBeanDefinitionReader.lambda$loadBeanDefinitionsFromRegistrars$1(ConfigurationClassBeanDefinitionReader.java:397)
	at java.base/java.util.LinkedHashMap.forEach(LinkedHashMap.java:986)
	at org.springframework.context.annotation.ConfigurationClassBeanDefinitionReader.loadBeanDefinitionsFromRegistrars(ConfigurationClassBeanDefinitionReader.java:396)
	at org.springframework.context.annotation.ConfigurationClassBeanDefinitionReader.loadBeanDefinitionsForConfigurationClass(ConfigurationClassBeanDefinitionReader.java:149)
	at org.springframework.context.annotation.ConfigurationClassBeanDefinitionReader.loadBeanDefinitions(ConfigurationClassBeanDefinitionReader.java:121)
	at org.springframework.context.annotation.ConfigurationClassPostProcessor.processConfigBeanDefinitions(ConfigurationClassPostProcessor.java:430)
	at org.springframework.context.annotation.ConfigurationClassPostProcessor.postProcessBeanDefinitionRegistry(ConfigurationClassPostProcessor.java:290)
	at org.springframework.context.support.PostProcessorRegistrationDelegate.invokeBeanDefinitionRegistryPostProcessors(PostProcessorRegistrationDelegate.java:349)
	at org.springframework.context.support.PostProcessorRegistrationDelegate.invokeBeanFactoryPostProcessors(PostProcessorRegistrationDelegate.java:118)
	at org.springframework.context.support.AbstractApplicationContext.invokeBeanFactoryPostProcessors(AbstractApplicationContext.java:791)
	at org.springframework.context.support.AbstractApplicationContext.refresh(AbstractApplicationContext.java:609)
	at org.springframework.boot.SpringApplication.refresh(SpringApplication.java:752)
	at org.springframework.boot.SpringApplication.refreshContext(SpringApplication.java:439)
	at org.springframework.boot.SpringApplication.run(SpringApplication.java:318)
	at org.springframework.boot.test.context.SpringBootContextLoader.lambda$loadContext$3(SpringBootContextLoader.java:137)
	at org.springframework.util.function.ThrowingSupplier.get(ThrowingSupplier.java:58)
	at org.springframework.util.function.ThrowingSupplier.get(ThrowingSupplier.java:46)
	at org.springframework.boot.SpringApplication.withHook(SpringApplication.java:1461)
	at org.springframework.boot.test.context.SpringBootContextLoader$ContextLoaderHook.run(SpringBootContextLoader.java:553)
	at org.springframework.boot.test.context.SpringBootContextLoader.loadContext(SpringBootContextLoader.java:137)
	at org.springframework.boot.test.context.SpringBootContextLoader.loadContext(SpringBootContextLoader.java:108)
	at org.springframework.test.context.cache.DefaultCacheAwareContextLoaderDelegate.loadContextInternal(DefaultCacheAwareContextLoaderDelegate.java:225)
	at org.springframework.test.context.cache.DefaultCacheAwareContextLoaderDelegate.loadContext(DefaultCacheAwareContextLoaderDelegate.java:152)
	at org.springframework.test.context.support.DefaultTestContext.getApplicationContext(DefaultTestContext.java:130)
	at org.springframework.test.context.web.ServletTestExecutionListener.setUpRequestContextIfNecessary(ServletTestExecutionListener.java:200)
	at org.springframework.test.context.web.ServletTestExecutionListener.prepareTestInstance(ServletTestExecutionListener.java:139)
	at org.springframework.test.context.TestContextManager.prepareTestInstance(TestContextManager.java:260)
	at org.springframework.test.context.junit.jupiter.SpringExtension.postProcessTestInstance(SpringExtension.java:160)
	at org.junit.jupiter.engine.descriptor.ClassBasedTestDescriptor.lambda$invokeTestInstancePostProcessors$11(ClassBasedTestDescriptor.java:378)
	at org.junit.jupiter.engine.descriptor.ClassBasedTestDescriptor.executeAndMaskThrowable(ClassBasedTestDescriptor.java:383)
	at org.junit.jupiter.engine.descriptor.ClassBasedTestDescriptor.lambda$invokeTestInstancePostProcessors$12(ClassBasedTestDescriptor.java:378)
	at java.base/java.util.stream.ForEachOps$ForEachOp$OfRef.accept(ForEachOps.java:184)
	at java.base/java.util.stream.ReferencePipeline$3$1.accept(ReferencePipeline.java:212)
	at java.base/java.util.stream.ReferencePipeline$2$1.accept(ReferencePipeline.java:194)
	at java.base/java.util.stream.ReferencePipeline$3$1.accept(ReferencePipeline.java:212)
	at java.base/java.util.ArrayList$ArrayListSpliterator.forEachRemaining(ArrayList.java:1709)
	at java.base/java.util.stream.AbstractPipeline.copyInto(AbstractPipeline.java:556)
	at java.base/java.util.stream.AbstractPipeline.wrapAndCopyInto(AbstractPipeline.java:546)
	at java.base/java.util.stream.ForEachOps$ForEachOp.evaluateSequential(ForEachOps.java:151)
	at java.base/java.util.stream.ForEachOps$ForEachOp$OfRef.evaluateSequential(ForEachOps.java:174)
	at java.base/java.util.stream.AbstractPipeline.evaluate(AbstractPipeline.java:265)
	at java.base/java.util.stream.ReferencePipeline.forEach(ReferencePipeline.java:611)
	at org.junit.jupiter.engine.descriptor.ClassBasedTestDescriptor.invokeTestInstancePostProcessors(ClassBasedTestDescriptor.java:377)
	at org.junit.jupiter.engine.descriptor.ClassBasedTestDescriptor.lambda$instantiateAndPostProcessTestInstance$7(ClassBasedTestDescriptor.java:290)
	at org.junit.platform.engine.support.hierarchical.ThrowableCollector.execute(ThrowableCollector.java:73)
	at org.junit.jupiter.engine.descriptor.ClassBasedTestDescriptor.instantiateAndPostProcessTestInstance(ClassBasedTestDescriptor.java:289)
	at org.junit.jupiter.engine.descriptor.ClassBasedTestDescriptor.lambda$testInstancesProvider$5(ClassBasedTestDescriptor.java:279)
	at java.base/java.util.Optional.orElseGet(Optional.java:364)
	at org.junit.jupiter.engine.descriptor.ClassBasedTestDescriptor.lambda$testInstancesProvider$6(ClassBasedTestDescriptor.java:278)
	at org.junit.jupiter.engine.execution.TestInstancesProvider.getTestInstances(TestInstancesProvider.java:31)
	at org.junit.jupiter.engine.descriptor.TestMethodTestDescriptor.lambda$prepare$1(TestMethodTestDescriptor.java:105)
	at org.junit.platform.engine.support.hierarchical.ThrowableCollector.execute(ThrowableCollector.java:73)
	at org.junit.jupiter.engine.descriptor.TestMethodTestDescriptor.prepare(TestMethodTestDescriptor.java:104)
	at org.junit.jupiter.engine.descriptor.TestMethodTestDescriptor.prepare(TestMethodTestDescriptor.java:68)
	at org.junit.platform.engine.support.hierarchical.NodeTestTask.lambda$prepare$2(NodeTestTask.java:128)
	at org.junit.platform.engine.support.hierarchical.ThrowableCollector.execute(ThrowableCollector.java:73)
	at org.junit.platform.engine.support.hierarchical.NodeTestTask.prepare(NodeTestTask.java:128)
	at org.junit.platform.engine.support.hierarchical.NodeTestTask.execute(NodeTestTask.java:95)
	at java.base/java.util.ArrayList.forEach(ArrayList.java:1597)
	at org.junit.platform.engine.support.hierarchical.SameThreadHierarchicalTestExecutorService.invokeAll(SameThreadHierarchicalTestExecutorService.java:41)
	at org.junit.platform.engine.support.hierarchical.NodeTestTask.lambda$executeRecursively$6(NodeTestTask.java:160)
	at org.junit.platform.engine.support.hierarchical.ThrowableCollector.execute(ThrowableCollector.java:73)
	at org.junit.platform.engine.support.hierarchical.NodeTestTask.lambda$executeRecursively$8(NodeTestTask.java:146)
	at org.junit.platform.engine.support.hierarchical.Node.around(Node.java:137)
	at org.junit.platform.engine.support.hierarchical.NodeTestTask.lambda$executeRecursively$9(NodeTestTask.java:144)
	at org.junit.platform.engine.support.hierarchical.ThrowableCollector.execute(ThrowableCollector.java:73)
	at org.junit.platform.engine.support.hierarchical.NodeTestTask.executeRecursively(NodeTestTask.java:143)
	at org.junit.platform.engine.support.hierarchical.NodeTestTask.execute(NodeTestTask.java:100)
	at java.base/java.util.ArrayList.forEach(ArrayList.java:1597)
	at org.junit.platform.engine.support.hierarchical.SameThreadHierarchicalTestExecutorService.invokeAll(SameThreadHierarchicalTestExecutorService.java:41)
	at org.junit.platform.engine.support.hierarchical.NodeTestTask.lambda$executeRecursively$6(NodeTestTask.java:160)
	at org.junit.platform.engine.support.hierarchical.ThrowableCollector.execute(ThrowableCollector.java:73)
	at org.junit.platform.engine.support.hierarchical.NodeTestTask.lambda$executeRecursively$8(NodeTestTask.java:146)
	at org.junit.platform.engine.support.hierarchical.Node.around(Node.java:137)
	at org.junit.platform.engine.support.hierarchical.NodeTestTask.lambda$executeRecursively$9(NodeTestTask.java:144)
	at org.junit.platform.engine.support.hierarchical.ThrowableCollector.execute(ThrowableCollector.java:73)
	at org.junit.platform.engine.support.hierarchical.NodeTestTask.executeRecursively(NodeTestTask.java:143)
	at org.junit.platform.engine.support.hierarchical.NodeTestTask.execute(NodeTestTask.java:100)
	at org.junit.platform.engine.support.hierarchical.SameThreadHierarchicalTestExecutorService.submit(SameThreadHierarchicalTestExecutorService.java:35)
	at org.junit.platform.engine.support.hierarchical.HierarchicalTestExecutor.execute(HierarchicalTestExecutor.java:57)
	at org.junit.platform.engine.support.hierarchical.HierarchicalTestEngine.execute(HierarchicalTestEngine.java:54)
	at org.junit.platform.launcher.core.EngineExecutionOrchestrator.execute(EngineExecutionOrchestrator.java:198)
	at org.junit.platform.launcher.core.EngineExecutionOrchestrator.execute(EngineExecutionOrchestrator.java:169)
	at org.junit.platform.launcher.core.EngineExecutionOrchestrator.execute(EngineExecutionOrchestrator.java:93)
	at org.junit.platform.launcher.core.EngineExecutionOrchestrator.lambda$execute$0(EngineExecutionOrchestrator.java:58)
	at org.junit.platform.launcher.core.EngineExecutionOrchestrator.withInterceptedStreams(EngineExecutionOrchestrator.java:141)
	at org.junit.platform.launcher.core.EngineExecutionOrchestrator.execute(EngineExecutionOrchestrator.java:57)
	at org.junit.platform.launcher.core.DefaultLauncher.execute(DefaultLauncher.java:103)
	at org.junit.platform.launcher.core.DefaultLauncher.execute(DefaultLauncher.java:94)
	at org.junit.platform.launcher.core.DelegatingLauncher.execute(DelegatingLauncher.java:52)
	at org.junit.platform.launcher.core.SessionPerRequestLauncher.execute(SessionPerRequestLauncher.java:70)
	at org.eclipse.jdt.internal.junit5.runner.JUnit5TestReference.run(JUnit5TestReference.java:100)
	at org.eclipse.jdt.internal.junit.runner.TestExecution.run(TestExecution.java:40)
	at org.eclipse.jdt.internal.junit.runner.RemoteTestRunner.runTests(RemoteTestRunner.java:529)
	at org.eclipse.jdt.internal.junit.runner.RemoteTestRunner.runTests(RemoteTestRunner.java:757)
	at org.eclipse.jdt.internal.junit.runner.RemoteTestRunner.run(RemoteTestRunner.java:452)
	at org.eclipse.jdt.internal.junit.runner.RemoteTestRunner.main(RemoteTestRunner.java:210)
Caused by: java.lang.NoClassDefFoundError: dev/binz/reference/user/controller/StreamRestController (wrong name: dev/binz/Reference/user/controller/StreamRestController)
	at java.base/java.lang.ClassLoader.defineClass1(Native Method)
	at java.base/java.lang.ClassLoader.defineClass(ClassLoader.java:1023)
	at java.base/java.security.SecureClassLoader.defineClass(SecureClassLoader.java:150)
	at java.base/jdk.internal.loader.BuiltinClassLoader.defineClass(BuiltinClassLoader.java:862)
	at java.base/jdk.internal.loader.BuiltinClassLoader.findClassOnClassPathOrNull(BuiltinClassLoader.java:760)
	at java.base/jdk.internal.loader.BuiltinClassLoader.loadClassOrNull(BuiltinClassLoader.java:681)
	at java.base/jdk.internal.loader.BuiltinClassLoader.loadClass(BuiltinClassLoader.java:639)
	at java.base/jdk.internal.loader.ClassLoaders$AppClassLoader.loadClass(ClassLoaders.java:188)
	at java.base/java.lang.ClassLoader.loadClass(ClassLoader.java:525)
	at java.base/java.lang.Class.forName0(Native Method)
	at java.base/java.lang.Class.forName(Class.java:529)
	at java.base/java.lang.Class.forName(Class.java:508)
	at org.springframework.util.ClassUtils.forName(ClassUtils.java:321)
	at org.springframework.beans.factory.support.AbstractBeanDefinition.resolveBeanClass(AbstractBeanDefinition.java:503)
	at org.springframework.beans.factory.support.AbstractBeanFactory.doResolveBeanClass(AbstractBeanFactory.java:1641)
	at org.springframework.beans.factory.support.AbstractBeanFactory.resolveBeanClass(AbstractBeanFactory.java:1566)
	... 106 common frames omitted
2025-09-04 12:46:15 WARN  [main] o.s.test.context.TestContextManager - Caught exception while allowing TestExecutionListener [org.springframework.test.context.web.ServletTestExecutionListener] to prepare test instance [dev.binz.Reference.user.controller.StreamRestController@3650d4fc]
java.lang.IllegalStateException: Failed to load ApplicationContext for [WebMergedContextConfiguration@459f703f testClass = dev.binz.Reference.user.controller.StreamRestController, locations = [], classes = [dev.binz.reference.ReferenceApplication], contextInitializerClasses = [], activeProfiles = [], propertySourceDescriptors = [], propertySourceProperties = ["org.springframework.boot.test.context.SpringBootTestContextBootstrapper=true"], contextCustomizers = [[ImportsContextCustomizer@188ac8a3 key = [org.springframework.boot.test.autoconfigure.web.servlet.MockMvcWebDriverAutoConfiguration, org.springframework.boot.test.autoconfigure.web.servlet.MockMvcAutoConfiguration, org.springframework.boot.autoconfigure.security.oauth2.client.servlet.OAuth2ClientAutoConfiguration, org.springframework.boot.autoconfigure.security.servlet.SecurityAutoConfiguration, org.springframework.boot.autoconfigure.security.servlet.SecurityFilterAutoConfiguration, org.springframework.boot.autoconfigure.security.servlet.UserDetailsServiceAutoConfiguration, org.springframework.boot.autoconfigure.security.oauth2.resource.servlet.OAuth2ResourceServerAutoConfiguration, org.springframework.boot.test.autoconfigure.web.servlet.MockMvcSecurityConfiguration, org.springframework.boot.test.autoconfigure.web.servlet.MockMvcWebClientAutoConfiguration, org.springframework.boot.test.autoconfigure.web.reactive.WebTestClientAutoConfiguration]], org.springframework.boot.test.context.filter.ExcludeFilterContextCustomizer@6e6f2380, org.springframework.boot.test.json.DuplicateJsonObjectContextCustomizerFactory$DuplicateJsonObjectContextCustomizer@1530c739, org.springframework.boot.test.mock.mockito.MockitoContextCustomizer@0, org.springframework.boot.test.web.client.TestRestTemplateContextCustomizer@7ef82753, org.springframework.boot.test.web.reactor.netty.DisableReactorResourceFactoryGlobalResourcesContextCustomizerFactory$DisableReactorResourceFactoryGlobalResourcesContextCustomizerCustomizer@4b013c76, org.springframework.boot.test.autoconfigure.OnFailureConditionReportContextCustomizerFactory$OnFailureConditionReportContextCustomizer@33065d67, org.springframework.boot.test.autoconfigure.actuate.observability.ObservabilityContextCustomizerFactory$DisableObservabilityContextCustomizer@1f, org.springframework.boot.test.autoconfigure.properties.PropertyMappingContextCustomizer@4b3fa0b3, org.springframework.boot.test.autoconfigure.web.servlet.WebDriverContextCustomizer@273444fe, org.springframework.test.context.support.DynamicPropertiesContextCustomizer@0, org.springframework.boot.test.context.SpringBootTestAnnotation@776ef6d3], resourceBasePath = "src/main/webapp", contextLoader = org.springframework.boot.test.context.SpringBootContextLoader, parent = null]
	at org.springframework.test.context.cache.DefaultCacheAwareContextLoaderDelegate.loadContext(DefaultCacheAwareContextLoaderDelegate.java:180)
	at org.springframework.test.context.support.DefaultTestContext.getApplicationContext(DefaultTestContext.java:130)
	at org.springframework.test.context.web.ServletTestExecutionListener.setUpRequestContextIfNecessary(ServletTestExecutionListener.java:200)
	at org.springframework.test.context.web.ServletTestExecutionListener.prepareTestInstance(ServletTestExecutionListener.java:139)
	at org.springframework.test.context.TestContextManager.prepareTestInstance(TestContextManager.java:260)
	at org.springframework.test.context.junit.jupiter.SpringExtension.postProcessTestInstance(SpringExtension.java:160)
	at org.junit.jupiter.engine.descriptor.ClassBasedTestDescriptor.lambda$invokeTestInstancePostProcessors$11(ClassBasedTestDescriptor.java:378)
	at org.junit.jupiter.engine.descriptor.ClassBasedTestDescriptor.executeAndMaskThrowable(ClassBasedTestDescriptor.java:383)
	at org.junit.jupiter.engine.descriptor.ClassBasedTestDescriptor.lambda$invokeTestInstancePostProcessors$12(ClassBasedTestDescriptor.java:378)
	at java.base/java.util.stream.ForEachOps$ForEachOp$OfRef.accept(ForEachOps.java:184)
	at java.base/java.util.stream.ReferencePipeline$3$1.accept(ReferencePipeline.java:212)
	at java.base/java.util.stream.ReferencePipeline$2$1.accept(ReferencePipeline.java:194)
	at java.base/java.util.stream.ReferencePipeline$3$1.accept(ReferencePipeline.java:212)
	at java.base/java.util.ArrayList$ArrayListSpliterator.forEachRemaining(ArrayList.java:1709)
	at java.base/java.util.stream.AbstractPipeline.copyInto(AbstractPipeline.java:556)
	at java.base/java.util.stream.AbstractPipeline.wrapAndCopyInto(AbstractPipeline.java:546)
	at java.base/java.util.stream.ForEachOps$ForEachOp.evaluateSequential(ForEachOps.java:151)
	at java.base/java.util.stream.ForEachOps$ForEachOp$OfRef.evaluateSequential(ForEachOps.java:174)
	at java.base/java.util.stream.AbstractPipeline.evaluate(AbstractPipeline.java:265)
	at java.base/java.util.stream.ReferencePipeline.forEach(ReferencePipeline.java:611)
	at org.junit.jupiter.engine.descriptor.ClassBasedTestDescriptor.invokeTestInstancePostProcessors(ClassBasedTestDescriptor.java:377)
	at org.junit.jupiter.engine.descriptor.ClassBasedTestDescriptor.lambda$instantiateAndPostProcessTestInstance$7(ClassBasedTestDescriptor.java:290)
	at org.junit.platform.engine.support.hierarchical.ThrowableCollector.execute(ThrowableCollector.java:73)
	at org.junit.jupiter.engine.descriptor.ClassBasedTestDescriptor.instantiateAndPostProcessTestInstance(ClassBasedTestDescriptor.java:289)
	at org.junit.jupiter.engine.descriptor.ClassBasedTestDescriptor.lambda$testInstancesProvider$5(ClassBasedTestDescriptor.java:279)
	at java.base/java.util.Optional.orElseGet(Optional.java:364)
	at org.junit.jupiter.engine.descriptor.ClassBasedTestDescriptor.lambda$testInstancesProvider$6(ClassBasedTestDescriptor.java:278)
	at org.junit.jupiter.engine.execution.TestInstancesProvider.getTestInstances(TestInstancesProvider.java:31)
	at org.junit.jupiter.engine.descriptor.TestMethodTestDescriptor.lambda$prepare$1(TestMethodTestDescriptor.java:105)
	at org.junit.platform.engine.support.hierarchical.ThrowableCollector.execute(ThrowableCollector.java:73)
	at org.junit.jupiter.engine.descriptor.TestMethodTestDescriptor.prepare(TestMethodTestDescriptor.java:104)
	at org.junit.jupiter.engine.descriptor.TestMethodTestDescriptor.prepare(TestMethodTestDescriptor.java:68)
	at org.junit.platform.engine.support.hierarchical.NodeTestTask.lambda$prepare$2(NodeTestTask.java:128)
	at org.junit.platform.engine.support.hierarchical.ThrowableCollector.execute(ThrowableCollector.java:73)
	at org.junit.platform.engine.support.hierarchical.NodeTestTask.prepare(NodeTestTask.java:128)
	at org.junit.platform.engine.support.hierarchical.NodeTestTask.execute(NodeTestTask.java:95)
	at java.base/java.util.ArrayList.forEach(ArrayList.java:1597)
	at org.junit.platform.engine.support.hierarchical.SameThreadHierarchicalTestExecutorService.invokeAll(SameThreadHierarchicalTestExecutorService.java:41)
	at org.junit.platform.engine.support.hierarchical.NodeTestTask.lambda$executeRecursively$6(NodeTestTask.java:160)
	at org.junit.platform.engine.support.hierarchical.ThrowableCollector.execute(ThrowableCollector.java:73)
	at org.junit.platform.engine.support.hierarchical.NodeTestTask.lambda$executeRecursively$8(NodeTestTask.java:146)
	at org.junit.platform.engine.support.hierarchical.Node.around(Node.java:137)
	at org.junit.platform.engine.support.hierarchical.NodeTestTask.lambda$executeRecursively$9(NodeTestTask.java:144)
	at org.junit.platform.engine.support.hierarchical.ThrowableCollector.execute(ThrowableCollector.java:73)
	at org.junit.platform.engine.support.hierarchical.NodeTestTask.executeRecursively(NodeTestTask.java:143)
	at org.junit.platform.engine.support.hierarchical.NodeTestTask.execute(NodeTestTask.java:100)
	at java.base/java.util.ArrayList.forEach(ArrayList.java:1597)
	at org.junit.platform.engine.support.hierarchical.SameThreadHierarchicalTestExecutorService.invokeAll(SameThreadHierarchicalTestExecutorService.java:41)
	at org.junit.platform.engine.support.hierarchical.NodeTestTask.lambda$executeRecursively$6(NodeTestTask.java:160)
	at org.junit.platform.engine.support.hierarchical.ThrowableCollector.execute(ThrowableCollector.java:73)
	at org.junit.platform.engine.support.hierarchical.NodeTestTask.lambda$executeRecursively$8(NodeTestTask.java:146)
	at org.junit.platform.engine.support.hierarchical.Node.around(Node.java:137)
	at org.junit.platform.engine.support.hierarchical.NodeTestTask.lambda$executeRecursively$9(NodeTestTask.java:144)
	at org.junit.platform.engine.support.hierarchical.ThrowableCollector.execute(ThrowableCollector.java:73)
	at org.junit.platform.engine.support.hierarchical.NodeTestTask.executeRecursively(NodeTestTask.java:143)
	at org.junit.platform.engine.support.hierarchical.NodeTestTask.execute(NodeTestTask.java:100)
	at org.junit.platform.engine.support.hierarchical.SameThreadHierarchicalTestExecutorService.submit(SameThreadHierarchicalTestExecutorService.java:35)
	at org.junit.platform.engine.support.hierarchical.HierarchicalTestExecutor.execute(HierarchicalTestExecutor.java:57)
	at org.junit.platform.engine.support.hierarchical.HierarchicalTestEngine.execute(HierarchicalTestEngine.java:54)
	at org.junit.platform.launcher.core.EngineExecutionOrchestrator.execute(EngineExecutionOrchestrator.java:198)
	at org.junit.platform.launcher.core.EngineExecutionOrchestrator.execute(EngineExecutionOrchestrator.java:169)
	at org.junit.platform.launcher.core.EngineExecutionOrchestrator.execute(EngineExecutionOrchestrator.java:93)
	at org.junit.platform.launcher.core.EngineExecutionOrchestrator.lambda$execute$0(EngineExecutionOrchestrator.java:58)
	at org.junit.platform.launcher.core.EngineExecutionOrchestrator.withInterceptedStreams(EngineExecutionOrchestrator.java:141)
	at org.junit.platform.launcher.core.EngineExecutionOrchestrator.execute(EngineExecutionOrchestrator.java:57)
	at org.junit.platform.launcher.core.DefaultLauncher.execute(DefaultLauncher.java:103)
	at org.junit.platform.launcher.core.DefaultLauncher.execute(DefaultLauncher.java:94)
	at org.junit.platform.launcher.core.DelegatingLauncher.execute(DelegatingLauncher.java:52)
	at org.junit.platform.launcher.core.SessionPerRequestLauncher.execute(SessionPerRequestLauncher.java:70)
	at org.eclipse.jdt.internal.junit5.runner.JUnit5TestReference.run(JUnit5TestReference.java:100)
	at org.eclipse.jdt.internal.junit.runner.TestExecution.run(TestExecution.java:40)
	at org.eclipse.jdt.internal.junit.runner.RemoteTestRunner.runTests(RemoteTestRunner.java:529)
	at org.eclipse.jdt.internal.junit.runner.RemoteTestRunner.runTests(RemoteTestRunner.java:757)
	at org.eclipse.jdt.internal.junit.runner.RemoteTestRunner.run(RemoteTestRunner.java:452)
	at org.eclipse.jdt.internal.junit.runner.RemoteTestRunner.main(RemoteTestRunner.java:210)
Caused by: org.springframework.beans.factory.CannotLoadBeanClassException: Error loading class [dev.binz.reference.user.controller.StreamRestController] for bean with name 'streamRestController' defined in file [C:\DEV_SRC\eclipse\Reference\target\classes\dev\binz\reference\user\controller\StreamRestController.class]: problem with class file or dependent class
	at org.springframework.beans.factory.support.AbstractBeanFactory.resolveBeanClass(AbstractBeanFactory.java:1576)
	at org.springframework.beans.factory.support.AbstractAutowireCapableBeanFactory.determineTargetType(AbstractAutowireCapableBeanFactory.java:686)
	at org.springframework.beans.factory.support.AbstractAutowireCapableBeanFactory.predictBeanType(AbstractAutowireCapableBeanFactory.java:654)
	at org.springframework.beans.factory.support.AbstractBeanFactory.isFactoryBean(AbstractBeanFactory.java:1704)
	at org.springframework.beans.factory.support.DefaultListableBeanFactory.doGetBeanNamesForType(DefaultListableBeanFactory.java:618)
	at org.springframework.beans.factory.support.DefaultListableBeanFactory.getBeanNamesForType(DefaultListableBeanFactory.java:590)
	at org.springframework.beans.factory.support.DefaultListableBeanFactory.getBeanNamesForType(DefaultListableBeanFactory.java:584)
	at org.mybatis.spring.boot.autoconfigure.MybatisAutoConfiguration$AutoConfiguredMapperScannerRegistrar.getBeanNameForType(MybatisAutoConfiguration.java:302)
	at org.mybatis.spring.boot.autoconfigure.MybatisAutoConfiguration$AutoConfiguredMapperScannerRegistrar.registerBeanDefinitions(MybatisAutoConfiguration.java:276)
	at org.springframework.context.annotation.ImportBeanDefinitionRegistrar.registerBeanDefinitions(ImportBeanDefinitionRegistrar.java:86)
	at org.springframework.context.annotation.ConfigurationClassBeanDefinitionReader.lambda$loadBeanDefinitionsFromRegistrars$1(ConfigurationClassBeanDefinitionReader.java:397)
	at java.base/java.util.LinkedHashMap.forEach(LinkedHashMap.java:986)
	at org.springframework.context.annotation.ConfigurationClassBeanDefinitionReader.loadBeanDefinitionsFromRegistrars(ConfigurationClassBeanDefinitionReader.java:396)
	at org.springframework.context.annotation.ConfigurationClassBeanDefinitionReader.loadBeanDefinitionsForConfigurationClass(ConfigurationClassBeanDefinitionReader.java:149)
	at org.springframework.context.annotation.ConfigurationClassBeanDefinitionReader.loadBeanDefinitions(ConfigurationClassBeanDefinitionReader.java:121)
	at org.springframework.context.annotation.ConfigurationClassPostProcessor.processConfigBeanDefinitions(ConfigurationClassPostProcessor.java:430)
	at org.springframework.context.annotation.ConfigurationClassPostProcessor.postProcessBeanDefinitionRegistry(ConfigurationClassPostProcessor.java:290)
	at org.springframework.context.support.PostProcessorRegistrationDelegate.invokeBeanDefinitionRegistryPostProcessors(PostProcessorRegistrationDelegate.java:349)
	at org.springframework.context.support.PostProcessorRegistrationDelegate.invokeBeanFactoryPostProcessors(PostProcessorRegistrationDelegate.java:118)
	at org.springframework.context.support.AbstractApplicationContext.invokeBeanFactoryPostProcessors(AbstractApplicationContext.java:791)
	at org.springframework.context.support.AbstractApplicationContext.refresh(AbstractApplicationContext.java:609)
	at org.springframework.boot.SpringApplication.refresh(SpringApplication.java:752)
	at org.springframework.boot.SpringApplication.refreshContext(SpringApplication.java:439)
	at org.springframework.boot.SpringApplication.run(SpringApplication.java:318)
	at org.springframework.boot.test.context.SpringBootContextLoader.lambda$loadContext$3(SpringBootContextLoader.java:137)
	at org.springframework.util.function.ThrowingSupplier.get(ThrowingSupplier.java:58)
	at org.springframework.util.function.ThrowingSupplier.get(ThrowingSupplier.java:46)
	at org.springframework.boot.SpringApplication.withHook(SpringApplication.java:1461)
	at org.springframework.boot.test.context.SpringBootContextLoader$ContextLoaderHook.run(SpringBootContextLoader.java:553)
	at org.springframework.boot.test.context.SpringBootContextLoader.loadContext(SpringBootContextLoader.java:137)
	at org.springframework.boot.test.context.SpringBootContextLoader.loadContext(SpringBootContextLoader.java:108)
	at org.springframework.test.context.cache.DefaultCacheAwareContextLoaderDelegate.loadContextInternal(DefaultCacheAwareContextLoaderDelegate.java:225)
	at org.springframework.test.context.cache.DefaultCacheAwareContextLoaderDelegate.loadContext(DefaultCacheAwareContextLoaderDelegate.java:152)
	... 74 common frames omitted
Caused by: java.lang.NoClassDefFoundError: dev/binz/reference/user/controller/StreamRestController (wrong name: dev/binz/Reference/user/controller/StreamRestController)
	at java.base/java.lang.ClassLoader.defineClass1(Native Method)
	at java.base/java.lang.ClassLoader.defineClass(ClassLoader.java:1023)
	at java.base/java.security.SecureClassLoader.defineClass(SecureClassLoader.java:150)
	at java.base/jdk.internal.loader.BuiltinClassLoader.defineClass(BuiltinClassLoader.java:862)
	at java.base/jdk.internal.loader.BuiltinClassLoader.findClassOnClassPathOrNull(BuiltinClassLoader.java:760)
	at java.base/jdk.internal.loader.BuiltinClassLoader.loadClassOrNull(BuiltinClassLoader.java:681)
	at java.base/jdk.internal.loader.BuiltinClassLoader.loadClass(BuiltinClassLoader.java:639)
	at java.base/jdk.internal.loader.ClassLoaders$AppClassLoader.loadClass(ClassLoaders.java:188)
	at java.base/java.lang.ClassLoader.loadClass(ClassLoader.java:525)
	at java.base/java.lang.Class.forName0(Native Method)
	at java.base/java.lang.Class.forName(Class.java:529)
	at java.base/java.lang.Class.forName(Class.java:508)
	at org.springframework.util.ClassUtils.forName(ClassUtils.java:321)
	at org.springframework.beans.factory.support.AbstractBeanDefinition.resolveBeanClass(AbstractBeanDefinition.java:503)
	at org.springframework.beans.factory.support.AbstractBeanFactory.doResolveBeanClass(AbstractBeanFactory.java:1641)
	at org.springframework.beans.factory.support.AbstractBeanFactory.resolveBeanClass(AbstractBeanFactory.java:1566)
	... 106 common frames omitted
2025-09-04 12:48:54 INFO  [background-preinit] o.h.validator.internal.util.Version - HV000001: Hibernate Validator 8.0.2.Final
2025-09-04 12:48:54 INFO  [main] d.b.R.u.c.StreamRestControlleTest - Starting StreamRestControlleTest using Java 22.0.1 with PID 18448 (started by sonzw in C:\DEV_SRC\eclipse\Reference)
2025-09-04 12:48:54 INFO  [main] d.b.R.u.c.StreamRestControlleTest - No active profile set, falling back to 1 default profile: "default"
2025-09-04 12:48:55 WARN  [main] o.m.s.mapper.ClassPathMapperScanner - No MyBatis mapper was found in '[dev.binz.reference]' package. Please check your configuration.
2025-09-04 12:48:57 DEBUG [main] d.binz.reference.filter.CustomFilter - CustomFilter 초기화됨
2025-09-04 12:48:57 DEBUG [main] d.binz.reference.filter.CustomFilter - CustomFilter 초기화됨
2025-09-04 12:48:57 DEBUG [main] d.binz.reference.filter.CustomFilter - CustomFilter 초기화됨
2025-09-04 12:48:57 DEBUG [main] d.binz.reference.filter.CustomFilter - CustomFilter 초기화됨
2025-09-04 12:48:57 INFO  [main] o.s.b.t.m.w.SpringBootMockServletContext - Initializing Spring TestDispatcherServlet ''
2025-09-04 12:48:57 INFO  [main] o.s.t.w.s.TestDispatcherServlet - Initializing Servlet ''
2025-09-04 12:48:57 INFO  [main] o.s.t.w.s.TestDispatcherServlet - Completed initialization in 2 ms
2025-09-04 12:48:57 INFO  [main] d.b.R.u.c.StreamRestControlleTest - Started StreamRestControlleTest in 3.127 seconds (process running for 4.468)
2025-09-04 12:48:58 DEBUG [main] d.binz.reference.filter.CustomFilter - [CustomFilter] 요청 필터링 시작
2025-09-04 12:48:58 DEBUG [main] d.binz.reference.filter.CustomFilter - [CustomFilter] 요청 필터링 시작
2025-09-04 12:48:58 DEBUG [main] d.b.r.u.c.StreamRestController - =====validateUser
2025-09-04 12:48:58 DEBUG [main] d.b.r.u.c.StreamRestController - =====validateUser
2025-09-04 12:48:58 DEBUG [main] d.b.r.u.c.StreamRestController - thread holding test printer
2025-09-04 12:48:58 DEBUG [main] d.b.r.u.c.StreamRestController - thread holding test printer
2025-09-04 12:48:58 DEBUG [main] d.binz.reference.filter.CustomFilter - [CustomFilter] 요청 필터링 완료
2025-09-04 12:48:58 DEBUG [main] d.binz.reference.filter.CustomFilter - [CustomFilter] 요청 필터링 완료
2025-09-04 12:50:32 INFO  [background-preinit] o.h.validator.internal.util.Version - HV000001: Hibernate Validator 8.0.2.Final
2025-09-04 12:50:32 INFO  [main] d.b.R.u.c.StreamRestControlleTest - Starting StreamRestControlleTest using Java 22.0.1 with PID 12148 (started by sonzw in C:\DEV_SRC\eclipse\Reference)
2025-09-04 12:50:32 INFO  [main] d.b.R.u.c.StreamRestControlleTest - No active profile set, falling back to 1 default profile: "default"
2025-09-04 12:50:34 WARN  [main] o.m.s.mapper.ClassPathMapperScanner - No MyBatis mapper was found in '[dev.binz.reference]' package. Please check your configuration.
2025-09-04 12:50:35 DEBUG [main] d.binz.reference.filter.CustomFilter - CustomFilter 초기화됨
2025-09-04 12:50:35 DEBUG [main] d.binz.reference.filter.CustomFilter - CustomFilter 초기화됨
2025-09-04 12:50:35 DEBUG [main] d.binz.reference.filter.CustomFilter - CustomFilter 초기화됨
2025-09-04 12:50:35 DEBUG [main] d.binz.reference.filter.CustomFilter - CustomFilter 초기화됨
2025-09-04 12:50:35 INFO  [main] o.s.b.t.m.w.SpringBootMockServletContext - Initializing Spring TestDispatcherServlet ''
2025-09-04 12:50:35 INFO  [main] o.s.t.w.s.TestDispatcherServlet - Initializing Servlet ''
2025-09-04 12:50:35 INFO  [main] o.s.t.w.s.TestDispatcherServlet - Completed initialization in 1 ms
2025-09-04 12:50:35 INFO  [main] d.b.R.u.c.StreamRestControlleTest - Started StreamRestControlleTest in 3.148 seconds (process running for 4.567)
2025-09-04 12:50:36 DEBUG [main] d.binz.reference.filter.CustomFilter - [CustomFilter] 요청 필터링 시작
2025-09-04 12:50:36 DEBUG [main] d.binz.reference.filter.CustomFilter - [CustomFilter] 요청 필터링 시작
2025-09-04 12:50:36 DEBUG [main] d.b.r.u.c.StreamRestController - =====validateUser
2025-09-04 12:50:36 DEBUG [main] d.b.r.u.c.StreamRestController - =====validateUser
2025-09-04 12:50:36 DEBUG [main] d.b.r.u.c.StreamRestController - thread holding test printer
2025-09-04 12:50:36 DEBUG [main] d.b.r.u.c.StreamRestController - thread holding test printer
2025-09-04 12:50:36 DEBUG [main] d.binz.reference.filter.CustomFilter - [CustomFilter] 요청 필터링 완료
2025-09-04 12:50:36 DEBUG [main] d.binz.reference.filter.CustomFilter - [CustomFilter] 요청 필터링 완료
2025-09-04 12:53:27 INFO  [background-preinit] o.h.validator.internal.util.Version - HV000001: Hibernate Validator 8.0.2.Final
2025-09-04 12:53:28 INFO  [main] d.b.R.u.c.StreamRestControlleTest - Starting StreamRestControlleTest using Java 22.0.1 with PID 7456 (started by sonzw in C:\DEV_SRC\eclipse\Reference)
2025-09-04 12:53:28 INFO  [main] d.b.R.u.c.StreamRestControlleTest - No active profile set, falling back to 1 default profile: "default"
2025-09-04 12:53:29 WARN  [main] o.m.s.mapper.ClassPathMapperScanner - No MyBatis mapper was found in '[dev.binz.reference]' package. Please check your configuration.
2025-09-04 12:53:30 DEBUG [main] d.binz.reference.filter.CustomFilter - CustomFilter 초기화됨
2025-09-04 12:53:30 DEBUG [main] d.binz.reference.filter.CustomFilter - CustomFilter 초기화됨
2025-09-04 12:53:30 DEBUG [main] d.binz.reference.filter.CustomFilter - CustomFilter 초기화됨
2025-09-04 12:53:30 DEBUG [main] d.binz.reference.filter.CustomFilter - CustomFilter 초기화됨
2025-09-04 12:53:30 INFO  [main] o.s.b.t.m.w.SpringBootMockServletContext - Initializing Spring TestDispatcherServlet ''
2025-09-04 12:53:30 INFO  [main] o.s.t.w.s.TestDispatcherServlet - Initializing Servlet ''
2025-09-04 12:53:30 INFO  [main] o.s.t.w.s.TestDispatcherServlet - Completed initialization in 8 ms
2025-09-04 12:53:30 INFO  [main] d.b.R.u.c.StreamRestControlleTest - Started StreamRestControlleTest in 3.215 seconds (process running for 4.64)
2025-09-04 12:53:31 DEBUG [main] d.binz.reference.filter.CustomFilter - [CustomFilter] 요청 필터링 시작
2025-09-04 12:53:31 DEBUG [main] d.binz.reference.filter.CustomFilter - [CustomFilter] 요청 필터링 시작
2025-09-04 12:53:31 DEBUG [main] d.b.r.u.c.StreamRestController - =====validateUser
2025-09-04 12:53:31 DEBUG [main] d.b.r.u.c.StreamRestController - =====validateUser
2025-09-04 12:53:31 DEBUG [main] d.b.r.u.c.StreamRestController - thread holding test printer
2025-09-04 12:53:31 DEBUG [main] d.b.r.u.c.StreamRestController - thread holding test printer
2025-09-04 12:53:31 DEBUG [main] d.binz.reference.filter.CustomFilter - [CustomFilter] 요청 필터링 완료
2025-09-04 12:53:31 DEBUG [main] d.binz.reference.filter.CustomFilter - [CustomFilter] 요청 필터링 완료
2025-09-04 12:55:01 INFO  [background-preinit] o.h.validator.internal.util.Version - HV000001: Hibernate Validator 8.0.2.Final
2025-09-04 12:55:01 INFO  [main] d.b.R.u.c.StreamRestControlleTest - Starting StreamRestControlleTest using Java 22.0.1 with PID 5540 (started by sonzw in C:\DEV_SRC\eclipse\Reference)
2025-09-04 12:55:01 INFO  [main] d.b.R.u.c.StreamRestControlleTest - No active profile set, falling back to 1 default profile: "default"
2025-09-04 12:55:02 WARN  [main] o.m.s.mapper.ClassPathMapperScanner - No MyBatis mapper was found in '[dev.binz.reference]' package. Please check your configuration.
2025-09-04 12:55:03 DEBUG [main] d.binz.reference.filter.CustomFilter - CustomFilter 초기화됨
2025-09-04 12:55:03 DEBUG [main] d.binz.reference.filter.CustomFilter - CustomFilter 초기화됨
2025-09-04 12:55:03 DEBUG [main] d.binz.reference.filter.CustomFilter - CustomFilter 초기화됨
2025-09-04 12:55:03 DEBUG [main] d.binz.reference.filter.CustomFilter - CustomFilter 초기화됨
2025-09-04 12:55:03 INFO  [main] o.s.b.t.m.w.SpringBootMockServletContext - Initializing Spring TestDispatcherServlet ''
2025-09-04 12:55:03 INFO  [main] o.s.t.w.s.TestDispatcherServlet - Initializing Servlet ''
2025-09-04 12:55:03 INFO  [main] o.s.t.w.s.TestDispatcherServlet - Completed initialization in 2 ms
2025-09-04 12:55:03 INFO  [main] d.b.R.u.c.StreamRestControlleTest - Started StreamRestControlleTest in 3.083 seconds (process running for 4.487)
2025-09-04 12:55:04 DEBUG [main] d.binz.reference.filter.CustomFilter - [CustomFilter] 요청 필터링 시작
2025-09-04 12:55:04 DEBUG [main] d.binz.reference.filter.CustomFilter - [CustomFilter] 요청 필터링 시작
2025-09-04 12:55:04 DEBUG [main] d.b.r.u.c.StreamRestController - =====validateUser
2025-09-04 12:55:04 DEBUG [main] d.b.r.u.c.StreamRestController - =====validateUser
2025-09-04 12:55:04 DEBUG [main] d.b.r.u.c.StreamRestController - thread holding test printer
2025-09-04 12:55:04 DEBUG [main] d.b.r.u.c.StreamRestController - thread holding test printer
2025-09-04 12:55:04 DEBUG [main] d.binz.reference.filter.CustomFilter - [CustomFilter] 요청 필터링 완료
2025-09-04 12:55:04 DEBUG [main] d.binz.reference.filter.CustomFilter - [CustomFilter] 요청 필터링 완료
2025-09-04 13:00:15 INFO  [background-preinit] o.h.validator.internal.util.Version - HV000001: Hibernate Validator 8.0.2.Final
2025-09-04 13:00:15 INFO  [main] d.b.R.u.c.StreamRestControlleTest - Starting StreamRestControlleTest using Java 22.0.1 with PID 4424 (started by sonzw in C:\DEV_SRC\eclipse\Reference)
2025-09-04 13:00:15 INFO  [main] d.b.R.u.c.StreamRestControlleTest - No active profile set, falling back to 1 default profile: "default"
2025-09-04 13:00:16 WARN  [main] o.m.s.mapper.ClassPathMapperScanner - No MyBatis mapper was found in '[dev.binz.reference]' package. Please check your configuration.
2025-09-04 13:00:18 DEBUG [main] d.binz.reference.filter.CustomFilter - CustomFilter 초기화됨
2025-09-04 13:00:18 DEBUG [main] d.binz.reference.filter.CustomFilter - CustomFilter 초기화됨
2025-09-04 13:00:18 DEBUG [main] d.binz.reference.filter.CustomFilter - CustomFilter 초기화됨
2025-09-04 13:00:18 DEBUG [main] d.binz.reference.filter.CustomFilter - CustomFilter 초기화됨
2025-09-04 13:00:18 INFO  [main] o.s.b.t.m.w.SpringBootMockServletContext - Initializing Spring TestDispatcherServlet ''
2025-09-04 13:00:18 INFO  [main] o.s.t.w.s.TestDispatcherServlet - Initializing Servlet ''
2025-09-04 13:00:18 INFO  [main] o.s.t.w.s.TestDispatcherServlet - Completed initialization in 2 ms
2025-09-04 13:00:18 INFO  [main] d.b.R.u.c.StreamRestControlleTest - Started StreamRestControlleTest in 3.22 seconds (process running for 4.637)
2025-09-04 13:00:19 DEBUG [main] d.binz.reference.filter.CustomFilter - [CustomFilter] 요청 필터링 시작
2025-09-04 13:00:19 DEBUG [main] d.binz.reference.filter.CustomFilter - [CustomFilter] 요청 필터링 시작
2025-09-04 13:00:19 DEBUG [main] d.b.r.u.c.StreamRestController - =====validateUser
2025-09-04 13:00:19 DEBUG [main] d.b.r.u.c.StreamRestController - =====validateUser
2025-09-04 13:00:19 DEBUG [main] d.b.r.u.c.StreamRestController - thread holding test printer
2025-09-04 13:00:19 DEBUG [main] d.b.r.u.c.StreamRestController - thread holding test printer
2025-09-04 13:00:19 DEBUG [main] d.binz.reference.filter.CustomFilter - [CustomFilter] 요청 필터링 완료
2025-09-04 13:00:19 DEBUG [main] d.binz.reference.filter.CustomFilter - [CustomFilter] 요청 필터링 완료
2025-09-04 13:01:39 INFO  [background-preinit] o.h.validator.internal.util.Version - HV000001: Hibernate Validator 8.0.2.Final
2025-09-04 13:01:39 INFO  [main] d.b.R.u.c.StreamRestControlleTest - Starting StreamRestControlleTest using Java 22.0.1 with PID 22452 (started by sonzw in C:\DEV_SRC\eclipse\Reference)
2025-09-04 13:01:39 INFO  [main] d.b.R.u.c.StreamRestControlleTest - No active profile set, falling back to 1 default profile: "default"
2025-09-04 13:01:41 WARN  [main] o.m.s.mapper.ClassPathMapperScanner - No MyBatis mapper was found in '[dev.binz.reference]' package. Please check your configuration.
2025-09-04 13:01:42 DEBUG [main] d.binz.reference.filter.CustomFilter - CustomFilter 초기화됨
2025-09-04 13:01:42 DEBUG [main] d.binz.reference.filter.CustomFilter - CustomFilter 초기화됨
2025-09-04 13:01:42 DEBUG [main] d.binz.reference.filter.CustomFilter - CustomFilter 초기화됨
2025-09-04 13:01:42 DEBUG [main] d.binz.reference.filter.CustomFilter - CustomFilter 초기화됨
2025-09-04 13:01:42 INFO  [main] o.s.b.t.m.w.SpringBootMockServletContext - Initializing Spring TestDispatcherServlet ''
2025-09-04 13:01:42 INFO  [main] o.s.t.w.s.TestDispatcherServlet - Initializing Servlet ''
2025-09-04 13:01:42 INFO  [main] o.s.t.w.s.TestDispatcherServlet - Completed initialization in 2 ms
2025-09-04 13:01:42 INFO  [main] d.b.R.u.c.StreamRestControlleTest - Started StreamRestControlleTest in 3.206 seconds (process running for 4.59)
2025-09-04 13:01:43 DEBUG [main] d.binz.reference.filter.CustomFilter - [CustomFilter] 요청 필터링 시작
2025-09-04 13:01:43 DEBUG [main] d.binz.reference.filter.CustomFilter - [CustomFilter] 요청 필터링 시작
2025-09-04 13:01:43 DEBUG [main] d.b.r.u.c.StreamRestController - =====validateUser
2025-09-04 13:01:43 DEBUG [main] d.b.r.u.c.StreamRestController - =====validateUser
2025-09-04 13:01:43 DEBUG [main] d.b.r.u.c.StreamRestController - thread holding test printer
2025-09-04 13:01:43 DEBUG [main] d.b.r.u.c.StreamRestController - thread holding test printer
2025-09-04 13:01:43 DEBUG [main] d.binz.reference.filter.CustomFilter - [CustomFilter] 요청 필터링 완료
2025-09-04 13:01:43 DEBUG [main] d.binz.reference.filter.CustomFilter - [CustomFilter] 요청 필터링 완료
2025-09-04 13:02:57 INFO  [background-preinit] o.h.validator.internal.util.Version - HV000001: Hibernate Validator 8.0.2.Final
2025-09-04 13:02:57 INFO  [main] d.b.R.u.c.StreamRestControlleTest - Starting StreamRestControlleTest using Java 22.0.1 with PID 22252 (started by sonzw in C:\DEV_SRC\eclipse\Reference)
2025-09-04 13:02:57 INFO  [main] d.b.R.u.c.StreamRestControlleTest - No active profile set, falling back to 1 default profile: "default"
2025-09-04 13:02:58 WARN  [main] o.m.s.mapper.ClassPathMapperScanner - No MyBatis mapper was found in '[dev.binz.reference]' package. Please check your configuration.
2025-09-04 13:03:00 DEBUG [main] d.binz.reference.filter.CustomFilter - CustomFilter 초기화됨
2025-09-04 13:03:00 DEBUG [main] d.binz.reference.filter.CustomFilter - CustomFilter 초기화됨
2025-09-04 13:03:00 DEBUG [main] d.binz.reference.filter.CustomFilter - CustomFilter 초기화됨
2025-09-04 13:03:00 DEBUG [main] d.binz.reference.filter.CustomFilter - CustomFilter 초기화됨
2025-09-04 13:03:00 INFO  [main] o.s.b.t.m.w.SpringBootMockServletContext - Initializing Spring TestDispatcherServlet ''
2025-09-04 13:03:00 INFO  [main] o.s.t.w.s.TestDispatcherServlet - Initializing Servlet ''
2025-09-04 13:03:00 INFO  [main] o.s.t.w.s.TestDispatcherServlet - Completed initialization in 2 ms
2025-09-04 13:03:00 INFO  [main] d.b.R.u.c.StreamRestControlleTest - Started StreamRestControlleTest in 3.198 seconds (process running for 4.613)
2025-09-04 13:03:01 DEBUG [main] d.binz.reference.filter.CustomFilter - [CustomFilter] 요청 필터링 시작
2025-09-04 13:03:01 DEBUG [main] d.binz.reference.filter.CustomFilter - [CustomFilter] 요청 필터링 시작
2025-09-04 13:03:01 DEBUG [main] d.b.r.u.c.StreamRestController - =====validateUser
2025-09-04 13:03:01 DEBUG [main] d.b.r.u.c.StreamRestController - =====validateUser
2025-09-04 13:03:01 DEBUG [main] d.b.r.u.c.StreamRestController - thread holding test printer
2025-09-04 13:03:01 DEBUG [main] d.b.r.u.c.StreamRestController - thread holding test printer
2025-09-04 13:03:01 DEBUG [main] d.binz.reference.filter.CustomFilter - [CustomFilter] 요청 필터링 완료
2025-09-04 13:03:01 DEBUG [main] d.binz.reference.filter.CustomFilter - [CustomFilter] 요청 필터링 완료
2025-09-04 13:05:54 INFO  [background-preinit] o.h.validator.internal.util.Version - HV000001: Hibernate Validator 8.0.2.Final
2025-09-04 13:05:54 INFO  [main] d.b.R.u.c.StreamRestControlleTest - Starting StreamRestControlleTest using Java 22.0.1 with PID 6596 (started by sonzw in C:\DEV_SRC\eclipse\Reference)
2025-09-04 13:05:54 INFO  [main] d.b.R.u.c.StreamRestControlleTest - No active profile set, falling back to 1 default profile: "default"
2025-09-04 13:05:55 WARN  [main] o.m.s.mapper.ClassPathMapperScanner - No MyBatis mapper was found in '[dev.binz.reference]' package. Please check your configuration.
2025-09-04 13:05:56 DEBUG [main] d.binz.reference.filter.CustomFilter - CustomFilter 초기화됨
2025-09-04 13:05:56 DEBUG [main] d.binz.reference.filter.CustomFilter - CustomFilter 초기화됨
2025-09-04 13:05:56 DEBUG [main] d.binz.reference.filter.CustomFilter - CustomFilter 초기화됨
2025-09-04 13:05:56 DEBUG [main] d.binz.reference.filter.CustomFilter - CustomFilter 초기화됨
2025-09-04 13:05:56 INFO  [main] o.s.b.t.m.w.SpringBootMockServletContext - Initializing Spring TestDispatcherServlet ''
2025-09-04 13:05:56 INFO  [main] o.s.t.w.s.TestDispatcherServlet - Initializing Servlet ''
2025-09-04 13:05:56 INFO  [main] o.s.t.w.s.TestDispatcherServlet - Completed initialization in 2 ms
2025-09-04 13:05:57 INFO  [main] d.b.R.u.c.StreamRestControlleTest - Started StreamRestControlleTest in 3.208 seconds (process running for 4.618)
2025-09-04 13:05:58 DEBUG [main] d.binz.reference.filter.CustomFilter - [CustomFilter] 요청 필터링 시작
2025-09-04 13:05:58 DEBUG [main] d.binz.reference.filter.CustomFilter - [CustomFilter] 요청 필터링 시작
2025-09-04 13:05:58 DEBUG [main] d.b.r.u.c.StreamRestController - =====validateUser
2025-09-04 13:05:58 DEBUG [main] d.b.r.u.c.StreamRestController - =====validateUser
2025-09-04 13:05:58 DEBUG [main] d.b.r.u.c.StreamRestController - thread holding test printer
2025-09-04 13:05:58 DEBUG [main] d.b.r.u.c.StreamRestController - thread holding test printer
2025-09-04 13:05:58 DEBUG [main] d.binz.reference.filter.CustomFilter - [CustomFilter] 요청 필터링 완료
2025-09-04 13:05:58 DEBUG [main] d.binz.reference.filter.CustomFilter - [CustomFilter] 요청 필터링 완료
2025-09-04 13:09:28 INFO  [background-preinit] o.h.validator.internal.util.Version - HV000001: Hibernate Validator 8.0.2.Final
2025-09-04 13:09:28 INFO  [main] d.b.R.u.c.StreamRestControlleTest - Starting StreamRestControlleTest using Java 22.0.1 with PID 19420 (started by sonzw in C:\DEV_SRC\eclipse\Reference)
2025-09-04 13:09:28 INFO  [main] d.b.R.u.c.StreamRestControlleTest - No active profile set, falling back to 1 default profile: "default"
2025-09-04 13:09:29 WARN  [main] o.m.s.mapper.ClassPathMapperScanner - No MyBatis mapper was found in '[dev.binz.reference]' package. Please check your configuration.
2025-09-04 13:09:31 DEBUG [main] d.binz.reference.filter.CustomFilter - CustomFilter 초기화됨
2025-09-04 13:09:31 DEBUG [main] d.binz.reference.filter.CustomFilter - CustomFilter 초기화됨
2025-09-04 13:09:31 DEBUG [main] d.binz.reference.filter.CustomFilter - CustomFilter 초기화됨
2025-09-04 13:09:31 DEBUG [main] d.binz.reference.filter.CustomFilter - CustomFilter 초기화됨
2025-09-04 13:09:31 INFO  [main] o.s.b.t.m.w.SpringBootMockServletContext - Initializing Spring TestDispatcherServlet ''
2025-09-04 13:09:31 INFO  [main] o.s.t.w.s.TestDispatcherServlet - Initializing Servlet ''
2025-09-04 13:09:31 INFO  [main] o.s.t.w.s.TestDispatcherServlet - Completed initialization in 2 ms
2025-09-04 13:09:31 INFO  [main] d.b.R.u.c.StreamRestControlleTest - Started StreamRestControlleTest in 3.195 seconds (process running for 4.584)
2025-09-04 13:09:32 DEBUG [main] d.binz.reference.filter.CustomFilter - [CustomFilter] 요청 필터링 시작
2025-09-04 13:09:32 DEBUG [main] d.binz.reference.filter.CustomFilter - [CustomFilter] 요청 필터링 시작
2025-09-04 13:09:32 DEBUG [main] d.b.r.u.c.StreamRestController - =====validateUser
2025-09-04 13:09:32 DEBUG [main] d.b.r.u.c.StreamRestController - =====validateUser
2025-09-04 13:09:32 DEBUG [main] d.b.r.u.c.StreamRestController - thread holding test printer
2025-09-04 13:09:32 DEBUG [main] d.b.r.u.c.StreamRestController - thread holding test printer
2025-09-04 13:09:32 DEBUG [main] d.binz.reference.filter.CustomFilter - [CustomFilter] 요청 필터링 완료
2025-09-04 13:09:32 DEBUG [main] d.binz.reference.filter.CustomFilter - [CustomFilter] 요청 필터링 완료
2025-09-04 13:12:16 INFO  [background-preinit] o.h.validator.internal.util.Version - HV000001: Hibernate Validator 8.0.2.Final
2025-09-04 13:12:17 INFO  [main] d.b.R.u.c.StreamRestControlleTest - Starting StreamRestControlleTest using Java 22.0.1 with PID 11164 (started by sonzw in C:\DEV_SRC\eclipse\Reference)
2025-09-04 13:12:17 INFO  [main] d.b.R.u.c.StreamRestControlleTest - No active profile set, falling back to 1 default profile: "default"
2025-09-04 13:12:18 WARN  [main] o.m.s.mapper.ClassPathMapperScanner - No MyBatis mapper was found in '[dev.binz.reference]' package. Please check your configuration.
2025-09-04 13:12:19 DEBUG [main] d.binz.reference.filter.CustomFilter - CustomFilter 초기화됨
2025-09-04 13:12:19 DEBUG [main] d.binz.reference.filter.CustomFilter - CustomFilter 초기화됨
2025-09-04 13:12:19 DEBUG [main] d.binz.reference.filter.CustomFilter - CustomFilter 초기화됨
2025-09-04 13:12:19 DEBUG [main] d.binz.reference.filter.CustomFilter - CustomFilter 초기화됨
2025-09-04 13:12:19 INFO  [main] o.s.b.t.m.w.SpringBootMockServletContext - Initializing Spring TestDispatcherServlet ''
2025-09-04 13:12:19 INFO  [main] o.s.t.w.s.TestDispatcherServlet - Initializing Servlet ''
2025-09-04 13:12:19 INFO  [main] o.s.t.w.s.TestDispatcherServlet - Completed initialization in 2 ms
2025-09-04 13:12:19 INFO  [main] d.b.R.u.c.StreamRestControlleTest - Started StreamRestControlleTest in 3.149 seconds (process running for 4.52)
2025-09-04 13:12:19 WARN  [main] o.s.test.context.TestContextManager - Caught exception while allowing TestExecutionListener [org.springframework.test.context.support.DependencyInjectionTestExecutionListener] to prepare test instance [dev.binz.Reference.user.controller.StreamRestControlleTest@12abcd1e]
org.springframework.beans.factory.UnsatisfiedDependencyException: Error creating bean with name 'dev.binz.Reference.user.controller.StreamRestControlleTest': Unsatisfied dependency expressed through field 'webTestClient': No qualifying bean of type 'org.springframework.test.web.reactive.server.WebTestClient' available: expected at least 1 bean which qualifies as autowire candidate. Dependency annotations: {@org.springframework.beans.factory.annotation.Autowired(required=true)}
	at org.springframework.beans.factory.annotation.AutowiredAnnotationBeanPostProcessor$AutowiredFieldElement.resolveFieldValue(AutowiredAnnotationBeanPostProcessor.java:788)
	at org.springframework.beans.factory.annotation.AutowiredAnnotationBeanPostProcessor$AutowiredFieldElement.inject(AutowiredAnnotationBeanPostProcessor.java:768)
	at org.springframework.beans.factory.annotation.InjectionMetadata.inject(InjectionMetadata.java:146)
	at org.springframework.beans.factory.annotation.AutowiredAnnotationBeanPostProcessor.postProcessProperties(AutowiredAnnotationBeanPostProcessor.java:509)
	at org.springframework.beans.factory.support.AbstractAutowireCapableBeanFactory.populateBean(AbstractAutowireCapableBeanFactory.java:1445)
	at org.springframework.beans.factory.support.AbstractAutowireCapableBeanFactory.autowireBeanProperties(AbstractAutowireCapableBeanFactory.java:399)
	at org.springframework.test.context.support.DependencyInjectionTestExecutionListener.injectDependencies(DependencyInjectionTestExecutionListener.java:156)
	at org.springframework.test.context.support.DependencyInjectionTestExecutionListener.prepareTestInstance(DependencyInjectionTestExecutionListener.java:111)
	at org.springframework.test.context.TestContextManager.prepareTestInstance(TestContextManager.java:260)
	at org.springframework.test.context.junit.jupiter.SpringExtension.postProcessTestInstance(SpringExtension.java:160)
	at org.junit.jupiter.engine.descriptor.ClassBasedTestDescriptor.lambda$invokeTestInstancePostProcessors$11(ClassBasedTestDescriptor.java:378)
	at org.junit.jupiter.engine.descriptor.ClassBasedTestDescriptor.executeAndMaskThrowable(ClassBasedTestDescriptor.java:383)
	at org.junit.jupiter.engine.descriptor.ClassBasedTestDescriptor.lambda$invokeTestInstancePostProcessors$12(ClassBasedTestDescriptor.java:378)
	at java.base/java.util.stream.ForEachOps$ForEachOp$OfRef.accept(ForEachOps.java:184)
	at java.base/java.util.stream.ReferencePipeline$3$1.accept(ReferencePipeline.java:212)
	at java.base/java.util.stream.ReferencePipeline$2$1.accept(ReferencePipeline.java:194)
	at java.base/java.util.stream.ReferencePipeline$3$1.accept(ReferencePipeline.java:212)
	at java.base/java.util.ArrayList$ArrayListSpliterator.forEachRemaining(ArrayList.java:1709)
	at java.base/java.util.stream.AbstractPipeline.copyInto(AbstractPipeline.java:556)
	at java.base/java.util.stream.AbstractPipeline.wrapAndCopyInto(AbstractPipeline.java:546)
	at java.base/java.util.stream.ForEachOps$ForEachOp.evaluateSequential(ForEachOps.java:151)
	at java.base/java.util.stream.ForEachOps$ForEachOp$OfRef.evaluateSequential(ForEachOps.java:174)
	at java.base/java.util.stream.AbstractPipeline.evaluate(AbstractPipeline.java:265)
	at java.base/java.util.stream.ReferencePipeline.forEach(ReferencePipeline.java:611)
	at org.junit.jupiter.engine.descriptor.ClassBasedTestDescriptor.invokeTestInstancePostProcessors(ClassBasedTestDescriptor.java:377)
	at org.junit.jupiter.engine.descriptor.ClassBasedTestDescriptor.lambda$instantiateAndPostProcessTestInstance$7(ClassBasedTestDescriptor.java:290)
	at org.junit.platform.engine.support.hierarchical.ThrowableCollector.execute(ThrowableCollector.java:73)
	at org.junit.jupiter.engine.descriptor.ClassBasedTestDescriptor.instantiateAndPostProcessTestInstance(ClassBasedTestDescriptor.java:289)
	at org.junit.jupiter.engine.descriptor.ClassBasedTestDescriptor.lambda$testInstancesProvider$5(ClassBasedTestDescriptor.java:279)
	at java.base/java.util.Optional.orElseGet(Optional.java:364)
	at org.junit.jupiter.engine.descriptor.ClassBasedTestDescriptor.lambda$testInstancesProvider$6(ClassBasedTestDescriptor.java:278)
	at org.junit.jupiter.engine.execution.TestInstancesProvider.getTestInstances(TestInstancesProvider.java:31)
	at org.junit.jupiter.engine.descriptor.TestMethodTestDescriptor.lambda$prepare$1(TestMethodTestDescriptor.java:105)
	at org.junit.platform.engine.support.hierarchical.ThrowableCollector.execute(ThrowableCollector.java:73)
	at org.junit.jupiter.engine.descriptor.TestMethodTestDescriptor.prepare(TestMethodTestDescriptor.java:104)
	at org.junit.jupiter.engine.descriptor.TestMethodTestDescriptor.prepare(TestMethodTestDescriptor.java:68)
	at org.junit.platform.engine.support.hierarchical.NodeTestTask.lambda$prepare$2(NodeTestTask.java:128)
	at org.junit.platform.engine.support.hierarchical.ThrowableCollector.execute(ThrowableCollector.java:73)
	at org.junit.platform.engine.support.hierarchical.NodeTestTask.prepare(NodeTestTask.java:128)
	at org.junit.platform.engine.support.hierarchical.NodeTestTask.execute(NodeTestTask.java:95)
	at java.base/java.util.ArrayList.forEach(ArrayList.java:1597)
	at org.junit.platform.engine.support.hierarchical.SameThreadHierarchicalTestExecutorService.invokeAll(SameThreadHierarchicalTestExecutorService.java:41)
	at org.junit.platform.engine.support.hierarchical.NodeTestTask.lambda$executeRecursively$6(NodeTestTask.java:160)
	at org.junit.platform.engine.support.hierarchical.ThrowableCollector.execute(ThrowableCollector.java:73)
	at org.junit.platform.engine.support.hierarchical.NodeTestTask.lambda$executeRecursively$8(NodeTestTask.java:146)
	at org.junit.platform.engine.support.hierarchical.Node.around(Node.java:137)
	at org.junit.platform.engine.support.hierarchical.NodeTestTask.lambda$executeRecursively$9(NodeTestTask.java:144)
	at org.junit.platform.engine.support.hierarchical.ThrowableCollector.execute(ThrowableCollector.java:73)
	at org.junit.platform.engine.support.hierarchical.NodeTestTask.executeRecursively(NodeTestTask.java:143)
	at org.junit.platform.engine.support.hierarchical.NodeTestTask.execute(NodeTestTask.java:100)
	at java.base/java.util.ArrayList.forEach(ArrayList.java:1597)
	at org.junit.platform.engine.support.hierarchical.SameThreadHierarchicalTestExecutorService.invokeAll(SameThreadHierarchicalTestExecutorService.java:41)
	at org.junit.platform.engine.support.hierarchical.NodeTestTask.lambda$executeRecursively$6(NodeTestTask.java:160)
	at org.junit.platform.engine.support.hierarchical.ThrowableCollector.execute(ThrowableCollector.java:73)
	at org.junit.platform.engine.support.hierarchical.NodeTestTask.lambda$executeRecursively$8(NodeTestTask.java:146)
	at org.junit.platform.engine.support.hierarchical.Node.around(Node.java:137)
	at org.junit.platform.engine.support.hierarchical.NodeTestTask.lambda$executeRecursively$9(NodeTestTask.java:144)
	at org.junit.platform.engine.support.hierarchical.ThrowableCollector.execute(ThrowableCollector.java:73)
	at org.junit.platform.engine.support.hierarchical.NodeTestTask.executeRecursively(NodeTestTask.java:143)
	at org.junit.platform.engine.support.hierarchical.NodeTestTask.execute(NodeTestTask.java:100)
	at org.junit.platform.engine.support.hierarchical.SameThreadHierarchicalTestExecutorService.submit(SameThreadHierarchicalTestExecutorService.java:35)
	at org.junit.platform.engine.support.hierarchical.HierarchicalTestExecutor.execute(HierarchicalTestExecutor.java:57)
	at org.junit.platform.engine.support.hierarchical.HierarchicalTestEngine.execute(HierarchicalTestEngine.java:54)
	at org.junit.platform.launcher.core.EngineExecutionOrchestrator.execute(EngineExecutionOrchestrator.java:198)
	at org.junit.platform.launcher.core.EngineExecutionOrchestrator.execute(EngineExecutionOrchestrator.java:169)
	at org.junit.platform.launcher.core.EngineExecutionOrchestrator.execute(EngineExecutionOrchestrator.java:93)
	at org.junit.platform.launcher.core.EngineExecutionOrchestrator.lambda$execute$0(EngineExecutionOrchestrator.java:58)
	at org.junit.platform.launcher.core.EngineExecutionOrchestrator.withInterceptedStreams(EngineExecutionOrchestrator.java:141)
	at org.junit.platform.launcher.core.EngineExecutionOrchestrator.execute(EngineExecutionOrchestrator.java:57)
	at org.junit.platform.launcher.core.DefaultLauncher.execute(DefaultLauncher.java:103)
	at org.junit.platform.launcher.core.DefaultLauncher.execute(DefaultLauncher.java:94)
	at org.junit.platform.launcher.core.DelegatingLauncher.execute(DelegatingLauncher.java:52)
	at org.junit.platform.launcher.core.SessionPerRequestLauncher.execute(SessionPerRequestLauncher.java:70)
	at org.eclipse.jdt.internal.junit5.runner.JUnit5TestReference.run(JUnit5TestReference.java:100)
	at org.eclipse.jdt.internal.junit.runner.TestExecution.run(TestExecution.java:40)
	at org.eclipse.jdt.internal.junit.runner.RemoteTestRunner.runTests(RemoteTestRunner.java:529)
	at org.eclipse.jdt.internal.junit.runner.RemoteTestRunner.runTests(RemoteTestRunner.java:757)
	at org.eclipse.jdt.internal.junit.runner.RemoteTestRunner.run(RemoteTestRunner.java:452)
	at org.eclipse.jdt.internal.junit.runner.RemoteTestRunner.main(RemoteTestRunner.java:210)
Caused by: org.springframework.beans.factory.NoSuchBeanDefinitionException: No qualifying bean of type 'org.springframework.test.web.reactive.server.WebTestClient' available: expected at least 1 bean which qualifies as autowire candidate. Dependency annotations: {@org.springframework.beans.factory.annotation.Autowired(required=true)}
	at org.springframework.beans.factory.support.DefaultListableBeanFactory.raiseNoMatchingBeanFound(DefaultListableBeanFactory.java:2177)
	at org.springframework.beans.factory.support.DefaultListableBeanFactory.doResolveDependency(DefaultListableBeanFactory.java:1627)
	at org.springframework.beans.factory.support.DefaultListableBeanFactory.resolveDependency(DefaultListableBeanFactory.java:1552)
	at org.springframework.beans.factory.annotation.AutowiredAnnotationBeanPostProcessor$AutowiredFieldElement.resolveFieldValue(AutowiredAnnotationBeanPostProcessor.java:785)
	... 78 common frames omitted
2025-09-04 13:15:28 INFO  [background-preinit] o.h.validator.internal.util.Version - HV000001: Hibernate Validator 8.0.2.Final
2025-09-04 13:15:29 INFO  [main] d.b.R.u.c.StreamRestControlleTest - Starting StreamRestControlleTest using Java 22.0.1 with PID 18384 (started by sonzw in C:\DEV_SRC\eclipse\Reference)
2025-09-04 13:15:29 INFO  [main] d.b.R.u.c.StreamRestControlleTest - No active profile set, falling back to 1 default profile: "default"
2025-09-04 13:15:30 WARN  [main] o.m.s.mapper.ClassPathMapperScanner - No MyBatis mapper was found in '[dev.binz.reference]' package. Please check your configuration.
2025-09-04 13:15:32 DEBUG [main] d.binz.reference.filter.CustomFilter - CustomFilter 초기화됨
2025-09-04 13:15:32 DEBUG [main] d.binz.reference.filter.CustomFilter - CustomFilter 초기화됨
2025-09-04 13:15:32 DEBUG [main] d.binz.reference.filter.CustomFilter - CustomFilter 초기화됨
2025-09-04 13:15:32 DEBUG [main] d.binz.reference.filter.CustomFilter - CustomFilter 초기화됨
2025-09-04 13:15:32 INFO  [main] o.s.b.t.m.w.SpringBootMockServletContext - Initializing Spring TestDispatcherServlet ''
2025-09-04 13:15:32 INFO  [main] o.s.t.w.s.TestDispatcherServlet - Initializing Servlet ''
2025-09-04 13:15:32 INFO  [main] o.s.t.w.s.TestDispatcherServlet - Completed initialization in 1 ms
2025-09-04 13:15:32 INFO  [main] d.b.R.u.c.StreamRestControlleTest - Started StreamRestControlleTest in 4.024 seconds (process running for 5.922)
2025-09-04 13:15:33 DEBUG [main] d.binz.reference.filter.CustomFilter - [CustomFilter] 요청 필터링 시작
2025-09-04 13:15:33 DEBUG [main] d.binz.reference.filter.CustomFilter - [CustomFilter] 요청 필터링 시작
2025-09-04 13:15:33 DEBUG [main] d.b.r.u.c.StreamRestController - =====validateUser
2025-09-04 13:15:33 DEBUG [main] d.b.r.u.c.StreamRestController - =====validateUser
2025-09-04 13:15:33 DEBUG [main] d.b.r.u.c.StreamRestController - thread holding test printer
2025-09-04 13:15:33 DEBUG [main] d.b.r.u.c.StreamRestController - thread holding test printer
2025-09-04 13:15:33 DEBUG [main] d.binz.reference.filter.CustomFilter - [CustomFilter] 요청 필터링 완료
2025-09-04 13:15:33 DEBUG [main] d.binz.reference.filter.CustomFilter - [CustomFilter] 요청 필터링 완료
2025-09-04 13:17:15 INFO  [background-preinit] o.h.validator.internal.util.Version - HV000001: Hibernate Validator 8.0.2.Final
2025-09-04 13:17:15 INFO  [main] d.b.R.u.c.StreamRestControlleTest - Starting StreamRestControlleTest using Java 22.0.1 with PID 12788 (started by sonzw in C:\DEV_SRC\eclipse\Reference)
2025-09-04 13:17:15 INFO  [main] d.b.R.u.c.StreamRestControlleTest - No active profile set, falling back to 1 default profile: "default"
2025-09-04 13:17:16 WARN  [main] o.m.s.mapper.ClassPathMapperScanner - No MyBatis mapper was found in '[dev.binz.reference]' package. Please check your configuration.
2025-09-04 13:17:17 DEBUG [main] d.binz.reference.filter.CustomFilter - CustomFilter 초기화됨
2025-09-04 13:17:17 DEBUG [main] d.binz.reference.filter.CustomFilter - CustomFilter 초기화됨
2025-09-04 13:17:17 DEBUG [main] d.binz.reference.filter.CustomFilter - CustomFilter 초기화됨
2025-09-04 13:17:17 DEBUG [main] d.binz.reference.filter.CustomFilter - CustomFilter 초기화됨
2025-09-04 13:17:17 INFO  [main] o.s.b.t.m.w.SpringBootMockServletContext - Initializing Spring TestDispatcherServlet ''
2025-09-04 13:17:17 INFO  [main] o.s.t.w.s.TestDispatcherServlet - Initializing Servlet ''
2025-09-04 13:17:17 INFO  [main] o.s.t.w.s.TestDispatcherServlet - Completed initialization in 1 ms
2025-09-04 13:17:18 INFO  [main] d.b.R.u.c.StreamRestControlleTest - Started StreamRestControlleTest in 3.521 seconds (process running for 4.994)
2025-09-04 13:17:19 DEBUG [main] d.binz.reference.filter.CustomFilter - [CustomFilter] 요청 필터링 시작
2025-09-04 13:17:19 DEBUG [main] d.binz.reference.filter.CustomFilter - [CustomFilter] 요청 필터링 시작
2025-09-04 13:17:19 DEBUG [main] d.b.r.u.c.StreamRestController - =====validateUser
2025-09-04 13:17:19 DEBUG [main] d.b.r.u.c.StreamRestController - =====validateUser
2025-09-04 13:17:19 DEBUG [main] d.b.r.u.c.StreamRestController - thread holding test printer
2025-09-04 13:17:19 DEBUG [main] d.b.r.u.c.StreamRestController - thread holding test printer
2025-09-04 13:17:19 DEBUG [main] d.binz.reference.filter.CustomFilter - [CustomFilter] 요청 필터링 완료
2025-09-04 13:17:19 DEBUG [main] d.binz.reference.filter.CustomFilter - [CustomFilter] 요청 필터링 완료
2025-09-04 13:23:01 INFO  [background-preinit] o.h.validator.internal.util.Version - HV000001: Hibernate Validator 8.0.2.Final
2025-09-04 13:23:02 INFO  [main] d.b.R.u.c.StreamRestControlleTest - Starting StreamRestControlleTest using Java 22.0.1 with PID 15468 (started by sonzw in C:\DEV_SRC\eclipse\Reference)
2025-09-04 13:23:02 INFO  [main] d.b.R.u.c.StreamRestControlleTest - No active profile set, falling back to 1 default profile: "default"
2025-09-04 13:23:03 WARN  [main] o.m.s.mapper.ClassPathMapperScanner - No MyBatis mapper was found in '[dev.binz.reference]' package. Please check your configuration.
2025-09-04 13:23:04 DEBUG [main] d.binz.reference.filter.CustomFilter - CustomFilter 초기화됨
2025-09-04 13:23:04 DEBUG [main] d.binz.reference.filter.CustomFilter - CustomFilter 초기화됨
2025-09-04 13:23:04 DEBUG [main] d.binz.reference.filter.CustomFilter - CustomFilter 초기화됨
2025-09-04 13:23:04 DEBUG [main] d.binz.reference.filter.CustomFilter - CustomFilter 초기화됨
2025-09-04 13:23:04 INFO  [main] o.s.b.t.m.w.SpringBootMockServletContext - Initializing Spring TestDispatcherServlet ''
2025-09-04 13:23:04 INFO  [main] o.s.t.w.s.TestDispatcherServlet - Initializing Servlet ''
2025-09-04 13:23:04 INFO  [main] o.s.t.w.s.TestDispatcherServlet - Completed initialization in 2 ms
2025-09-04 13:23:05 INFO  [main] d.b.R.u.c.StreamRestControlleTest - Started StreamRestControlleTest in 3.653 seconds (process running for 5.099)
2025-09-04 13:23:06 DEBUG [main] d.binz.reference.filter.CustomFilter - [CustomFilter] 요청 필터링 시작
2025-09-04 13:23:06 DEBUG [main] d.binz.reference.filter.CustomFilter - [CustomFilter] 요청 필터링 시작
2025-09-04 13:23:06 DEBUG [main] d.b.r.u.c.StreamRestController - =====validateUser
2025-09-04 13:23:06 DEBUG [main] d.b.r.u.c.StreamRestController - =====validateUser
2025-09-04 13:23:06 DEBUG [main] d.b.r.u.c.StreamRestController - thread holding test printer
2025-09-04 13:23:06 DEBUG [main] d.b.r.u.c.StreamRestController - thread holding test printer
2025-09-04 13:23:06 DEBUG [main] d.binz.reference.filter.CustomFilter - [CustomFilter] 요청 필터링 완료
2025-09-04 13:23:06 DEBUG [main] d.binz.reference.filter.CustomFilter - [CustomFilter] 요청 필터링 완료
2025-09-04 13:23:12 ERROR [main] o.s.t.w.r.server.ExchangeResult - Request details for assertion failure:

> GET /down
> WebTestClient-Request-Id: [1]

No content

< 200 OK OK
< Content-Type: [application/octet-stream]
< Content-Disposition: [form-data; name="attachment"; filename="users.xlsx"]

3373 bytes of content.

======================  MockMvc (Server) ===============================

MockHttpServletRequest:
      HTTP Method = GET
      Request URI = /down
       Parameters = {}
          Headers = [WebTestClient-Request-Id:"1"]
             Body = null
    Session Attrs = {}

Handler:
             Type = dev.binz.reference.user.controller.StreamRestController
           Method = dev.binz.reference.user.controller.StreamRestController#validateUser()

Async:
    Async started = false
     Async result = null

Resolved Exception:
             Type = null

ModelAndView:
        View name = null
             View = null
            Model = null

FlashMap:
       Attributes = null

MockHttpServletResponse:
           Status = 200
    Error message = null
          Headers = [Content-Type:"application/octet-stream", Content-Disposition:"form-data; name="attachment"; filename="users.xlsx""]
     Content type = application/octet-stream
             Body = PK-                      [Content_Types].xmlµSËnÂ0üÈ×*6ôPUCÇ©ô\{Xø%¯¡ð÷]8R
qòcfgfWöd¶q¶ZCB|ÃÆ|Ä*ð*hã»},^ê{Va^K<4Ì6NÛXQ©Çõ9Ç!Põà$òÁÒäd¦cêDj);·£ÑPÁgð¹ÎEM'OÐÊÍÕãî¾H7LÆhRµ×G¢õ^'°{ñ¬zÞÊ®B3ËêÞh.ÉhøW´Ð¶Fjå¨CQÕ ë²}Î¹LùU:D¤ù%Þ±¨à,ÃB¼Èñ¨[	¤Æ ;Ë±	ô{Nô~ØXñpÅykOL¡kNVî¤ñ§Ü¿BZ~°¼qöÙ ará{O¿PKzÊq;            PK-                      _rels/.rels­ÁjÃ0_ÅèÞ8í`Q·2èmî4[ILbËØÚ½ýÌ.[K
ì($}ÿÒv?I½Q.£uÓ¢hÙùØx>=¬î@ÁèpâH"Ã~·}¢	¥nÁ§¢*"Hº×ºØÅÚé8Zæ^'´#ö¤7m{«óO3ÕÑÈG·uÂÜ'ýÎy|a­D¿	å®ól_EYÈ¾ ½ì²ùvql3×MLé¿ehÜ*ÕÊâ©\3ºY0²éoJ×¢	:ü¢^é³Ø}PK§z½ã       I      PK-                      docProps/app.xmlMÁ
Â0Dïÿro·z4¥ '{ÐéÖMHVéçzæñT·úE¼1e¨»ºÉÑÑ³û¥:ÊNo7jH!bbYåVÎÌñíÞäºÌT)$o¸Äô0MÎâ9ØGbØ7Ípe¤Ç*~R«>ÆÅYÃEB÷Ñ¤nWÿ½þ PK6n!       ¸       PK-                      docProps/core.xmlmÑJÃ0_%ä¾=i;¶C 8p2ñ.$Ç¶Ø&!v¾½iÔ»$ÿw>NþrszòÎwFW4K%¨¥Qn*ú¸ß&çø ´½ÑXQmè¦.¥åÒ8Ü9cÑ=í¹´mC°ÀËáÓHè¾7¯®+ä«hrÆÖ0`J0±J.JûæúY $`êà!K3øaºÁÿ;0'yôÝBãÅÌÅ2xº»}O:=}]"­ËK" "QÀÃ|'âêz¿¥uÎò³]$lµg+­Kø5?	¿ÎÆÕ±ÉîþfâçþÔ\PK7;N      °      PK-                      xl/sharedStrings.xml=A
Â0 ï{·D¤i/ÐtmÍ&f7âóÍÉã0Ãó7mêc&ÇÁBòy´Zx>îÌÓ~72ò¹XèI£ønxûs["åª5ûÉñR7¯\uÕ\*º¢¤M9ëä"~PKh¯·y              PK-                      xl/styles.xml¥±nÃ ÷J}ÄÞàd¨¢Ê&C%WJ]9Û¨pX@"»O_0NL:ÝÝÏýÏån4Áye±¢ëUA	`c¥Â®¢úiKwüñ¡ôaÒ°ïôíC^óMFø ãIk!®c~p ¤O&£Ù¦(
)/ñdj<iì	CEÊxÙZ¼*k^úor:*i¶ØÖXmQ(aYÑmÒPÈ]¯B«£S3O¥§,o0OºôÖ%å[æà£Iiý;ÄfÖ± K~¨(ZûþèÂ}½91Ý8æ/>Z'ãnß%^jhC48Õõ);°t51JtNÈcI"¶­÷iuí{lIÞÁ»L¤ç_Ò8ÐfL.ÿÙÿÆ±½çÏhvýÝøPK®ÖE      £      PK-                      xl/workbook.xmlAOÃ0ïHüÈwªé.Òn;î^ë®Ñ¤²Ã¶OÚ©Àõô>??¹Z_ý ÎÄâb°P¬(
Ml]8ZøØ¿?¼Âº¾¿«.OO*óA,ô)¥ÖÒôäQVq¤.²Ç%µLØJOü yÑ][BÉÿÉ]çÚÄæËSH·¦Sn+½êf;V-&*ÞÌ³!Ðu59.òNRaÜöx°`&NÿçÎËT=åW±Ú`BP\ºÖoÛ'P3²Í²CM½Üª¿PK<Û¯pÞ       a      PK-                      xl/_rels/workbook.xml.rels­MkÃ0@ÿÑ}qÒÁ£n/cÐëÖý c+qh"Kûè¿»ÃÖ@;ô$ð{´Þ~ÎyÇ"#®iÁ #^÷O7÷`D=E?1¡bØnÖÏ8y­?$YLE8HªùÁZ		g/g¤ºé¹Ì^ë³6ûpðÚUÛÞÙrÎ%Óì¢²½/ªI¾`|ÑRË¤©àº:füû~øÈámFÒv»½³:Ñã×¯ø¦þ¥¿ýÕp9HBÔSyÝµK~§»¸öæPK;Ô       3      PK-                      xl/worksheets/sheet1.xmluQËNÃ0¼Wâ,ß©PU«V¨ñº»É&±{#{Kø|Ö)â6£ñì¬óå»ëÄhÑ2Î¤ _be}SÈçÍé\êI>`ØÅ|,dKÔ/eÎÄ)öàyRcpFÅ>©FëÔÙlv¡±^ê¼²|JêB®²Å:Jç£öÕÂ`¢·»Dn«Bòd¶OÐAIÀÂ[ý±oÆm¨ 6ûq¸Û´ÄMç\õ+òÚÑ<à $ã2¡UÆQ´¾³(ðêß&}oä83qUê~ý~Õü+Îâõ÷¦;ë£Ø":®:½KQ#ÄÎ¥hù¦GÒAM£Jpè5bÂþÓÎrü:ýPKÕò**      î      PK-        zÊq;                     [Content_Types].xmlPK-        §z½ã   I                 _rels/.relsPK-        6n!   ¸                ¨  docProps/app.xmlPK-        7;N  °                 docProps/core.xmlPK-        h¯·y                   Î  xl/sharedStrings.xmlPK-        ®ÖE  £                 xl/styles.xmlPK-        <Û¯pÞ   a                 xl/workbook.xmlPK-        ;Ô   3               <  xl/_rels/workbook.xml.relsPK-        Õò**  î               `	  xl/worksheets/sheet1.xmlPK    	 	 ?  Ø
    
    Forwarded URL = null
   Redirected URL = null
          Cookies = []


2025-09-04 13:23:35 INFO  [background-preinit] o.h.validator.internal.util.Version - HV000001: Hibernate Validator 8.0.2.Final
2025-09-04 13:23:35 INFO  [main] d.b.R.u.c.StreamRestControlleTest - Starting StreamRestControlleTest using Java 22.0.1 with PID 14012 (started by sonzw in C:\DEV_SRC\eclipse\Reference)
2025-09-04 13:23:35 INFO  [main] d.b.R.u.c.StreamRestControlleTest - No active profile set, falling back to 1 default profile: "default"
2025-09-04 13:23:37 WARN  [main] o.m.s.mapper.ClassPathMapperScanner - No MyBatis mapper was found in '[dev.binz.reference]' package. Please check your configuration.
2025-09-04 13:23:38 DEBUG [main] d.binz.reference.filter.CustomFilter - CustomFilter 초기화됨
2025-09-04 13:23:38 DEBUG [main] d.binz.reference.filter.CustomFilter - CustomFilter 초기화됨
2025-09-04 13:23:38 DEBUG [main] d.binz.reference.filter.CustomFilter - CustomFilter 초기화됨
2025-09-04 13:23:38 DEBUG [main] d.binz.reference.filter.CustomFilter - CustomFilter 초기화됨
2025-09-04 13:23:38 INFO  [main] o.s.b.t.m.w.SpringBootMockServletContext - Initializing Spring TestDispatcherServlet ''
2025-09-04 13:23:38 INFO  [main] o.s.t.w.s.TestDispatcherServlet - Initializing Servlet ''
2025-09-04 13:23:38 INFO  [main] o.s.t.w.s.TestDispatcherServlet - Completed initialization in 1 ms
2025-09-04 13:23:38 INFO  [main] d.b.R.u.c.StreamRestControlleTest - Started StreamRestControlleTest in 3.607 seconds (process running for 5.118)
2025-09-04 13:23:39 DEBUG [main] d.binz.reference.filter.CustomFilter - [CustomFilter] 요청 필터링 시작
2025-09-04 13:23:39 DEBUG [main] d.binz.reference.filter.CustomFilter - [CustomFilter] 요청 필터링 시작
2025-09-04 13:23:39 DEBUG [main] d.b.r.u.c.StreamRestController - =====validateUser
2025-09-04 13:23:39 DEBUG [main] d.b.r.u.c.StreamRestController - =====validateUser
2025-09-04 13:23:39 DEBUG [main] d.b.r.u.c.StreamRestController - thread holding test printer
2025-09-04 13:23:39 DEBUG [main] d.b.r.u.c.StreamRestController - thread holding test printer
2025-09-04 13:23:39 DEBUG [main] d.binz.reference.filter.CustomFilter - [CustomFilter] 요청 필터링 완료
2025-09-04 13:23:39 DEBUG [main] d.binz.reference.filter.CustomFilter - [CustomFilter] 요청 필터링 완료
2025-09-04 13:38:53 INFO  [background-preinit] o.h.validator.internal.util.Version - HV000001: Hibernate Validator 8.0.2.Final
2025-09-04 13:38:53 INFO  [main] d.b.R.u.c.StreamRestControlleTest - Starting StreamRestControlleTest using Java 22.0.1 with PID 12980 (started by sonzw in C:\DEV_SRC\eclipse\Reference)
2025-09-04 13:38:53 INFO  [main] d.b.R.u.c.StreamRestControlleTest - No active profile set, falling back to 1 default profile: "default"
2025-09-04 13:38:54 WARN  [main] o.m.s.mapper.ClassPathMapperScanner - No MyBatis mapper was found in '[dev.binz.reference]' package. Please check your configuration.
2025-09-04 13:38:55 DEBUG [main] d.binz.reference.filter.CustomFilter - CustomFilter 초기화됨
2025-09-04 13:38:55 DEBUG [main] d.binz.reference.filter.CustomFilter - CustomFilter 초기화됨
2025-09-04 13:38:55 DEBUG [main] d.binz.reference.filter.CustomFilter - CustomFilter 초기화됨
2025-09-04 13:38:55 DEBUG [main] d.binz.reference.filter.CustomFilter - CustomFilter 초기화됨
2025-09-04 13:38:55 INFO  [main] o.s.b.t.m.w.SpringBootMockServletContext - Initializing Spring TestDispatcherServlet ''
2025-09-04 13:38:55 INFO  [main] o.s.t.w.s.TestDispatcherServlet - Initializing Servlet ''
2025-09-04 13:38:55 INFO  [main] o.s.t.w.s.TestDispatcherServlet - Completed initialization in 2 ms
2025-09-04 13:38:56 INFO  [main] d.b.R.u.c.StreamRestControlleTest - Started StreamRestControlleTest in 3.536 seconds (process running for 4.954)
2025-09-04 13:38:57 DEBUG [main] d.binz.reference.filter.CustomFilter - [CustomFilter] 요청 필터링 시작
2025-09-04 13:38:57 DEBUG [main] d.binz.reference.filter.CustomFilter - [CustomFilter] 요청 필터링 시작
2025-09-04 13:38:57 DEBUG [main] d.b.r.u.c.StreamRestController - =====validateUser
2025-09-04 13:38:57 DEBUG [main] d.b.r.u.c.StreamRestController - =====validateUser
2025-09-04 13:38:57 DEBUG [main] d.b.r.u.c.StreamRestController - thread holding test printer
2025-09-04 13:38:57 DEBUG [main] d.b.r.u.c.StreamRestController - thread holding test printer
2025-09-04 13:38:57 DEBUG [main] d.binz.reference.filter.CustomFilter - [CustomFilter] 요청 필터링 완료
2025-09-04 13:38:57 DEBUG [main] d.binz.reference.filter.CustomFilter - [CustomFilter] 요청 필터링 완료
2025-09-04 13:39:03 ERROR [main] o.s.t.w.r.server.ExchangeResult - Request details for assertion failure:

> GET /down
> WebTestClient-Request-Id: [1]

No content

< 200 OK OK
< Content-Type: [application/octet-stream]
< Content-Disposition: [form-data; name="attachment"; filename="users.xlsx"]

3373 bytes of content.

======================  MockMvc (Server) ===============================

MockHttpServletRequest:
      HTTP Method = GET
      Request URI = /down
       Parameters = {}
          Headers = [WebTestClient-Request-Id:"1"]
             Body = null
    Session Attrs = {}

Handler:
             Type = dev.binz.reference.user.controller.StreamRestController
           Method = dev.binz.reference.user.controller.StreamRestController#validateUser()

Async:
    Async started = false
     Async result = null

Resolved Exception:
             Type = null

ModelAndView:
        View name = null
             View = null
            Model = null

FlashMap:
       Attributes = null

MockHttpServletResponse:
           Status = 200
    Error message = null
          Headers = [Content-Type:"application/octet-stream", Content-Disposition:"form-data; name="attachment"; filename="users.xlsx""]
     Content type = application/octet-stream
             Body = PK-                      [Content_Types].xmlµSËnÂ0üÈ×*6ôPUCÇ©ô\{Xø%¯¡ð÷]8R
qòcfgfWöd¶q¶ZCB|ÃÆ|Ä*ð*hã»},^ê{Va^K<4Ì6NÛXQ©Çõ9Ç!Põà$òÁÒäd¦cêDj);·£ÑPÁgð¹ÎEM'OÐÊÍÕãî¾H7LÆhRµ×G¢õ^'°{ñ¬zÞÊ®B3ËêÞh.ÉhøW´Ð¶Fjå¨CQÕ ë²}Î¹LùU:D¤ù%Þ±¨à,ÃB¼Èñ¨[	¤Æ ;Ë±	ô{Nô~ØXñpÅykOL¡kNVî¤ñ§Ü¿BZ~°¼qöÙ ará{O¿PKzÊq;            PK-                      _rels/.rels­ÁjÃ0_ÅèÞ8í`Q·2èmî4[ILbËØÚ½ýÌ.[K
ì($}ÿÒv?I½Q.£uÓ¢hÙùØx>=¬î@ÁèpâH"Ã~·}¢	¥nÁ§¢*"Hº×ºØÅÚé8Zæ^'´#ö¤7m{«óO3ÕÑÈG·uÂÜ'ýÎy|a­D¿	å®ól_EYÈ¾ ½ì²ùvql3×MLé¿ehÜ*ÕÊâ©\3ºY0²éoJ×¢	:ü¢^é³Ø}PK§z½ã       I      PK-                      docProps/app.xmlMÁ
Â0Dïÿro·z4¥ '{ÐéÖMHVéçzæñT·úE¼1e¨»ºÉÑÑ³û¥:ÊNo7jH!bbYåVÎÌñíÞäºÌT)$o¸Äô0MÎâ9ØGbØ7Ípe¤Ç*~R«>ÆÅYÃEB÷Ñ¤nWÿ½þ PK6n!       ¸       PK-                      docProps/core.xmlm]KÃ0ÿJÈ}´Ýt¶C 8°Cñ.$Ç¶Ø|D;ÿ½iÔ»$ïsNÞr{Tzç{£+¥#ÐÂÈ^·>4»d\K>ÖoëRX&½3\èÁ£¨Ñ	[á.Ëñ¢Å}	ÃãñêZb¹xå-Ò3¢ pÉ'0±R,JûæY èàIfäàÿw`NòèûÇ1eäéîöa^>éõôu¸.Oj&ð E66ò<W×Í×9Í×	½Hèª¡+VlØúü¹$¿æ'á×Ù¸ú2ÒÚßßLÜò\?5×PKüÓ~      °      PK-                      xl/sharedStrings.xml=A
Â0 ï{·D¤i/ÐtmÍ&f7âóÍÉã0Ãó7mêc&ÇÁBòy´Zx>îÌÓ~72ò¹XèI£ønxûs["åª5ûÉñR7¯\uÕ\*º¢¤M9ëä"~PKh¯·y              PK-                      xl/styles.xml¥±nÃ ÷J}ÄÞàd¨¢Ê&C%WJ]9Û¨pX@"»O_0NL:ÝÝÏýÏån4Áye±¢ëUA	`c¥Â®¢úiKwüñ¡ôaÒ°ïôíC^óMFø ãIk!®c~p ¤O&£Ù¦(
)/ñdj<iì	CEÊxÙZ¼*k^úor:*i¶ØÖXmQ(aYÑmÒPÈ]¯B«£S3O¥§,o0OºôÖ%å[æà£Iiý;ÄfÖ± K~¨(ZûþèÂ}½91Ý8æ/>Z'ãnß%^jhC48Õõ);°t51JtNÈcI"¶­÷iuí{lIÞÁ»L¤ç_Ò8ÐfL.ÿÙÿÆ±½çÏhvýÝøPK®ÖE      £      PK-                      xl/workbook.xmlAOÃ0ïHüÈwªé.Òn;î^ë®Ñ¤²Ã¶OÚ©Àõô>??¹Z_ý ÎÄâb°P¬(
Ml]8ZøØ¿?¼Âº¾¿«.OO*óA,ô)¥ÖÒôäQVq¤.²Ç%µLØJOü yÑ][BÉÿÉ]çÚÄæËSH·¦Sn+½êf;V-&*ÞÌ³!Ðu59.òNRaÜöx°`&NÿçÎËT=åW±Ú`BP\ºÖoÛ'P3²Í²CM½Üª¿PK<Û¯pÞ       a      PK-                      xl/_rels/workbook.xml.rels­MkÃ0@ÿÑ}qÒÁ£n/cÐëÖý c+qh"Kûè¿»ÃÖ@;ô$ð{´Þ~ÎyÇ"#®iÁ #^÷O7÷`D=E?1¡bØnÖÏ8y­?$YLE8HªùÁZ		g/g¤ºé¹Ì^ë³6ûpðÚUÛÞÙrÎ%Óì¢²½/ªI¾`|ÑRË¤©àº:füû~øÈámFÒv»½³:Ñã×¯ø¦þ¥¿ýÕp9HBÔSyÝµK~§»¸öæPK;Ô       3      PK-                      xl/worksheets/sheet1.xmluQËNÃ0¼Wâ,ß©PU«V¨ñº»É&±{#{Kø|Ö)â6£ñì¬óå»ëÄhÑ2Î¤ _be}SÈçÍé\êI>`ØÅ|,dKÔ/eÎÄ)öàyRcpFÅ>©FëÔÙlv¡±^ê¼²|JêB®²Å:Jç£öÕÂ`¢·»Dn«Bòd¶OÐAIÀÂ[ý±oÆm¨ 6ûq¸Û´ÄMç\õ+òÚÑ<à $ã2¡UÆQ´¾³(ðêß&}oä83qUê~ý~Õü+Îâõ÷¦;ë£Ø":®:½KQ#ÄÎ¥hù¦GÒAM£Jpè5bÂþÓÎrü:ýPKÕò**      î      PK-        zÊq;                     [Content_Types].xmlPK-        §z½ã   I                 _rels/.relsPK-        6n!   ¸                ¨  docProps/app.xmlPK-        üÓ~  °                 docProps/core.xmlPK-        h¯·y                   Î  xl/sharedStrings.xmlPK-        ®ÖE  £                 xl/styles.xmlPK-        <Û¯pÞ   a                 xl/workbook.xmlPK-        ;Ô   3               <  xl/_rels/workbook.xml.relsPK-        Õò**  î               `	  xl/worksheets/sheet1.xmlPK    	 	 ?  Ø
    
    Forwarded URL = null
   Redirected URL = null
          Cookies = []


2026-03-10 23:00:29 INFO  [background-preinit] o.h.validator.internal.util.Version - HV000001: Hibernate Validator 8.0.2.Final
2026-03-10 23:00:29 INFO  [restartedMain] d.b.reference.ReferenceApplication - Starting ReferenceApplication using Java 21.0.10 with PID 21716 (C:\DEV_SRC\eclipse\Reference\target\classes started by sonzw in C:\DEV_SRC\eclipse\Reference)
2026-03-10 23:00:29 INFO  [restartedMain] d.b.reference.ReferenceApplication - Starting ReferenceApplication using Java 21.0.10 with PID 21716 (C:\DEV_SRC\eclipse\Reference\target\classes started by sonzw in C:\DEV_SRC\eclipse\Reference)
2026-03-10 23:00:29 DEBUG [restartedMain] d.b.reference.ReferenceApplication - Running with Spring Boot v3.4.3, Spring v6.2.3
2026-03-10 23:00:29 DEBUG [restartedMain] d.b.reference.ReferenceApplication - Running with Spring Boot v3.4.3, Spring v6.2.3
2026-03-10 23:00:29 INFO  [restartedMain] d.b.reference.ReferenceApplication - No active profile set, falling back to 1 default profile: "default"
2026-03-10 23:00:29 INFO  [restartedMain] d.b.reference.ReferenceApplication - No active profile set, falling back to 1 default profile: "default"
2026-03-10 23:00:29 INFO  [restartedMain] o.s.b.d.e.DevToolsPropertyDefaultsPostProcessor - Devtools property defaults active! Set 'spring.devtools.add-properties' to 'false' to disable
2026-03-10 23:00:29 INFO  [restartedMain] o.s.b.d.e.DevToolsPropertyDefaultsPostProcessor - For additional web related logging consider setting the 'logging.level.web' property to 'DEBUG'
2026-03-10 23:00:31 WARN  [restartedMain] o.m.s.mapper.ClassPathMapperScanner - No MyBatis mapper was found in '[dev.binz.reference]' package. Please check your configuration.
2026-03-10 23:00:31 INFO  [restartedMain] o.s.b.w.e.tomcat.TomcatWebServer - Tomcat initialized with port 8080 (http)
2026-03-10 23:00:31 INFO  [restartedMain] o.a.coyote.http11.Http11NioProtocol - Initializing ProtocolHandler ["http-nio-8080"]
2026-03-10 23:00:31 INFO  [restartedMain] o.a.catalina.core.StandardService - Starting service [Tomcat]
2026-03-10 23:00:31 INFO  [restartedMain] o.a.catalina.core.StandardEngine - Starting Servlet engine: [Apache Tomcat/10.1.36]
2026-03-10 23:00:31 INFO  [restartedMain] o.a.c.c.C.[Tomcat].[localhost].[/] - Initializing Spring embedded WebApplicationContext
2026-03-10 23:00:31 INFO  [restartedMain] o.s.b.w.s.c.ServletWebServerApplicationContext - Root WebApplicationContext: initialization completed in 2389 ms
2026-03-10 23:00:31 DEBUG [restartedMain] d.binz.reference.filter.CustomFilter - CustomFilter 초기화됨
2026-03-10 23:00:31 DEBUG [restartedMain] d.binz.reference.filter.CustomFilter - CustomFilter 초기화됨
2026-03-10 23:00:31 DEBUG [restartedMain] d.binz.reference.filter.CustomFilter - CustomFilter 초기화됨
2026-03-10 23:00:31 DEBUG [restartedMain] d.binz.reference.filter.CustomFilter - CustomFilter 초기화됨
2026-03-10 23:00:32 INFO  [restartedMain] com.zaxxer.hikari.HikariDataSource - HikariPool-1 - Starting...
2026-03-10 23:00:32 INFO  [restartedMain] com.zaxxer.hikari.pool.HikariPool - HikariPool-1 - Added connection conn0: url=jdbc:h2:mem:d2de7ee5-79f9-4b88-a2a4-c5e4bc2fc89e user=SA
2026-03-10 23:00:32 INFO  [restartedMain] com.zaxxer.hikari.HikariDataSource - HikariPool-1 - Start completed.
2026-03-10 23:00:32 INFO  [restartedMain] o.s.b.a.h.H2ConsoleAutoConfiguration - H2 console available at '/h2-console'. Database available at 'jdbc:h2:mem:d2de7ee5-79f9-4b88-a2a4-c5e4bc2fc89e'
2026-03-10 23:00:33 INFO  [restartedMain] o.s.b.d.a.OptionalLiveReloadServer - LiveReload server is running on port 35729
2026-03-10 23:00:33 INFO  [restartedMain] o.a.coyote.http11.Http11NioProtocol - Starting ProtocolHandler ["http-nio-8080"]
2026-03-10 23:00:33 INFO  [restartedMain] o.s.b.w.e.tomcat.TomcatWebServer - Tomcat started on port 8080 (http) with context path '/'
2026-03-10 23:00:33 INFO  [restartedMain] d.b.reference.ReferenceApplication - Started ReferenceApplication in 4.939 seconds (process running for 6.397)
2026-03-10 23:00:33 INFO  [restartedMain] d.b.reference.ReferenceApplication - Started ReferenceApplication in 4.939 seconds (process running for 6.397)
2026-03-10 23:02:27 INFO  [http-nio-8080-exec-1] o.a.c.c.C.[Tomcat].[localhost].[/] - Initializing Spring DispatcherServlet 'dispatcherServlet'
2026-03-10 23:02:27 INFO  [http-nio-8080-exec-1] o.s.web.servlet.DispatcherServlet - Initializing Servlet 'dispatcherServlet'
2026-03-10 23:02:27 INFO  [http-nio-8080-exec-1] o.s.web.servlet.DispatcherServlet - Completed initialization in 2 ms
2026-03-10 23:02:27 DEBUG [http-nio-8080-exec-1] d.binz.reference.filter.CustomFilter - [CustomFilter] 요청 필터링 시작
2026-03-10 23:02:27 DEBUG [http-nio-8080-exec-1] d.binz.reference.filter.CustomFilter - [CustomFilter] 요청 필터링 시작
2026-03-10 23:02:28 DEBUG [http-nio-8080-exec-1] d.binz.reference.filter.CustomFilter - [CustomFilter] 요청 필터링 완료
2026-03-10 23:02:28 DEBUG [http-nio-8080-exec-1] d.binz.reference.filter.CustomFilter - [CustomFilter] 요청 필터링 완료
2026-03-10 23:02:28 DEBUG [http-nio-8080-exec-2] d.binz.reference.filter.CustomFilter - [CustomFilter] 요청 필터링 시작
2026-03-10 23:02:28 DEBUG [http-nio-8080-exec-2] d.binz.reference.filter.CustomFilter - [CustomFilter] 요청 필터링 시작
2026-03-10 23:02:28 DEBUG [http-nio-8080-exec-2] d.binz.reference.filter.CustomFilter - [CustomFilter] 요청 필터링 완료
2026-03-10 23:02:28 DEBUG [http-nio-8080-exec-2] d.binz.reference.filter.CustomFilter - [CustomFilter] 요청 필터링 완료
2026-03-10 23:07:02 INFO  [SpringApplicationShutdownHook] o.s.b.w.e.tomcat.GracefulShutdown - Commencing graceful shutdown. Waiting for active requests to complete
2026-03-10 23:07:02 INFO  [tomcat-shutdown] o.s.b.w.e.tomcat.GracefulShutdown - Graceful shutdown complete
2026-03-10 23:07:02 WARN  [SpringApplicationShutdownHook] o.s.b.f.s.DisposableBeanAdapter - Invocation of destroy method failed on bean with name 'inMemoryDatabaseShutdownExecutor': org.h2.jdbc.JdbcSQLNonTransientConnectionException: Database is already closed (to disable automatic closing at VM shutdown, add ";DB_CLOSE_ON_EXIT=FALSE" to the db URL) [90121-232]
2026-03-10 23:07:02 INFO  [SpringApplicationShutdownHook] com.zaxxer.hikari.HikariDataSource - HikariPool-1 - Shutdown initiated...
2026-03-10 23:07:02 INFO  [SpringApplicationShutdownHook] com.zaxxer.hikari.HikariDataSource - HikariPool-1 - Shutdown completed.
2026-03-10 23:07:02 DEBUG [SpringApplicationShutdownHook] d.binz.reference.filter.CustomFilter - CustomFilter 종료됨
2026-03-10 23:07:02 DEBUG [SpringApplicationShutdownHook] d.binz.reference.filter.CustomFilter - CustomFilter 종료됨
2026-03-10 23:07:02 DEBUG [SpringApplicationShutdownHook] d.binz.reference.filter.CustomFilter - CustomFilter 종료됨
2026-03-10 23:07:02 DEBUG [SpringApplicationShutdownHook] d.binz.reference.filter.CustomFilter - CustomFilter 종료됨
2026-03-10 23:07:07 INFO  [background-preinit] o.h.validator.internal.util.Version - HV000001: Hibernate Validator 8.0.2.Final
2026-03-10 23:07:08 INFO  [restartedMain] d.b.reference.ReferenceApplication - Starting ReferenceApplication using Java 21.0.10 with PID 4340 (C:\DEV_SRC\eclipse\Reference\target\classes started by sonzw in C:\DEV_SRC\eclipse\Reference)
2026-03-10 23:07:08 INFO  [restartedMain] d.b.reference.ReferenceApplication - Starting ReferenceApplication using Java 21.0.10 with PID 4340 (C:\DEV_SRC\eclipse\Reference\target\classes started by sonzw in C:\DEV_SRC\eclipse\Reference)
2026-03-10 23:07:08 DEBUG [restartedMain] d.b.reference.ReferenceApplication - Running with Spring Boot v3.4.3, Spring v6.2.3
2026-03-10 23:07:08 DEBUG [restartedMain] d.b.reference.ReferenceApplication - Running with Spring Boot v3.4.3, Spring v6.2.3
2026-03-10 23:07:08 INFO  [restartedMain] d.b.reference.ReferenceApplication - No active profile set, falling back to 1 default profile: "default"
2026-03-10 23:07:08 INFO  [restartedMain] d.b.reference.ReferenceApplication - No active profile set, falling back to 1 default profile: "default"
2026-03-10 23:07:08 INFO  [restartedMain] o.s.b.d.e.DevToolsPropertyDefaultsPostProcessor - Devtools property defaults active! Set 'spring.devtools.add-properties' to 'false' to disable
2026-03-10 23:07:08 INFO  [restartedMain] o.s.b.d.e.DevToolsPropertyDefaultsPostProcessor - For additional web related logging consider setting the 'logging.level.web' property to 'DEBUG'
2026-03-10 23:07:10 WARN  [restartedMain] o.m.s.mapper.ClassPathMapperScanner - No MyBatis mapper was found in '[dev.binz.reference]' package. Please check your configuration.
2026-03-10 23:07:11 INFO  [restartedMain] o.s.b.w.e.tomcat.TomcatWebServer - Tomcat initialized with port 8080 (http)
2026-03-10 23:07:11 INFO  [restartedMain] o.a.coyote.http11.Http11NioProtocol - Initializing ProtocolHandler ["http-nio-8080"]
2026-03-10 23:07:11 INFO  [restartedMain] o.a.catalina.core.StandardService - Starting service [Tomcat]
2026-03-10 23:07:11 INFO  [restartedMain] o.a.catalina.core.StandardEngine - Starting Servlet engine: [Apache Tomcat/10.1.36]
2026-03-10 23:07:11 INFO  [restartedMain] o.a.c.c.C.[Tomcat].[localhost].[/] - Initializing Spring embedded WebApplicationContext
2026-03-10 23:07:11 INFO  [restartedMain] o.s.b.w.s.c.ServletWebServerApplicationContext - Root WebApplicationContext: initialization completed in 3590 ms
2026-03-10 23:07:11 DEBUG [restartedMain] d.binz.reference.filter.CustomFilter - CustomFilter 초기화됨
2026-03-10 23:07:11 DEBUG [restartedMain] d.binz.reference.filter.CustomFilter - CustomFilter 초기화됨
2026-03-10 23:07:11 DEBUG [restartedMain] d.binz.reference.filter.CustomFilter - CustomFilter 초기화됨
2026-03-10 23:07:11 DEBUG [restartedMain] d.binz.reference.filter.CustomFilter - CustomFilter 초기화됨
2026-03-10 23:07:12 INFO  [restartedMain] com.zaxxer.hikari.HikariDataSource - HikariPool-1 - Starting...
2026-03-10 23:07:13 INFO  [restartedMain] com.zaxxer.hikari.pool.HikariPool - HikariPool-1 - Added connection conn0: url=jdbc:h2:mem:6077ee52-d2af-4595-bb34-93b14d9d2410 user=SA
2026-03-10 23:07:13 INFO  [restartedMain] com.zaxxer.hikari.HikariDataSource - HikariPool-1 - Start completed.
2026-03-10 23:07:13 INFO  [restartedMain] o.s.b.a.h.H2ConsoleAutoConfiguration - H2 console available at '/h2-console'. Database available at 'jdbc:h2:mem:6077ee52-d2af-4595-bb34-93b14d9d2410'
2026-03-10 23:07:13 INFO  [restartedMain] o.s.b.d.a.OptionalLiveReloadServer - LiveReload server is running on port 35729
2026-03-10 23:07:13 INFO  [restartedMain] o.a.coyote.http11.Http11NioProtocol - Starting ProtocolHandler ["http-nio-8080"]
2026-03-10 23:07:13 INFO  [restartedMain] o.s.b.w.e.tomcat.TomcatWebServer - Tomcat started on port 8080 (http) with context path '/'
2026-03-10 23:07:13 INFO  [restartedMain] d.b.reference.ReferenceApplication - Started ReferenceApplication in 6.821 seconds (process running for 8.116)
2026-03-10 23:07:13 INFO  [restartedMain] d.b.reference.ReferenceApplication - Started ReferenceApplication in 6.821 seconds (process running for 8.116)
2026-03-10 23:07:15 INFO  [http-nio-8080-exec-1] o.a.c.c.C.[Tomcat].[localhost].[/] - Initializing Spring DispatcherServlet 'dispatcherServlet'
2026-03-10 23:07:15 INFO  [http-nio-8080-exec-1] o.s.web.servlet.DispatcherServlet - Initializing Servlet 'dispatcherServlet'
2026-03-10 23:07:15 INFO  [http-nio-8080-exec-1] o.s.web.servlet.DispatcherServlet - Completed initialization in 1 ms
2026-03-10 23:07:15 DEBUG [http-nio-8080-exec-1] d.binz.reference.filter.CustomFilter - [CustomFilter] 요청 필터링 시작
2026-03-10 23:07:15 DEBUG [http-nio-8080-exec-1] d.binz.reference.filter.CustomFilter - [CustomFilter] 요청 필터링 시작
2026-03-10 23:07:16 DEBUG [http-nio-8080-exec-1] d.binz.reference.filter.CustomFilter - [CustomFilter] 요청 필터링 완료
2026-03-10 23:07:16 DEBUG [http-nio-8080-exec-1] d.binz.reference.filter.CustomFilter - [CustomFilter] 요청 필터링 완료
2026-03-10 23:10:59 INFO  [SpringApplicationShutdownHook] o.s.b.w.e.tomcat.GracefulShutdown - Commencing graceful shutdown. Waiting for active requests to complete
2026-03-10 23:10:59 INFO  [tomcat-shutdown] o.s.b.w.e.tomcat.GracefulShutdown - Graceful shutdown complete
2026-03-10 23:10:59 WARN  [SpringApplicationShutdownHook] o.s.b.f.s.DisposableBeanAdapter - Invocation of destroy method failed on bean with name 'inMemoryDatabaseShutdownExecutor': org.h2.jdbc.JdbcSQLNonTransientConnectionException: Database is already closed (to disable automatic closing at VM shutdown, add ";DB_CLOSE_ON_EXIT=FALSE" to the db URL) [90121-232]
2026-03-10 23:10:59 INFO  [SpringApplicationShutdownHook] com.zaxxer.hikari.HikariDataSource - HikariPool-1 - Shutdown initiated...
2026-03-10 23:10:59 INFO  [SpringApplicationShutdownHook] com.zaxxer.hikari.HikariDataSource - HikariPool-1 - Shutdown completed.
2026-03-10 23:10:59 DEBUG [SpringApplicationShutdownHook] d.binz.reference.filter.CustomFilter - CustomFilter 종료됨
2026-03-10 23:10:59 DEBUG [SpringApplicationShutdownHook] d.binz.reference.filter.CustomFilter - CustomFilter 종료됨
2026-03-10 23:10:59 DEBUG [SpringApplicationShutdownHook] d.binz.reference.filter.CustomFilter - CustomFilter 종료됨
2026-03-10 23:10:59 DEBUG [SpringApplicationShutdownHook] d.binz.reference.filter.CustomFilter - CustomFilter 종료됨
2026-03-10 23:11:09 INFO  [background-preinit] o.h.validator.internal.util.Version - HV000001: Hibernate Validator 8.0.2.Final
2026-03-10 23:11:10 INFO  [restartedMain] d.b.reference.ReferenceApplication - Starting ReferenceApplication using Java 21.0.10 with PID 22400 (C:\DEV_SRC\eclipse\Reference\target\classes started by sonzw in C:\DEV_SRC\eclipse\Reference)
2026-03-10 23:11:10 INFO  [restartedMain] d.b.reference.ReferenceApplication - Starting ReferenceApplication using Java 21.0.10 with PID 22400 (C:\DEV_SRC\eclipse\Reference\target\classes started by sonzw in C:\DEV_SRC\eclipse\Reference)
2026-03-10 23:11:10 DEBUG [restartedMain] d.b.reference.ReferenceApplication - Running with Spring Boot v3.4.3, Spring v6.2.3
2026-03-10 23:11:10 DEBUG [restartedMain] d.b.reference.ReferenceApplication - Running with Spring Boot v3.4.3, Spring v6.2.3
2026-03-10 23:11:10 INFO  [restartedMain] d.b.reference.ReferenceApplication - No active profile set, falling back to 1 default profile: "default"
2026-03-10 23:11:10 INFO  [restartedMain] d.b.reference.ReferenceApplication - No active profile set, falling back to 1 default profile: "default"
2026-03-10 23:11:10 INFO  [restartedMain] o.s.b.d.e.DevToolsPropertyDefaultsPostProcessor - Devtools property defaults active! Set 'spring.devtools.add-properties' to 'false' to disable
2026-03-10 23:11:10 INFO  [restartedMain] o.s.b.d.e.DevToolsPropertyDefaultsPostProcessor - For additional web related logging consider setting the 'logging.level.web' property to 'DEBUG'
2026-03-10 23:11:11 WARN  [restartedMain] o.m.s.mapper.ClassPathMapperScanner - No MyBatis mapper was found in '[dev.binz.reference]' package. Please check your configuration.
2026-03-10 23:11:12 INFO  [restartedMain] o.s.b.w.e.tomcat.TomcatWebServer - Tomcat initialized with port 8080 (http)
2026-03-10 23:11:12 INFO  [restartedMain] o.a.coyote.http11.Http11NioProtocol - Initializing ProtocolHandler ["http-nio-8080"]
2026-03-10 23:11:12 INFO  [restartedMain] o.a.catalina.core.StandardService - Starting service [Tomcat]
2026-03-10 23:11:12 INFO  [restartedMain] o.a.catalina.core.StandardEngine - Starting Servlet engine: [Apache Tomcat/10.1.36]
2026-03-10 23:11:12 INFO  [restartedMain] o.a.c.c.C.[Tomcat].[localhost].[/] - Initializing Spring embedded WebApplicationContext
2026-03-10 23:11:12 INFO  [restartedMain] o.s.b.w.s.c.ServletWebServerApplicationContext - Root WebApplicationContext: initialization completed in 2299 ms
2026-03-10 23:11:12 DEBUG [restartedMain] d.binz.reference.filter.CustomFilter - CustomFilter 초기화됨
2026-03-10 23:11:12 DEBUG [restartedMain] d.binz.reference.filter.CustomFilter - CustomFilter 초기화됨
2026-03-10 23:11:12 DEBUG [restartedMain] d.binz.reference.filter.CustomFilter - CustomFilter 초기화됨
2026-03-10 23:11:12 DEBUG [restartedMain] d.binz.reference.filter.CustomFilter - CustomFilter 초기화됨
2026-03-10 23:11:13 INFO  [restartedMain] com.zaxxer.hikari.HikariDataSource - HikariPool-1 - Starting...
2026-03-10 23:11:13 INFO  [restartedMain] com.zaxxer.hikari.pool.HikariPool - HikariPool-1 - Added connection conn0: url=jdbc:h2:mem:b1065c71-7fc7-45c6-8d1c-a97f2a4b2bae user=SA
2026-03-10 23:11:13 INFO  [restartedMain] com.zaxxer.hikari.HikariDataSource - HikariPool-1 - Start completed.
2026-03-10 23:11:13 INFO  [restartedMain] o.s.b.a.h.H2ConsoleAutoConfiguration - H2 console available at '/h2-console'. Database available at 'jdbc:h2:mem:b1065c71-7fc7-45c6-8d1c-a97f2a4b2bae'
2026-03-10 23:11:13 INFO  [restartedMain] o.s.b.d.a.OptionalLiveReloadServer - LiveReload server is running on port 35729
2026-03-10 23:11:13 INFO  [restartedMain] o.a.coyote.http11.Http11NioProtocol - Starting ProtocolHandler ["http-nio-8080"]
2026-03-10 23:11:13 INFO  [restartedMain] o.s.b.w.e.tomcat.TomcatWebServer - Tomcat started on port 8080 (http) with context path '/'
2026-03-10 23:11:13 INFO  [restartedMain] d.b.reference.ReferenceApplication - Started ReferenceApplication in 4.706 seconds (process running for 5.87)
2026-03-10 23:11:13 INFO  [restartedMain] d.b.reference.ReferenceApplication - Started ReferenceApplication in 4.706 seconds (process running for 5.87)
2026-03-10 23:11:16 INFO  [http-nio-8080-exec-1] o.a.c.c.C.[Tomcat].[localhost].[/] - Initializing Spring DispatcherServlet 'dispatcherServlet'
2026-03-10 23:11:16 INFO  [http-nio-8080-exec-1] o.s.web.servlet.DispatcherServlet - Initializing Servlet 'dispatcherServlet'
2026-03-10 23:11:16 INFO  [http-nio-8080-exec-1] o.s.web.servlet.DispatcherServlet - Completed initialization in 1 ms
2026-03-10 23:11:16 DEBUG [http-nio-8080-exec-1] d.binz.reference.filter.CustomFilter - [CustomFilter] 요청 필터링 시작
2026-03-10 23:11:16 DEBUG [http-nio-8080-exec-1] d.binz.reference.filter.CustomFilter - [CustomFilter] 요청 필터링 시작
2026-03-10 23:11:17 DEBUG [http-nio-8080-exec-1] d.binz.reference.filter.CustomFilter - [CustomFilter] 요청 필터링 완료
2026-03-10 23:11:17 DEBUG [http-nio-8080-exec-1] d.binz.reference.filter.CustomFilter - [CustomFilter] 요청 필터링 완료
2026-03-10 23:13:33 INFO  [SpringApplicationShutdownHook] o.s.b.w.e.tomcat.GracefulShutdown - Commencing graceful shutdown. Waiting for active requests to complete
2026-03-10 23:13:33 INFO  [tomcat-shutdown] o.s.b.w.e.tomcat.GracefulShutdown - Graceful shutdown complete
2026-03-10 23:13:33 WARN  [SpringApplicationShutdownHook] o.s.b.f.s.DisposableBeanAdapter - Invocation of destroy method failed on bean with name 'inMemoryDatabaseShutdownExecutor': org.h2.jdbc.JdbcSQLNonTransientConnectionException: Database is already closed (to disable automatic closing at VM shutdown, add ";DB_CLOSE_ON_EXIT=FALSE" to the db URL) [90121-232]
2026-03-10 23:13:33 INFO  [SpringApplicationShutdownHook] com.zaxxer.hikari.HikariDataSource - HikariPool-1 - Shutdown initiated...
2026-03-10 23:13:33 INFO  [SpringApplicationShutdownHook] com.zaxxer.hikari.HikariDataSource - HikariPool-1 - Shutdown completed.
2026-03-10 23:13:33 DEBUG [SpringApplicationShutdownHook] d.binz.reference.filter.CustomFilter - CustomFilter 종료됨
2026-03-10 23:13:33 DEBUG [SpringApplicationShutdownHook] d.binz.reference.filter.CustomFilter - CustomFilter 종료됨
2026-03-10 23:13:33 DEBUG [SpringApplicationShutdownHook] d.binz.reference.filter.CustomFilter - CustomFilter 종료됨
2026-03-10 23:13:33 DEBUG [SpringApplicationShutdownHook] d.binz.reference.filter.CustomFilter - CustomFilter 종료됨
2026-03-10 23:13:38 INFO  [background-preinit] o.h.validator.internal.util.Version - HV000001: Hibernate Validator 8.0.2.Final
2026-03-10 23:13:38 INFO  [restartedMain] d.b.reference.ReferenceApplication - Starting ReferenceApplication using Java 21.0.10 with PID 7136 (C:\DEV_SRC\eclipse\Reference\target\classes started by sonzw in C:\DEV_SRC\eclipse\Reference)
2026-03-10 23:13:38 INFO  [restartedMain] d.b.reference.ReferenceApplication - Starting ReferenceApplication using Java 21.0.10 with PID 7136 (C:\DEV_SRC\eclipse\Reference\target\classes started by sonzw in C:\DEV_SRC\eclipse\Reference)
2026-03-10 23:13:38 DEBUG [restartedMain] d.b.reference.ReferenceApplication - Running with Spring Boot v3.4.3, Spring v6.2.3
2026-03-10 23:13:38 DEBUG [restartedMain] d.b.reference.ReferenceApplication - Running with Spring Boot v3.4.3, Spring v6.2.3
2026-03-10 23:13:38 INFO  [restartedMain] d.b.reference.ReferenceApplication - No active profile set, falling back to 1 default profile: "default"
2026-03-10 23:13:38 INFO  [restartedMain] d.b.reference.ReferenceApplication - No active profile set, falling back to 1 default profile: "default"
2026-03-10 23:13:38 INFO  [restartedMain] o.s.b.d.e.DevToolsPropertyDefaultsPostProcessor - Devtools property defaults active! Set 'spring.devtools.add-properties' to 'false' to disable
2026-03-10 23:13:38 INFO  [restartedMain] o.s.b.d.e.DevToolsPropertyDefaultsPostProcessor - For additional web related logging consider setting the 'logging.level.web' property to 'DEBUG'
2026-03-10 23:13:39 WARN  [restartedMain] o.m.s.mapper.ClassPathMapperScanner - No MyBatis mapper was found in '[dev.binz.reference]' package. Please check your configuration.
2026-03-10 23:13:40 INFO  [restartedMain] o.s.b.w.e.tomcat.TomcatWebServer - Tomcat initialized with port 8080 (http)
2026-03-10 23:13:40 INFO  [restartedMain] o.a.coyote.http11.Http11NioProtocol - Initializing ProtocolHandler ["http-nio-8080"]
2026-03-10 23:13:40 INFO  [restartedMain] o.a.catalina.core.StandardService - Starting service [Tomcat]
2026-03-10 23:13:40 INFO  [restartedMain] o.a.catalina.core.StandardEngine - Starting Servlet engine: [Apache Tomcat/10.1.36]
2026-03-10 23:13:40 INFO  [restartedMain] o.a.c.c.C.[Tomcat].[localhost].[/] - Initializing Spring embedded WebApplicationContext
2026-03-10 23:13:40 INFO  [restartedMain] o.s.b.w.s.c.ServletWebServerApplicationContext - Root WebApplicationContext: initialization completed in 2253 ms
2026-03-10 23:13:40 DEBUG [restartedMain] d.binz.reference.filter.CustomFilter - CustomFilter 초기화됨
2026-03-10 23:13:40 DEBUG [restartedMain] d.binz.reference.filter.CustomFilter - CustomFilter 초기화됨
2026-03-10 23:13:40 DEBUG [restartedMain] d.binz.reference.filter.CustomFilter - CustomFilter 초기화됨
2026-03-10 23:13:40 DEBUG [restartedMain] d.binz.reference.filter.CustomFilter - CustomFilter 초기화됨
2026-03-10 23:13:41 INFO  [restartedMain] com.zaxxer.hikari.HikariDataSource - HikariPool-1 - Starting...
2026-03-10 23:13:41 INFO  [restartedMain] com.zaxxer.hikari.pool.HikariPool - HikariPool-1 - Added connection conn0: url=jdbc:h2:mem:7d9d973f-23bf-41a5-942a-5f8be6f571e5 user=SA
2026-03-10 23:13:41 INFO  [restartedMain] com.zaxxer.hikari.HikariDataSource - HikariPool-1 - Start completed.
2026-03-10 23:13:41 INFO  [restartedMain] o.s.b.a.h.H2ConsoleAutoConfiguration - H2 console available at '/h2-console'. Database available at 'jdbc:h2:mem:7d9d973f-23bf-41a5-942a-5f8be6f571e5'
2026-03-10 23:13:41 INFO  [restartedMain] o.s.b.d.a.OptionalLiveReloadServer - LiveReload server is running on port 35729
2026-03-10 23:13:41 INFO  [restartedMain] o.a.coyote.http11.Http11NioProtocol - Starting ProtocolHandler ["http-nio-8080"]
2026-03-10 23:13:42 INFO  [restartedMain] o.s.b.w.e.tomcat.TomcatWebServer - Tomcat started on port 8080 (http) with context path '/'
2026-03-10 23:13:42 INFO  [restartedMain] d.b.reference.ReferenceApplication - Started ReferenceApplication in 4.81 seconds (process running for 6.03)
2026-03-10 23:13:42 INFO  [restartedMain] d.b.reference.ReferenceApplication - Started ReferenceApplication in 4.81 seconds (process running for 6.03)
2026-03-10 23:13:44 INFO  [http-nio-8080-exec-1] o.a.c.c.C.[Tomcat].[localhost].[/] - Initializing Spring DispatcherServlet 'dispatcherServlet'
2026-03-10 23:13:44 INFO  [http-nio-8080-exec-1] o.s.web.servlet.DispatcherServlet - Initializing Servlet 'dispatcherServlet'
2026-03-10 23:13:44 INFO  [http-nio-8080-exec-1] o.s.web.servlet.DispatcherServlet - Completed initialization in 1 ms
2026-03-10 23:13:44 DEBUG [http-nio-8080-exec-1] d.binz.reference.filter.CustomFilter - [CustomFilter] 요청 필터링 시작
2026-03-10 23:13:44 DEBUG [http-nio-8080-exec-1] d.binz.reference.filter.CustomFilter - [CustomFilter] 요청 필터링 시작
2026-03-10 23:13:44 DEBUG [http-nio-8080-exec-1] d.binz.reference.filter.CustomFilter - [CustomFilter] 요청 필터링 완료
2026-03-10 23:13:44 DEBUG [http-nio-8080-exec-1] d.binz.reference.filter.CustomFilter - [CustomFilter] 요청 필터링 완료
2026-03-10 23:13:50 DEBUG [http-nio-8080-exec-2] d.binz.reference.filter.CustomFilter - [CustomFilter] 요청 필터링 시작
2026-03-10 23:13:50 DEBUG [http-nio-8080-exec-2] d.binz.reference.filter.CustomFilter - [CustomFilter] 요청 필터링 시작
2026-03-10 23:13:50 DEBUG [http-nio-8080-exec-2] d.binz.reference.filter.CustomFilter - [CustomFilter] 요청 필터링 완료
2026-03-10 23:13:50 DEBUG [http-nio-8080-exec-2] d.binz.reference.filter.CustomFilter - [CustomFilter] 요청 필터링 완료
2026-03-10 23:19:25 INFO  [SpringApplicationShutdownHook] o.s.b.w.e.tomcat.GracefulShutdown - Commencing graceful shutdown. Waiting for active requests to complete
2026-03-10 23:19:25 INFO  [tomcat-shutdown] o.s.b.w.e.tomcat.GracefulShutdown - Graceful shutdown complete
2026-03-10 23:19:25 WARN  [SpringApplicationShutdownHook] o.s.b.f.s.DisposableBeanAdapter - Invocation of destroy method failed on bean with name 'inMemoryDatabaseShutdownExecutor': org.h2.jdbc.JdbcSQLNonTransientConnectionException: Database is already closed (to disable automatic closing at VM shutdown, add ";DB_CLOSE_ON_EXIT=FALSE" to the db URL) [90121-232]
2026-03-10 23:19:25 INFO  [SpringApplicationShutdownHook] com.zaxxer.hikari.HikariDataSource - HikariPool-1 - Shutdown initiated...
2026-03-10 23:19:25 INFO  [SpringApplicationShutdownHook] com.zaxxer.hikari.HikariDataSource - HikariPool-1 - Shutdown completed.
2026-03-10 23:19:25 DEBUG [SpringApplicationShutdownHook] d.binz.reference.filter.CustomFilter - CustomFilter 종료됨
2026-03-10 23:19:25 DEBUG [SpringApplicationShutdownHook] d.binz.reference.filter.CustomFilter - CustomFilter 종료됨
2026-03-10 23:19:25 DEBUG [SpringApplicationShutdownHook] d.binz.reference.filter.CustomFilter - CustomFilter 종료됨
2026-03-10 23:19:25 DEBUG [SpringApplicationShutdownHook] d.binz.reference.filter.CustomFilter - CustomFilter 종료됨
2026-03-10 23:19:35 INFO  [background-preinit] o.h.validator.internal.util.Version - HV000001: Hibernate Validator 8.0.2.Final
2026-03-10 23:19:35 INFO  [restartedMain] d.b.reference.ReferenceApplication - Starting ReferenceApplication using Java 21.0.10 with PID 6708 (C:\DEV_SRC\eclipse\Reference\target\classes started by sonzw in C:\DEV_SRC\eclipse\Reference)
2026-03-10 23:19:35 INFO  [restartedMain] d.b.reference.ReferenceApplication - Starting ReferenceApplication using Java 21.0.10 with PID 6708 (C:\DEV_SRC\eclipse\Reference\target\classes started by sonzw in C:\DEV_SRC\eclipse\Reference)
2026-03-10 23:19:35 DEBUG [restartedMain] d.b.reference.ReferenceApplication - Running with Spring Boot v3.4.3, Spring v6.2.3
2026-03-10 23:19:35 DEBUG [restartedMain] d.b.reference.ReferenceApplication - Running with Spring Boot v3.4.3, Spring v6.2.3
2026-03-10 23:19:35 INFO  [restartedMain] d.b.reference.ReferenceApplication - No active profile set, falling back to 1 default profile: "default"
2026-03-10 23:19:35 INFO  [restartedMain] d.b.reference.ReferenceApplication - No active profile set, falling back to 1 default profile: "default"
2026-03-10 23:19:35 INFO  [restartedMain] o.s.b.d.e.DevToolsPropertyDefaultsPostProcessor - Devtools property defaults active! Set 'spring.devtools.add-properties' to 'false' to disable
2026-03-10 23:19:35 INFO  [restartedMain] o.s.b.d.e.DevToolsPropertyDefaultsPostProcessor - For additional web related logging consider setting the 'logging.level.web' property to 'DEBUG'
2026-03-10 23:19:37 WARN  [restartedMain] o.m.s.mapper.ClassPathMapperScanner - No MyBatis mapper was found in '[dev.binz.reference]' package. Please check your configuration.
2026-03-10 23:19:38 INFO  [restartedMain] o.s.b.w.e.tomcat.TomcatWebServer - Tomcat initialized with port 8080 (http)
2026-03-10 23:19:38 INFO  [restartedMain] o.a.coyote.http11.Http11NioProtocol - Initializing ProtocolHandler ["http-nio-8080"]
2026-03-10 23:19:38 INFO  [restartedMain] o.a.catalina.core.StandardService - Starting service [Tomcat]
2026-03-10 23:19:38 INFO  [restartedMain] o.a.catalina.core.StandardEngine - Starting Servlet engine: [Apache Tomcat/10.1.36]
2026-03-10 23:19:38 INFO  [restartedMain] o.a.c.c.C.[Tomcat].[localhost].[/] - Initializing Spring embedded WebApplicationContext
2026-03-10 23:19:38 INFO  [restartedMain] o.s.b.w.s.c.ServletWebServerApplicationContext - Root WebApplicationContext: initialization completed in 3089 ms
2026-03-10 23:19:38 DEBUG [restartedMain] d.binz.reference.filter.CustomFilter - CustomFilter 초기화됨
2026-03-10 23:19:38 DEBUG [restartedMain] d.binz.reference.filter.CustomFilter - CustomFilter 초기화됨
2026-03-10 23:19:38 DEBUG [restartedMain] d.binz.reference.filter.CustomFilter - CustomFilter 초기화됨
2026-03-10 23:19:38 DEBUG [restartedMain] d.binz.reference.filter.CustomFilter - CustomFilter 초기화됨
2026-03-10 23:19:39 INFO  [restartedMain] com.zaxxer.hikari.HikariDataSource - HikariPool-1 - Starting...
2026-03-10 23:19:40 INFO  [restartedMain] com.zaxxer.hikari.pool.HikariPool - HikariPool-1 - Added connection conn0: url=jdbc:h2:mem:5ef19704-818d-480c-b44d-731c9c6e2b8f user=SA
2026-03-10 23:19:40 INFO  [restartedMain] com.zaxxer.hikari.HikariDataSource - HikariPool-1 - Start completed.
2026-03-10 23:19:40 INFO  [restartedMain] o.s.b.a.h.H2ConsoleAutoConfiguration - H2 console available at '/h2-console'. Database available at 'jdbc:h2:mem:5ef19704-818d-480c-b44d-731c9c6e2b8f'
2026-03-10 23:19:40 INFO  [restartedMain] o.s.b.d.a.OptionalLiveReloadServer - LiveReload server is running on port 35729
2026-03-10 23:19:40 INFO  [restartedMain] o.a.coyote.http11.Http11NioProtocol - Starting ProtocolHandler ["http-nio-8080"]
2026-03-10 23:19:40 INFO  [restartedMain] o.s.b.w.e.tomcat.TomcatWebServer - Tomcat started on port 8080 (http) with context path '/'
2026-03-10 23:19:40 INFO  [restartedMain] d.b.reference.ReferenceApplication - Started ReferenceApplication in 6.623 seconds (process running for 8.181)
2026-03-10 23:19:40 INFO  [restartedMain] d.b.reference.ReferenceApplication - Started ReferenceApplication in 6.623 seconds (process running for 8.181)
2026-03-10 23:19:58 INFO  [http-nio-8080-exec-1] o.a.c.c.C.[Tomcat].[localhost].[/] - Initializing Spring DispatcherServlet 'dispatcherServlet'
2026-03-10 23:19:58 INFO  [http-nio-8080-exec-1] o.s.web.servlet.DispatcherServlet - Initializing Servlet 'dispatcherServlet'
2026-03-10 23:19:58 INFO  [http-nio-8080-exec-1] o.s.web.servlet.DispatcherServlet - Completed initialization in 1 ms
2026-03-10 23:19:58 DEBUG [http-nio-8080-exec-1] d.binz.reference.filter.CustomFilter - [CustomFilter] 요청 필터링 시작
2026-03-10 23:19:58 DEBUG [http-nio-8080-exec-1] d.binz.reference.filter.CustomFilter - [CustomFilter] 요청 필터링 시작
2026-03-10 23:19:59 DEBUG [http-nio-8080-exec-1] d.binz.reference.filter.CustomFilter - [CustomFilter] 요청 필터링 완료
2026-03-10 23:19:59 DEBUG [http-nio-8080-exec-1] d.binz.reference.filter.CustomFilter - [CustomFilter] 요청 필터링 완료
2026-03-10 23:20:03 DEBUG [http-nio-8080-exec-2] d.binz.reference.filter.CustomFilter - [CustomFilter] 요청 필터링 시작
2026-03-10 23:20:03 DEBUG [http-nio-8080-exec-2] d.binz.reference.filter.CustomFilter - [CustomFilter] 요청 필터링 시작
2026-03-10 23:20:04 DEBUG [http-nio-8080-exec-2] d.binz.reference.filter.CustomFilter - [CustomFilter] 요청 필터링 완료
2026-03-10 23:20:04 DEBUG [http-nio-8080-exec-2] d.binz.reference.filter.CustomFilter - [CustomFilter] 요청 필터링 완료
2026-03-10 23:20:07 DEBUG [http-nio-8080-exec-3] d.binz.reference.filter.CustomFilter - [CustomFilter] 요청 필터링 시작
2026-03-10 23:20:07 DEBUG [http-nio-8080-exec-3] d.binz.reference.filter.CustomFilter - [CustomFilter] 요청 필터링 시작
2026-03-10 23:20:07 DEBUG [http-nio-8080-exec-3] d.binz.reference.filter.CustomFilter - [CustomFilter] 요청 필터링 완료
2026-03-10 23:20:07 DEBUG [http-nio-8080-exec-3] d.binz.reference.filter.CustomFilter - [CustomFilter] 요청 필터링 완료
2026-03-10 23:20:09 DEBUG [http-nio-8080-exec-4] d.binz.reference.filter.CustomFilter - [CustomFilter] 요청 필터링 시작
2026-03-10 23:20:09 DEBUG [http-nio-8080-exec-4] d.binz.reference.filter.CustomFilter - [CustomFilter] 요청 필터링 시작
2026-03-10 23:20:09 DEBUG [http-nio-8080-exec-4] d.binz.reference.filter.CustomFilter - [CustomFilter] 요청 필터링 완료
2026-03-10 23:20:09 DEBUG [http-nio-8080-exec-4] d.binz.reference.filter.CustomFilter - [CustomFilter] 요청 필터링 완료
2026-03-10 23:20:10 DEBUG [http-nio-8080-exec-5] d.binz.reference.filter.CustomFilter - [CustomFilter] 요청 필터링 시작
2026-03-10 23:20:10 DEBUG [http-nio-8080-exec-5] d.binz.reference.filter.CustomFilter - [CustomFilter] 요청 필터링 시작
2026-03-10 23:20:10 DEBUG [http-nio-8080-exec-5] d.binz.reference.filter.CustomFilter - [CustomFilter] 요청 필터링 완료
2026-03-10 23:20:10 DEBUG [http-nio-8080-exec-5] d.binz.reference.filter.CustomFilter - [CustomFilter] 요청 필터링 완료
2026-03-10 23:20:11 DEBUG [http-nio-8080-exec-6] d.binz.reference.filter.CustomFilter - [CustomFilter] 요청 필터링 시작
2026-03-10 23:20:11 DEBUG [http-nio-8080-exec-6] d.binz.reference.filter.CustomFilter - [CustomFilter] 요청 필터링 시작
2026-03-10 23:20:11 DEBUG [http-nio-8080-exec-6] d.binz.reference.filter.CustomFilter - [CustomFilter] 요청 필터링 완료
2026-03-10 23:20:11 DEBUG [http-nio-8080-exec-6] d.binz.reference.filter.CustomFilter - [CustomFilter] 요청 필터링 완료
2026-03-10 23:37:14 INFO  [SpringApplicationShutdownHook] o.s.b.w.e.tomcat.GracefulShutdown - Commencing graceful shutdown. Waiting for active requests to complete
2026-03-10 23:37:14 INFO  [tomcat-shutdown] o.s.b.w.e.tomcat.GracefulShutdown - Graceful shutdown complete
2026-03-10 23:37:14 WARN  [SpringApplicationShutdownHook] o.s.b.f.s.DisposableBeanAdapter - Invocation of destroy method failed on bean with name 'inMemoryDatabaseShutdownExecutor': org.h2.jdbc.JdbcSQLNonTransientConnectionException: Database is already closed (to disable automatic closing at VM shutdown, add ";DB_CLOSE_ON_EXIT=FALSE" to the db URL) [90121-232]
2026-03-10 23:37:14 INFO  [SpringApplicationShutdownHook] com.zaxxer.hikari.HikariDataSource - HikariPool-1 - Shutdown initiated...
2026-03-10 23:37:14 INFO  [SpringApplicationShutdownHook] com.zaxxer.hikari.HikariDataSource - HikariPool-1 - Shutdown completed.
2026-03-10 23:37:14 DEBUG [SpringApplicationShutdownHook] d.binz.reference.filter.CustomFilter - CustomFilter 종료됨
2026-03-10 23:37:14 DEBUG [SpringApplicationShutdownHook] d.binz.reference.filter.CustomFilter - CustomFilter 종료됨
2026-03-10 23:37:14 DEBUG [SpringApplicationShutdownHook] d.binz.reference.filter.CustomFilter - CustomFilter 종료됨
2026-03-10 23:37:14 DEBUG [SpringApplicationShutdownHook] d.binz.reference.filter.CustomFilter - CustomFilter 종료됨
2026-03-10 23:37:23 INFO  [background-preinit] o.h.validator.internal.util.Version - HV000001: Hibernate Validator 8.0.2.Final
2026-03-10 23:37:23 INFO  [restartedMain] d.b.reference.ReferenceApplication - Starting ReferenceApplication using Java 21.0.10 with PID 5472 (C:\DEV_SRC\eclipse\Reference\target\classes started by sonzw in C:\DEV_SRC\eclipse\Reference)
2026-03-10 23:37:23 INFO  [restartedMain] d.b.reference.ReferenceApplication - Starting ReferenceApplication using Java 21.0.10 with PID 5472 (C:\DEV_SRC\eclipse\Reference\target\classes started by sonzw in C:\DEV_SRC\eclipse\Reference)
2026-03-10 23:37:23 DEBUG [restartedMain] d.b.reference.ReferenceApplication - Running with Spring Boot v3.4.3, Spring v6.2.3
2026-03-10 23:37:23 DEBUG [restartedMain] d.b.reference.ReferenceApplication - Running with Spring Boot v3.4.3, Spring v6.2.3
2026-03-10 23:37:23 INFO  [restartedMain] d.b.reference.ReferenceApplication - No active profile set, falling back to 1 default profile: "default"
2026-03-10 23:37:23 INFO  [restartedMain] d.b.reference.ReferenceApplication - No active profile set, falling back to 1 default profile: "default"
2026-03-10 23:37:23 INFO  [restartedMain] o.s.b.d.e.DevToolsPropertyDefaultsPostProcessor - Devtools property defaults active! Set 'spring.devtools.add-properties' to 'false' to disable
2026-03-10 23:37:23 INFO  [restartedMain] o.s.b.d.e.DevToolsPropertyDefaultsPostProcessor - For additional web related logging consider setting the 'logging.level.web' property to 'DEBUG'
2026-03-10 23:37:25 WARN  [restartedMain] o.m.s.mapper.ClassPathMapperScanner - No MyBatis mapper was found in '[dev.binz.reference]' package. Please check your configuration.
2026-03-10 23:37:27 INFO  [restartedMain] o.s.b.w.e.tomcat.TomcatWebServer - Tomcat initialized with port 8080 (http)
2026-03-10 23:37:27 INFO  [restartedMain] o.a.coyote.http11.Http11NioProtocol - Initializing ProtocolHandler ["http-nio-8080"]
2026-03-10 23:37:27 INFO  [restartedMain] o.a.catalina.core.StandardService - Starting service [Tomcat]
2026-03-10 23:37:27 INFO  [restartedMain] o.a.catalina.core.StandardEngine - Starting Servlet engine: [Apache Tomcat/10.1.36]
2026-03-10 23:37:27 INFO  [restartedMain] o.a.c.c.C.[Tomcat].[localhost].[/] - Initializing Spring embedded WebApplicationContext
2026-03-10 23:37:27 INFO  [restartedMain] o.s.b.w.s.c.ServletWebServerApplicationContext - Root WebApplicationContext: initialization completed in 3496 ms
2026-03-10 23:37:27 DEBUG [restartedMain] d.binz.reference.filter.CustomFilter - CustomFilter 초기화됨
2026-03-10 23:37:27 DEBUG [restartedMain] d.binz.reference.filter.CustomFilter - CustomFilter 초기화됨
2026-03-10 23:37:27 DEBUG [restartedMain] d.binz.reference.filter.CustomFilter - CustomFilter 초기화됨
2026-03-10 23:37:27 DEBUG [restartedMain] d.binz.reference.filter.CustomFilter - CustomFilter 초기화됨
2026-03-10 23:37:28 INFO  [restartedMain] com.zaxxer.hikari.HikariDataSource - HikariPool-1 - Starting...
2026-03-10 23:37:29 INFO  [restartedMain] com.zaxxer.hikari.pool.HikariPool - HikariPool-1 - Added connection conn0: url=jdbc:h2:mem:462ac0b6-c2a4-40f8-b5e4-ae8e6b00cf17 user=SA
2026-03-10 23:37:29 INFO  [restartedMain] com.zaxxer.hikari.HikariDataSource - HikariPool-1 - Start completed.
2026-03-10 23:37:29 INFO  [restartedMain] o.s.b.a.h.H2ConsoleAutoConfiguration - H2 console available at '/h2-console'. Database available at 'jdbc:h2:mem:462ac0b6-c2a4-40f8-b5e4-ae8e6b00cf17'
2026-03-10 23:37:29 INFO  [restartedMain] o.s.b.d.a.OptionalLiveReloadServer - LiveReload server is running on port 35729
2026-03-10 23:37:29 INFO  [restartedMain] o.a.coyote.http11.Http11NioProtocol - Starting ProtocolHandler ["http-nio-8080"]
2026-03-10 23:37:29 INFO  [restartedMain] o.s.b.w.e.tomcat.TomcatWebServer - Tomcat started on port 8080 (http) with context path '/'
2026-03-10 23:37:29 INFO  [restartedMain] d.b.reference.ReferenceApplication - Started ReferenceApplication in 6.91 seconds (process running for 8.094)
2026-03-10 23:37:29 INFO  [restartedMain] d.b.reference.ReferenceApplication - Started ReferenceApplication in 6.91 seconds (process running for 8.094)
2026-03-10 23:37:35 INFO  [http-nio-8080-exec-1] o.a.c.c.C.[Tomcat].[localhost].[/] - Initializing Spring DispatcherServlet 'dispatcherServlet'
2026-03-10 23:37:35 INFO  [http-nio-8080-exec-1] o.s.web.servlet.DispatcherServlet - Initializing Servlet 'dispatcherServlet'
2026-03-10 23:37:35 INFO  [http-nio-8080-exec-1] o.s.web.servlet.DispatcherServlet - Completed initialization in 2 ms
2026-03-10 23:37:35 DEBUG [http-nio-8080-exec-1] d.binz.reference.filter.CustomFilter - [CustomFilter] 요청 필터링 시작
2026-03-10 23:37:35 DEBUG [http-nio-8080-exec-1] d.binz.reference.filter.CustomFilter - [CustomFilter] 요청 필터링 시작
2026-03-10 23:37:35 DEBUG [http-nio-8080-exec-1] d.binz.reference.filter.CustomFilter - [CustomFilter] 요청 필터링 완료
2026-03-10 23:37:35 DEBUG [http-nio-8080-exec-1] d.binz.reference.filter.CustomFilter - [CustomFilter] 요청 필터링 완료
2026-03-10 23:37:37 DEBUG [http-nio-8080-exec-2] d.binz.reference.filter.CustomFilter - [CustomFilter] 요청 필터링 시작
2026-03-10 23:37:37 DEBUG [http-nio-8080-exec-2] d.binz.reference.filter.CustomFilter - [CustomFilter] 요청 필터링 시작
2026-03-10 23:37:38 DEBUG [http-nio-8080-exec-2] d.binz.reference.filter.CustomFilter - [CustomFilter] 요청 필터링 완료
2026-03-10 23:37:38 DEBUG [http-nio-8080-exec-2] d.binz.reference.filter.CustomFilter - [CustomFilter] 요청 필터링 완료
2026-03-10 23:37:45 DEBUG [http-nio-8080-exec-3] d.binz.reference.filter.CustomFilter - [CustomFilter] 요청 필터링 시작
2026-03-10 23:37:45 DEBUG [http-nio-8080-exec-3] d.binz.reference.filter.CustomFilter - [CustomFilter] 요청 필터링 시작
2026-03-10 23:37:45 DEBUG [http-nio-8080-exec-3] d.binz.reference.filter.CustomFilter - [CustomFilter] 요청 필터링 완료
2026-03-10 23:37:45 DEBUG [http-nio-8080-exec-3] d.binz.reference.filter.CustomFilter - [CustomFilter] 요청 필터링 완료
2026-03-10 23:39:21 INFO  [SpringApplicationShutdownHook] o.s.b.w.e.tomcat.GracefulShutdown - Commencing graceful shutdown. Waiting for active requests to complete
2026-03-10 23:39:21 INFO  [tomcat-shutdown] o.s.b.w.e.tomcat.GracefulShutdown - Graceful shutdown complete
2026-03-10 23:39:21 WARN  [SpringApplicationShutdownHook] o.s.b.f.s.DisposableBeanAdapter - Invocation of destroy method failed on bean with name 'inMemoryDatabaseShutdownExecutor': org.h2.jdbc.JdbcSQLNonTransientConnectionException: Database is already closed (to disable automatic closing at VM shutdown, add ";DB_CLOSE_ON_EXIT=FALSE" to the db URL) [90121-232]
2026-03-10 23:39:21 INFO  [SpringApplicationShutdownHook] com.zaxxer.hikari.HikariDataSource - HikariPool-1 - Shutdown initiated...
2026-03-10 23:39:21 INFO  [SpringApplicationShutdownHook] com.zaxxer.hikari.HikariDataSource - HikariPool-1 - Shutdown completed.
2026-03-10 23:39:21 DEBUG [SpringApplicationShutdownHook] d.binz.reference.filter.CustomFilter - CustomFilter 종료됨
2026-03-10 23:39:21 DEBUG [SpringApplicationShutdownHook] d.binz.reference.filter.CustomFilter - CustomFilter 종료됨
2026-03-10 23:39:21 DEBUG [SpringApplicationShutdownHook] d.binz.reference.filter.CustomFilter - CustomFilter 종료됨
2026-03-10 23:39:21 DEBUG [SpringApplicationShutdownHook] d.binz.reference.filter.CustomFilter - CustomFilter 종료됨
2026-03-11 11:48:39 INFO  [background-preinit] o.h.validator.internal.util.Version - HV000001: Hibernate Validator 8.0.2.Final
2026-03-11 11:48:39 INFO  [restartedMain] d.b.reference.ReferenceApplication - Starting ReferenceApplication using Java 21.0.10 with PID 9460 (C:\DEV_SRC\eclipse\Reference\target\classes started by sonzw in C:\DEV_SRC\eclipse\Reference)
2026-03-11 11:48:39 INFO  [restartedMain] d.b.reference.ReferenceApplication - Starting ReferenceApplication using Java 21.0.10 with PID 9460 (C:\DEV_SRC\eclipse\Reference\target\classes started by sonzw in C:\DEV_SRC\eclipse\Reference)
2026-03-11 11:48:39 DEBUG [restartedMain] d.b.reference.ReferenceApplication - Running with Spring Boot v3.4.3, Spring v6.2.3
2026-03-11 11:48:39 DEBUG [restartedMain] d.b.reference.ReferenceApplication - Running with Spring Boot v3.4.3, Spring v6.2.3
2026-03-11 11:48:39 INFO  [restartedMain] d.b.reference.ReferenceApplication - No active profile set, falling back to 1 default profile: "default"
2026-03-11 11:48:39 INFO  [restartedMain] d.b.reference.ReferenceApplication - No active profile set, falling back to 1 default profile: "default"
2026-03-11 11:48:39 INFO  [restartedMain] o.s.b.d.e.DevToolsPropertyDefaultsPostProcessor - Devtools property defaults active! Set 'spring.devtools.add-properties' to 'false' to disable
2026-03-11 11:48:39 INFO  [restartedMain] o.s.b.d.e.DevToolsPropertyDefaultsPostProcessor - For additional web related logging consider setting the 'logging.level.web' property to 'DEBUG'
2026-03-11 11:48:42 WARN  [restartedMain] o.m.s.mapper.ClassPathMapperScanner - No MyBatis mapper was found in '[dev.binz.reference]' package. Please check your configuration.
2026-03-11 11:48:43 INFO  [restartedMain] o.s.b.w.e.tomcat.TomcatWebServer - Tomcat initialized with port 8080 (http)
2026-03-11 11:48:43 INFO  [restartedMain] o.a.coyote.http11.Http11NioProtocol - Initializing ProtocolHandler ["http-nio-8080"]
2026-03-11 11:48:43 INFO  [restartedMain] o.a.catalina.core.StandardService - Starting service [Tomcat]
2026-03-11 11:48:43 INFO  [restartedMain] o.a.catalina.core.StandardEngine - Starting Servlet engine: [Apache Tomcat/10.1.36]
2026-03-11 11:48:43 INFO  [restartedMain] o.a.c.c.C.[Tomcat].[localhost].[/] - Initializing Spring embedded WebApplicationContext
2026-03-11 11:48:43 INFO  [restartedMain] o.s.b.w.s.c.ServletWebServerApplicationContext - Root WebApplicationContext: initialization completed in 3757 ms
2026-03-11 11:48:43 DEBUG [restartedMain] d.binz.reference.filter.CustomFilter - CustomFilter 초기화됨
2026-03-11 11:48:43 DEBUG [restartedMain] d.binz.reference.filter.CustomFilter - CustomFilter 초기화됨
2026-03-11 11:48:43 DEBUG [restartedMain] d.binz.reference.filter.CustomFilter - CustomFilter 초기화됨
2026-03-11 11:48:43 DEBUG [restartedMain] d.binz.reference.filter.CustomFilter - CustomFilter 초기화됨
2026-03-11 11:48:44 INFO  [restartedMain] com.zaxxer.hikari.HikariDataSource - HikariPool-1 - Starting...
2026-03-11 11:48:45 INFO  [restartedMain] com.zaxxer.hikari.pool.HikariPool - HikariPool-1 - Added connection conn0: url=jdbc:h2:mem:edf08609-6775-40c9-8d66-d3eb4502d2b2 user=SA
2026-03-11 11:48:45 INFO  [restartedMain] com.zaxxer.hikari.HikariDataSource - HikariPool-1 - Start completed.
2026-03-11 11:48:45 INFO  [restartedMain] o.s.b.a.h.H2ConsoleAutoConfiguration - H2 console available at '/h2-console'. Database available at 'jdbc:h2:mem:edf08609-6775-40c9-8d66-d3eb4502d2b2'
2026-03-11 11:48:45 INFO  [restartedMain] o.s.b.d.a.OptionalLiveReloadServer - LiveReload server is running on port 35729
2026-03-11 11:48:45 INFO  [restartedMain] o.a.coyote.http11.Http11NioProtocol - Starting ProtocolHandler ["http-nio-8080"]
2026-03-11 11:48:45 INFO  [restartedMain] o.s.b.w.e.tomcat.TomcatWebServer - Tomcat started on port 8080 (http) with context path '/'
2026-03-11 11:48:45 INFO  [restartedMain] d.b.reference.ReferenceApplication - Started ReferenceApplication in 7.567 seconds (process running for 10.451)
2026-03-11 11:48:45 INFO  [restartedMain] d.b.reference.ReferenceApplication - Started ReferenceApplication in 7.567 seconds (process running for 10.451)
2026-03-11 13:11:55 INFO  [http-nio-8080-exec-1] o.a.c.c.C.[Tomcat].[localhost].[/] - Initializing Spring DispatcherServlet 'dispatcherServlet'
2026-03-11 13:11:55 INFO  [http-nio-8080-exec-1] o.s.web.servlet.DispatcherServlet - Initializing Servlet 'dispatcherServlet'
2026-03-11 13:11:55 INFO  [http-nio-8080-exec-1] o.s.web.servlet.DispatcherServlet - Completed initialization in 4 ms
2026-03-11 13:11:55 DEBUG [http-nio-8080-exec-1] d.binz.reference.filter.CustomFilter - [CustomFilter] 요청 필터링 시작
2026-03-11 13:11:55 DEBUG [http-nio-8080-exec-1] d.binz.reference.filter.CustomFilter - [CustomFilter] 요청 필터링 시작
2026-03-11 13:11:55 DEBUG [http-nio-8080-exec-1] d.binz.reference.filter.CustomFilter - [CustomFilter] 요청 필터링 완료
2026-03-11 13:11:55 DEBUG [http-nio-8080-exec-1] d.binz.reference.filter.CustomFilter - [CustomFilter] 요청 필터링 완료
2026-03-11 13:11:56 DEBUG [http-nio-8080-exec-2] d.binz.reference.filter.CustomFilter - [CustomFilter] 요청 필터링 시작
2026-03-11 13:11:56 DEBUG [http-nio-8080-exec-2] d.binz.reference.filter.CustomFilter - [CustomFilter] 요청 필터링 시작
2026-03-11 13:11:56 DEBUG [http-nio-8080-exec-2] d.binz.reference.filter.CustomFilter - [CustomFilter] 요청 필터링 완료
2026-03-11 13:11:56 DEBUG [http-nio-8080-exec-2] d.binz.reference.filter.CustomFilter - [CustomFilter] 요청 필터링 완료
2026-03-11 13:12:02 DEBUG [http-nio-8080-exec-3] d.binz.reference.filter.CustomFilter - [CustomFilter] 요청 필터링 시작
2026-03-11 13:12:02 DEBUG [http-nio-8080-exec-3] d.binz.reference.filter.CustomFilter - [CustomFilter] 요청 필터링 시작
2026-03-11 13:12:02 DEBUG [http-nio-8080-exec-3] d.binz.reference.filter.CustomFilter - [CustomFilter] 요청 필터링 완료
2026-03-11 13:12:02 DEBUG [http-nio-8080-exec-3] d.binz.reference.filter.CustomFilter - [CustomFilter] 요청 필터링 완료
2026-03-11 13:12:04 DEBUG [http-nio-8080-exec-4] d.binz.reference.filter.CustomFilter - [CustomFilter] 요청 필터링 시작
2026-03-11 13:12:04 DEBUG [http-nio-8080-exec-4] d.binz.reference.filter.CustomFilter - [CustomFilter] 요청 필터링 시작
2026-03-11 13:12:04 DEBUG [http-nio-8080-exec-4] d.binz.reference.filter.CustomFilter - [CustomFilter] 요청 필터링 완료
2026-03-11 13:12:04 DEBUG [http-nio-8080-exec-4] d.binz.reference.filter.CustomFilter - [CustomFilter] 요청 필터링 완료
2026-03-11 13:12:06 DEBUG [http-nio-8080-exec-5] d.binz.reference.filter.CustomFilter - [CustomFilter] 요청 필터링 시작
2026-03-11 13:12:06 DEBUG [http-nio-8080-exec-5] d.binz.reference.filter.CustomFilter - [CustomFilter] 요청 필터링 시작
2026-03-11 13:12:06 DEBUG [http-nio-8080-exec-5] d.binz.reference.filter.CustomFilter - [CustomFilter] 요청 필터링 완료
2026-03-11 13:12:06 DEBUG [http-nio-8080-exec-5] d.binz.reference.filter.CustomFilter - [CustomFilter] 요청 필터링 완료
2026-03-11 13:12:09 DEBUG [http-nio-8080-exec-6] d.binz.reference.filter.CustomFilter - [CustomFilter] 요청 필터링 시작
2026-03-11 13:12:09 DEBUG [http-nio-8080-exec-6] d.binz.reference.filter.CustomFilter - [CustomFilter] 요청 필터링 시작
2026-03-11 13:12:09 DEBUG [http-nio-8080-exec-6] d.binz.reference.filter.CustomFilter - [CustomFilter] 요청 필터링 완료
2026-03-11 13:12:09 DEBUG [http-nio-8080-exec-6] d.binz.reference.filter.CustomFilter - [CustomFilter] 요청 필터링 완료
2026-03-11 13:12:10 DEBUG [http-nio-8080-exec-7] d.binz.reference.filter.CustomFilter - [CustomFilter] 요청 필터링 시작
2026-03-11 13:12:10 DEBUG [http-nio-8080-exec-7] d.binz.reference.filter.CustomFilter - [CustomFilter] 요청 필터링 시작
2026-03-11 13:12:10 DEBUG [http-nio-8080-exec-7] d.binz.reference.filter.CustomFilter - [CustomFilter] 요청 필터링 완료
2026-03-11 13:12:10 DEBUG [http-nio-8080-exec-7] d.binz.reference.filter.CustomFilter - [CustomFilter] 요청 필터링 완료
2026-03-11 13:13:10 INFO  [SpringApplicationShutdownHook] o.s.b.w.e.tomcat.GracefulShutdown - Commencing graceful shutdown. Waiting for active requests to complete
2026-03-11 13:13:10 INFO  [tomcat-shutdown] o.s.b.w.e.tomcat.GracefulShutdown - Graceful shutdown complete
2026-03-11 13:13:10 WARN  [SpringApplicationShutdownHook] o.s.b.f.s.DisposableBeanAdapter - Invocation of destroy method failed on bean with name 'inMemoryDatabaseShutdownExecutor': org.h2.jdbc.JdbcSQLNonTransientConnectionException: Database is already closed (to disable automatic closing at VM shutdown, add ";DB_CLOSE_ON_EXIT=FALSE" to the db URL) [90121-232]
2026-03-11 13:13:10 INFO  [SpringApplicationShutdownHook] com.zaxxer.hikari.HikariDataSource - HikariPool-1 - Shutdown initiated...
2026-03-11 13:13:10 INFO  [SpringApplicationShutdownHook] com.zaxxer.hikari.HikariDataSource - HikariPool-1 - Shutdown completed.
2026-03-11 13:13:10 DEBUG [SpringApplicationShutdownHook] d.binz.reference.filter.CustomFilter - CustomFilter 종료됨
2026-03-11 13:13:10 DEBUG [SpringApplicationShutdownHook] d.binz.reference.filter.CustomFilter - CustomFilter 종료됨
2026-03-11 13:13:10 DEBUG [SpringApplicationShutdownHook] d.binz.reference.filter.CustomFilter - CustomFilter 종료됨
2026-03-11 13:13:10 DEBUG [SpringApplicationShutdownHook] d.binz.reference.filter.CustomFilter - CustomFilter 종료됨
2026-03-11 13:13:22 INFO  [background-preinit] o.h.validator.internal.util.Version - HV000001: Hibernate Validator 8.0.2.Final
2026-03-11 13:13:22 INFO  [restartedMain] d.b.reference.ReferenceApplication - Starting ReferenceApplication using Java 21.0.10 with PID 6936 (C:\DEV_SRC\eclipse\Reference\target\classes started by sonzw in C:\DEV_SRC\eclipse\Reference)
2026-03-11 13:13:22 INFO  [restartedMain] d.b.reference.ReferenceApplication - Starting ReferenceApplication using Java 21.0.10 with PID 6936 (C:\DEV_SRC\eclipse\Reference\target\classes started by sonzw in C:\DEV_SRC\eclipse\Reference)
2026-03-11 13:13:22 DEBUG [restartedMain] d.b.reference.ReferenceApplication - Running with Spring Boot v3.4.3, Spring v6.2.3
2026-03-11 13:13:22 DEBUG [restartedMain] d.b.reference.ReferenceApplication - Running with Spring Boot v3.4.3, Spring v6.2.3
2026-03-11 13:13:22 INFO  [restartedMain] d.b.reference.ReferenceApplication - No active profile set, falling back to 1 default profile: "default"
2026-03-11 13:13:22 INFO  [restartedMain] d.b.reference.ReferenceApplication - No active profile set, falling back to 1 default profile: "default"
2026-03-11 13:13:22 INFO  [restartedMain] o.s.b.d.e.DevToolsPropertyDefaultsPostProcessor - Devtools property defaults active! Set 'spring.devtools.add-properties' to 'false' to disable
2026-03-11 13:13:22 INFO  [restartedMain] o.s.b.d.e.DevToolsPropertyDefaultsPostProcessor - For additional web related logging consider setting the 'logging.level.web' property to 'DEBUG'
2026-03-11 13:13:26 WARN  [restartedMain] o.m.s.mapper.ClassPathMapperScanner - No MyBatis mapper was found in '[dev.binz.reference]' package. Please check your configuration.
2026-03-11 13:13:27 INFO  [restartedMain] o.s.b.w.e.tomcat.TomcatWebServer - Tomcat initialized with port 8080 (http)
2026-03-11 13:13:27 INFO  [restartedMain] o.a.coyote.http11.Http11NioProtocol - Initializing ProtocolHandler ["http-nio-8080"]
2026-03-11 13:13:27 INFO  [restartedMain] o.a.catalina.core.StandardService - Starting service [Tomcat]
2026-03-11 13:13:27 INFO  [restartedMain] o.a.catalina.core.StandardEngine - Starting Servlet engine: [Apache Tomcat/10.1.36]
2026-03-11 13:13:27 INFO  [restartedMain] o.a.c.c.C.[Tomcat].[localhost].[/] - Initializing Spring embedded WebApplicationContext
2026-03-11 13:13:27 INFO  [restartedMain] o.s.b.w.s.c.ServletWebServerApplicationContext - Root WebApplicationContext: initialization completed in 4990 ms
2026-03-11 13:13:28 DEBUG [restartedMain] d.binz.reference.filter.CustomFilter - CustomFilter 초기화됨
2026-03-11 13:13:28 DEBUG [restartedMain] d.binz.reference.filter.CustomFilter - CustomFilter 초기화됨
2026-03-11 13:13:28 DEBUG [restartedMain] d.binz.reference.filter.CustomFilter - CustomFilter 초기화됨
2026-03-11 13:13:28 DEBUG [restartedMain] d.binz.reference.filter.CustomFilter - CustomFilter 초기화됨
2026-03-11 13:13:30 INFO  [restartedMain] com.zaxxer.hikari.HikariDataSource - HikariPool-1 - Starting...
2026-03-11 13:13:31 INFO  [restartedMain] com.zaxxer.hikari.pool.HikariPool - HikariPool-1 - Added connection conn0: url=jdbc:h2:mem:5fb7cbe8-04df-4239-b386-d3d87cc6c7cc user=SA
2026-03-11 13:13:31 INFO  [restartedMain] com.zaxxer.hikari.HikariDataSource - HikariPool-1 - Start completed.
2026-03-11 13:13:31 INFO  [restartedMain] o.s.b.a.h.H2ConsoleAutoConfiguration - H2 console available at '/h2-console'. Database available at 'jdbc:h2:mem:5fb7cbe8-04df-4239-b386-d3d87cc6c7cc'
2026-03-11 13:13:31 INFO  [restartedMain] o.s.b.d.a.OptionalLiveReloadServer - LiveReload server is running on port 35729
2026-03-11 13:13:31 INFO  [restartedMain] o.a.coyote.http11.Http11NioProtocol - Starting ProtocolHandler ["http-nio-8080"]
2026-03-11 13:13:31 INFO  [restartedMain] o.s.b.w.e.tomcat.TomcatWebServer - Tomcat started on port 8080 (http) with context path '/'
2026-03-11 13:13:31 INFO  [restartedMain] d.b.reference.ReferenceApplication - Started ReferenceApplication in 11.032 seconds (process running for 15.578)
2026-03-11 13:13:31 INFO  [restartedMain] d.b.reference.ReferenceApplication - Started ReferenceApplication in 11.032 seconds (process running for 15.578)
2026-03-11 13:13:32 INFO  [http-nio-8080-exec-1] o.a.c.c.C.[Tomcat].[localhost].[/] - Initializing Spring DispatcherServlet 'dispatcherServlet'
2026-03-11 13:13:32 INFO  [http-nio-8080-exec-1] o.s.web.servlet.DispatcherServlet - Initializing Servlet 'dispatcherServlet'
2026-03-11 13:13:32 INFO  [http-nio-8080-exec-1] o.s.web.servlet.DispatcherServlet - Completed initialization in 4 ms
2026-03-11 13:13:32 DEBUG [http-nio-8080-exec-1] d.binz.reference.filter.CustomFilter - [CustomFilter] 요청 필터링 시작
2026-03-11 13:13:32 DEBUG [http-nio-8080-exec-1] d.binz.reference.filter.CustomFilter - [CustomFilter] 요청 필터링 시작
2026-03-11 13:13:33 DEBUG [http-nio-8080-exec-1] d.binz.reference.filter.CustomFilter - [CustomFilter] 요청 필터링 완료
2026-03-11 13:13:33 DEBUG [http-nio-8080-exec-1] d.binz.reference.filter.CustomFilter - [CustomFilter] 요청 필터링 완료
2026-03-11 13:13:35 DEBUG [http-nio-8080-exec-2] d.binz.reference.filter.CustomFilter - [CustomFilter] 요청 필터링 시작
2026-03-11 13:13:35 DEBUG [http-nio-8080-exec-2] d.binz.reference.filter.CustomFilter - [CustomFilter] 요청 필터링 시작
2026-03-11 13:13:35 DEBUG [http-nio-8080-exec-2] d.binz.reference.filter.CustomFilter - [CustomFilter] 요청 필터링 완료
2026-03-11 13:13:35 DEBUG [http-nio-8080-exec-2] d.binz.reference.filter.CustomFilter - [CustomFilter] 요청 필터링 완료
2026-03-11 13:13:36 DEBUG [http-nio-8080-exec-3] d.binz.reference.filter.CustomFilter - [CustomFilter] 요청 필터링 시작
2026-03-11 13:13:36 DEBUG [http-nio-8080-exec-3] d.binz.reference.filter.CustomFilter - [CustomFilter] 요청 필터링 시작
2026-03-11 13:13:36 DEBUG [http-nio-8080-exec-3] d.binz.reference.filter.CustomFilter - [CustomFilter] 요청 필터링 완료
2026-03-11 13:13:36 DEBUG [http-nio-8080-exec-3] d.binz.reference.filter.CustomFilter - [CustomFilter] 요청 필터링 완료
2026-03-11 13:13:37 DEBUG [http-nio-8080-exec-4] d.binz.reference.filter.CustomFilter - [CustomFilter] 요청 필터링 시작
2026-03-11 13:13:37 DEBUG [http-nio-8080-exec-4] d.binz.reference.filter.CustomFilter - [CustomFilter] 요청 필터링 시작
2026-03-11 13:13:37 DEBUG [http-nio-8080-exec-4] d.binz.reference.filter.CustomFilter - [CustomFilter] 요청 필터링 완료
2026-03-11 13:13:37 DEBUG [http-nio-8080-exec-4] d.binz.reference.filter.CustomFilter - [CustomFilter] 요청 필터링 완료
2026-03-11 13:13:40 DEBUG [http-nio-8080-exec-5] d.binz.reference.filter.CustomFilter - [CustomFilter] 요청 필터링 시작
2026-03-11 13:13:40 DEBUG [http-nio-8080-exec-5] d.binz.reference.filter.CustomFilter - [CustomFilter] 요청 필터링 시작
2026-03-11 13:13:40 DEBUG [http-nio-8080-exec-5] d.binz.reference.filter.CustomFilter - [CustomFilter] 요청 필터링 완료
2026-03-11 13:13:40 DEBUG [http-nio-8080-exec-5] d.binz.reference.filter.CustomFilter - [CustomFilter] 요청 필터링 완료
2026-03-11 13:13:41 DEBUG [http-nio-8080-exec-6] d.binz.reference.filter.CustomFilter - [CustomFilter] 요청 필터링 시작
2026-03-11 13:13:41 DEBUG [http-nio-8080-exec-6] d.binz.reference.filter.CustomFilter - [CustomFilter] 요청 필터링 시작
2026-03-11 13:13:41 DEBUG [http-nio-8080-exec-6] d.binz.reference.filter.CustomFilter - [CustomFilter] 요청 필터링 완료
2026-03-11 13:13:41 DEBUG [http-nio-8080-exec-6] d.binz.reference.filter.CustomFilter - [CustomFilter] 요청 필터링 완료
2026-03-11 13:13:42 DEBUG [http-nio-8080-exec-7] d.binz.reference.filter.CustomFilter - [CustomFilter] 요청 필터링 시작
2026-03-11 13:13:42 DEBUG [http-nio-8080-exec-7] d.binz.reference.filter.CustomFilter - [CustomFilter] 요청 필터링 시작
2026-03-11 13:13:42 DEBUG [http-nio-8080-exec-7] d.binz.reference.filter.CustomFilter - [CustomFilter] 요청 필터링 완료
2026-03-11 13:13:42 DEBUG [http-nio-8080-exec-7] d.binz.reference.filter.CustomFilter - [CustomFilter] 요청 필터링 완료
2026-03-11 13:23:54 DEBUG [http-nio-8080-exec-10] d.binz.reference.filter.CustomFilter - [CustomFilter] 요청 필터링 시작
2026-03-11 13:23:54 DEBUG [http-nio-8080-exec-10] d.binz.reference.filter.CustomFilter - [CustomFilter] 요청 필터링 시작
2026-03-11 13:23:54 DEBUG [http-nio-8080-exec-10] d.binz.reference.filter.CustomFilter - [CustomFilter] 요청 필터링 완료
2026-03-11 13:23:54 DEBUG [http-nio-8080-exec-10] d.binz.reference.filter.CustomFilter - [CustomFilter] 요청 필터링 완료
2026-03-11 13:23:56 DEBUG [http-nio-8080-exec-1] d.binz.reference.filter.CustomFilter - [CustomFilter] 요청 필터링 시작
2026-03-11 13:23:56 DEBUG [http-nio-8080-exec-1] d.binz.reference.filter.CustomFilter - [CustomFilter] 요청 필터링 시작
2026-03-11 13:23:56 DEBUG [http-nio-8080-exec-1] d.binz.reference.filter.CustomFilter - [CustomFilter] 요청 필터링 완료
2026-03-11 13:23:56 DEBUG [http-nio-8080-exec-1] d.binz.reference.filter.CustomFilter - [CustomFilter] 요청 필터링 완료
2026-03-11 13:23:59 DEBUG [http-nio-8080-exec-2] d.binz.reference.filter.CustomFilter - [CustomFilter] 요청 필터링 시작
2026-03-11 13:23:59 DEBUG [http-nio-8080-exec-2] d.binz.reference.filter.CustomFilter - [CustomFilter] 요청 필터링 시작
2026-03-11 13:23:59 DEBUG [http-nio-8080-exec-2] d.binz.reference.filter.CustomFilter - [CustomFilter] 요청 필터링 완료
2026-03-11 13:23:59 DEBUG [http-nio-8080-exec-2] d.binz.reference.filter.CustomFilter - [CustomFilter] 요청 필터링 완료
2026-03-11 13:24:04 DEBUG [http-nio-8080-exec-3] d.binz.reference.filter.CustomFilter - [CustomFilter] 요청 필터링 시작
2026-03-11 13:24:04 DEBUG [http-nio-8080-exec-3] d.binz.reference.filter.CustomFilter - [CustomFilter] 요청 필터링 시작
2026-03-11 13:24:04 DEBUG [http-nio-8080-exec-3] d.binz.reference.filter.CustomFilter - [CustomFilter] 요청 필터링 완료
2026-03-11 13:24:04 DEBUG [http-nio-8080-exec-3] d.binz.reference.filter.CustomFilter - [CustomFilter] 요청 필터링 완료
2026-03-11 13:24:07 DEBUG [http-nio-8080-exec-4] d.binz.reference.filter.CustomFilter - [CustomFilter] 요청 필터링 시작
2026-03-11 13:24:07 DEBUG [http-nio-8080-exec-4] d.binz.reference.filter.CustomFilter - [CustomFilter] 요청 필터링 시작
2026-03-11 13:24:07 DEBUG [http-nio-8080-exec-4] d.binz.reference.filter.CustomFilter - [CustomFilter] 요청 필터링 완료
2026-03-11 13:24:07 DEBUG [http-nio-8080-exec-4] d.binz.reference.filter.CustomFilter - [CustomFilter] 요청 필터링 완료
2026-03-11 13:24:08 DEBUG [http-nio-8080-exec-5] d.binz.reference.filter.CustomFilter - [CustomFilter] 요청 필터링 시작
2026-03-11 13:24:08 DEBUG [http-nio-8080-exec-5] d.binz.reference.filter.CustomFilter - [CustomFilter] 요청 필터링 시작
2026-03-11 13:24:08 DEBUG [http-nio-8080-exec-5] d.binz.reference.filter.CustomFilter - [CustomFilter] 요청 필터링 완료
2026-03-11 13:24:08 DEBUG [http-nio-8080-exec-5] d.binz.reference.filter.CustomFilter - [CustomFilter] 요청 필터링 완료
2026-03-11 13:24:08 DEBUG [http-nio-8080-exec-6] d.binz.reference.filter.CustomFilter - [CustomFilter] 요청 필터링 시작
2026-03-11 13:24:08 DEBUG [http-nio-8080-exec-6] d.binz.reference.filter.CustomFilter - [CustomFilter] 요청 필터링 시작
2026-03-11 13:24:08 DEBUG [http-nio-8080-exec-6] d.binz.reference.filter.CustomFilter - [CustomFilter] 요청 필터링 완료
2026-03-11 13:24:08 DEBUG [http-nio-8080-exec-6] d.binz.reference.filter.CustomFilter - [CustomFilter] 요청 필터링 완료
2026-03-11 13:24:08 DEBUG [http-nio-8080-exec-7] d.binz.reference.filter.CustomFilter - [CustomFilter] 요청 필터링 시작
2026-03-11 13:24:08 DEBUG [http-nio-8080-exec-7] d.binz.reference.filter.CustomFilter - [CustomFilter] 요청 필터링 시작
2026-03-11 13:24:08 DEBUG [http-nio-8080-exec-7] d.binz.reference.filter.CustomFilter - [CustomFilter] 요청 필터링 완료
2026-03-11 13:24:08 DEBUG [http-nio-8080-exec-7] d.binz.reference.filter.CustomFilter - [CustomFilter] 요청 필터링 완료
2026-03-11 13:25:46 DEBUG [http-nio-8080-exec-9] d.binz.reference.filter.CustomFilter - [CustomFilter] 요청 필터링 시작
2026-03-11 13:25:46 DEBUG [http-nio-8080-exec-9] d.binz.reference.filter.CustomFilter - [CustomFilter] 요청 필터링 시작
2026-03-11 13:25:46 DEBUG [http-nio-8080-exec-9] d.binz.reference.filter.CustomFilter - [CustomFilter] 요청 필터링 완료
2026-03-11 13:25:46 DEBUG [http-nio-8080-exec-9] d.binz.reference.filter.CustomFilter - [CustomFilter] 요청 필터링 완료
2026-03-11 13:26:53 DEBUG [http-nio-8080-exec-1] d.binz.reference.filter.CustomFilter - [CustomFilter] 요청 필터링 시작
2026-03-11 13:26:53 DEBUG [http-nio-8080-exec-1] d.binz.reference.filter.CustomFilter - [CustomFilter] 요청 필터링 시작
2026-03-11 13:26:53 DEBUG [http-nio-8080-exec-1] d.binz.reference.filter.CustomFilter - [CustomFilter] 요청 필터링 완료
2026-03-11 13:26:53 DEBUG [http-nio-8080-exec-1] d.binz.reference.filter.CustomFilter - [CustomFilter] 요청 필터링 완료
2026-03-11 13:27:04 INFO  [SpringApplicationShutdownHook] o.s.b.w.e.tomcat.GracefulShutdown - Commencing graceful shutdown. Waiting for active requests to complete
2026-03-11 13:27:04 INFO  [tomcat-shutdown] o.s.b.w.e.tomcat.GracefulShutdown - Graceful shutdown complete
2026-03-11 13:27:04 WARN  [SpringApplicationShutdownHook] o.s.b.f.s.DisposableBeanAdapter - Invocation of destroy method failed on bean with name 'inMemoryDatabaseShutdownExecutor': org.h2.jdbc.JdbcSQLNonTransientConnectionException: Database is already closed (to disable automatic closing at VM shutdown, add ";DB_CLOSE_ON_EXIT=FALSE" to the db URL) [90121-232]
2026-03-11 13:27:04 INFO  [SpringApplicationShutdownHook] com.zaxxer.hikari.HikariDataSource - HikariPool-1 - Shutdown initiated...
2026-03-11 13:27:04 INFO  [SpringApplicationShutdownHook] com.zaxxer.hikari.HikariDataSource - HikariPool-1 - Shutdown completed.
2026-03-11 13:27:04 DEBUG [SpringApplicationShutdownHook] d.binz.reference.filter.CustomFilter - CustomFilter 종료됨
2026-03-11 13:27:04 DEBUG [SpringApplicationShutdownHook] d.binz.reference.filter.CustomFilter - CustomFilter 종료됨
2026-03-11 13:27:04 DEBUG [SpringApplicationShutdownHook] d.binz.reference.filter.CustomFilter - CustomFilter 종료됨
2026-03-11 13:27:04 DEBUG [SpringApplicationShutdownHook] d.binz.reference.filter.CustomFilter - CustomFilter 종료됨
2026-03-11 13:27:16 INFO  [background-preinit] o.h.validator.internal.util.Version - HV000001: Hibernate Validator 8.0.2.Final
2026-03-11 13:27:16 INFO  [restartedMain] d.b.reference.ReferenceApplication - Starting ReferenceApplication using Java 21.0.10 with PID 3824 (C:\DEV_SRC\eclipse\Reference\target\classes started by sonzw in C:\DEV_SRC\eclipse\Reference)
2026-03-11 13:27:16 INFO  [restartedMain] d.b.reference.ReferenceApplication - Starting ReferenceApplication using Java 21.0.10 with PID 3824 (C:\DEV_SRC\eclipse\Reference\target\classes started by sonzw in C:\DEV_SRC\eclipse\Reference)
2026-03-11 13:27:16 DEBUG [restartedMain] d.b.reference.ReferenceApplication - Running with Spring Boot v3.4.3, Spring v6.2.3
2026-03-11 13:27:16 DEBUG [restartedMain] d.b.reference.ReferenceApplication - Running with Spring Boot v3.4.3, Spring v6.2.3
2026-03-11 13:27:16 INFO  [restartedMain] d.b.reference.ReferenceApplication - No active profile set, falling back to 1 default profile: "default"
2026-03-11 13:27:16 INFO  [restartedMain] d.b.reference.ReferenceApplication - No active profile set, falling back to 1 default profile: "default"
2026-03-11 13:27:16 INFO  [restartedMain] o.s.b.d.e.DevToolsPropertyDefaultsPostProcessor - Devtools property defaults active! Set 'spring.devtools.add-properties' to 'false' to disable
2026-03-11 13:27:16 INFO  [restartedMain] o.s.b.d.e.DevToolsPropertyDefaultsPostProcessor - For additional web related logging consider setting the 'logging.level.web' property to 'DEBUG'
2026-03-11 13:27:18 WARN  [restartedMain] o.m.s.mapper.ClassPathMapperScanner - No MyBatis mapper was found in '[dev.binz.reference]' package. Please check your configuration.
2026-03-11 13:27:20 INFO  [restartedMain] o.s.b.w.e.tomcat.TomcatWebServer - Tomcat initialized with port 8080 (http)
2026-03-11 13:27:20 INFO  [restartedMain] o.a.coyote.http11.Http11NioProtocol - Initializing ProtocolHandler ["http-nio-8080"]
2026-03-11 13:27:20 INFO  [restartedMain] o.a.catalina.core.StandardService - Starting service [Tomcat]
2026-03-11 13:27:20 INFO  [restartedMain] o.a.catalina.core.StandardEngine - Starting Servlet engine: [Apache Tomcat/10.1.36]
2026-03-11 13:27:20 INFO  [restartedMain] o.a.c.c.C.[Tomcat].[localhost].[/] - Initializing Spring embedded WebApplicationContext
2026-03-11 13:27:20 INFO  [restartedMain] o.s.b.w.s.c.ServletWebServerApplicationContext - Root WebApplicationContext: initialization completed in 3727 ms
2026-03-11 13:27:20 DEBUG [restartedMain] d.binz.reference.filter.CustomFilter - CustomFilter 초기화됨
2026-03-11 13:27:20 DEBUG [restartedMain] d.binz.reference.filter.CustomFilter - CustomFilter 초기화됨
2026-03-11 13:27:20 DEBUG [restartedMain] d.binz.reference.filter.CustomFilter - CustomFilter 초기화됨
2026-03-11 13:27:20 DEBUG [restartedMain] d.binz.reference.filter.CustomFilter - CustomFilter 초기화됨
2026-03-11 13:27:21 INFO  [restartedMain] com.zaxxer.hikari.HikariDataSource - HikariPool-1 - Starting...
2026-03-11 13:27:21 INFO  [restartedMain] com.zaxxer.hikari.pool.HikariPool - HikariPool-1 - Added connection conn0: url=jdbc:h2:mem:dcf9ea0c-e3f4-483d-a536-8a4290d9f285 user=SA
2026-03-11 13:27:21 INFO  [restartedMain] com.zaxxer.hikari.HikariDataSource - HikariPool-1 - Start completed.
2026-03-11 13:27:21 INFO  [restartedMain] o.s.b.a.h.H2ConsoleAutoConfiguration - H2 console available at '/h2-console'. Database available at 'jdbc:h2:mem:dcf9ea0c-e3f4-483d-a536-8a4290d9f285'
2026-03-11 13:27:22 INFO  [restartedMain] o.s.b.d.a.OptionalLiveReloadServer - LiveReload server is running on port 35729
2026-03-11 13:27:22 INFO  [restartedMain] o.a.coyote.http11.Http11NioProtocol - Starting ProtocolHandler ["http-nio-8080"]
2026-03-11 13:27:22 INFO  [restartedMain] o.s.b.w.e.tomcat.TomcatWebServer - Tomcat started on port 8080 (http) with context path '/'
2026-03-11 13:27:22 INFO  [restartedMain] d.b.reference.ReferenceApplication - Started ReferenceApplication in 7.479 seconds (process running for 9.488)
2026-03-11 13:27:22 INFO  [restartedMain] d.b.reference.ReferenceApplication - Started ReferenceApplication in 7.479 seconds (process running for 9.488)
2026-03-11 13:29:00 INFO  [http-nio-8080-exec-1] o.a.c.c.C.[Tomcat].[localhost].[/] - Initializing Spring DispatcherServlet 'dispatcherServlet'
2026-03-11 13:29:00 INFO  [http-nio-8080-exec-1] o.s.web.servlet.DispatcherServlet - Initializing Servlet 'dispatcherServlet'
2026-03-11 13:29:00 INFO  [http-nio-8080-exec-1] o.s.web.servlet.DispatcherServlet - Completed initialization in 2 ms
2026-03-11 13:29:00 DEBUG [http-nio-8080-exec-1] d.binz.reference.filter.CustomFilter - [CustomFilter] 요청 필터링 시작
2026-03-11 13:29:00 DEBUG [http-nio-8080-exec-1] d.binz.reference.filter.CustomFilter - [CustomFilter] 요청 필터링 시작
2026-03-11 13:29:01 DEBUG [http-nio-8080-exec-1] d.binz.reference.filter.CustomFilter - [CustomFilter] 요청 필터링 완료
2026-03-11 13:29:01 DEBUG [http-nio-8080-exec-1] d.binz.reference.filter.CustomFilter - [CustomFilter] 요청 필터링 완료
2026-03-11 13:29:02 DEBUG [http-nio-8080-exec-2] d.binz.reference.filter.CustomFilter - [CustomFilter] 요청 필터링 시작
2026-03-11 13:29:02 DEBUG [http-nio-8080-exec-2] d.binz.reference.filter.CustomFilter - [CustomFilter] 요청 필터링 시작
2026-03-11 13:29:03 DEBUG [http-nio-8080-exec-2] d.binz.reference.filter.CustomFilter - [CustomFilter] 요청 필터링 완료
2026-03-11 13:29:03 DEBUG [http-nio-8080-exec-2] d.binz.reference.filter.CustomFilter - [CustomFilter] 요청 필터링 완료
2026-03-11 13:29:05 DEBUG [http-nio-8080-exec-3] d.binz.reference.filter.CustomFilter - [CustomFilter] 요청 필터링 시작
2026-03-11 13:29:05 DEBUG [http-nio-8080-exec-3] d.binz.reference.filter.CustomFilter - [CustomFilter] 요청 필터링 시작
2026-03-11 13:29:05 DEBUG [http-nio-8080-exec-3] d.binz.reference.filter.CustomFilter - [CustomFilter] 요청 필터링 완료
2026-03-11 13:29:05 DEBUG [http-nio-8080-exec-3] d.binz.reference.filter.CustomFilter - [CustomFilter] 요청 필터링 완료
2026-03-11 13:29:06 DEBUG [http-nio-8080-exec-4] d.binz.reference.filter.CustomFilter - [CustomFilter] 요청 필터링 시작
2026-03-11 13:29:06 DEBUG [http-nio-8080-exec-4] d.binz.reference.filter.CustomFilter - [CustomFilter] 요청 필터링 시작
2026-03-11 13:29:06 DEBUG [http-nio-8080-exec-4] d.binz.reference.filter.CustomFilter - [CustomFilter] 요청 필터링 완료
2026-03-11 13:29:06 DEBUG [http-nio-8080-exec-4] d.binz.reference.filter.CustomFilter - [CustomFilter] 요청 필터링 완료
2026-03-11 13:29:08 DEBUG [http-nio-8080-exec-5] d.binz.reference.filter.CustomFilter - [CustomFilter] 요청 필터링 시작
2026-03-11 13:29:08 DEBUG [http-nio-8080-exec-5] d.binz.reference.filter.CustomFilter - [CustomFilter] 요청 필터링 시작
2026-03-11 13:29:08 DEBUG [http-nio-8080-exec-5] d.binz.reference.filter.CustomFilter - [CustomFilter] 요청 필터링 완료
2026-03-11 13:29:08 DEBUG [http-nio-8080-exec-5] d.binz.reference.filter.CustomFilter - [CustomFilter] 요청 필터링 완료
2026-03-11 13:30:21 INFO  [SpringApplicationShutdownHook] o.s.b.w.e.tomcat.GracefulShutdown - Commencing graceful shutdown. Waiting for active requests to complete
2026-03-11 13:30:21 INFO  [tomcat-shutdown] o.s.b.w.e.tomcat.GracefulShutdown - Graceful shutdown complete
2026-03-11 13:30:21 WARN  [SpringApplicationShutdownHook] o.s.b.f.s.DisposableBeanAdapter - Invocation of destroy method failed on bean with name 'inMemoryDatabaseShutdownExecutor': org.h2.jdbc.JdbcSQLNonTransientConnectionException: Database is already closed (to disable automatic closing at VM shutdown, add ";DB_CLOSE_ON_EXIT=FALSE" to the db URL) [90121-232]
2026-03-11 13:30:21 INFO  [SpringApplicationShutdownHook] com.zaxxer.hikari.HikariDataSource - HikariPool-1 - Shutdown initiated...
2026-03-11 13:30:21 INFO  [SpringApplicationShutdownHook] com.zaxxer.hikari.HikariDataSource - HikariPool-1 - Shutdown completed.
2026-03-11 13:30:21 DEBUG [SpringApplicationShutdownHook] d.binz.reference.filter.CustomFilter - CustomFilter 종료됨
2026-03-11 13:30:21 DEBUG [SpringApplicationShutdownHook] d.binz.reference.filter.CustomFilter - CustomFilter 종료됨
2026-03-11 13:30:21 DEBUG [SpringApplicationShutdownHook] d.binz.reference.filter.CustomFilter - CustomFilter 종료됨
2026-03-11 13:30:21 DEBUG [SpringApplicationShutdownHook] d.binz.reference.filter.CustomFilter - CustomFilter 종료됨
2026-03-11 13:30:33 INFO  [background-preinit] o.h.validator.internal.util.Version - HV000001: Hibernate Validator 8.0.2.Final
2026-03-11 13:30:33 INFO  [restartedMain] d.b.reference.ReferenceApplication - Starting ReferenceApplication using Java 21.0.10 with PID 24188 (C:\DEV_SRC\eclipse\Reference\target\classes started by sonzw in C:\DEV_SRC\eclipse\Reference)
2026-03-11 13:30:33 INFO  [restartedMain] d.b.reference.ReferenceApplication - Starting ReferenceApplication using Java 21.0.10 with PID 24188 (C:\DEV_SRC\eclipse\Reference\target\classes started by sonzw in C:\DEV_SRC\eclipse\Reference)
2026-03-11 13:30:33 DEBUG [restartedMain] d.b.reference.ReferenceApplication - Running with Spring Boot v3.4.3, Spring v6.2.3
2026-03-11 13:30:33 DEBUG [restartedMain] d.b.reference.ReferenceApplication - Running with Spring Boot v3.4.3, Spring v6.2.3
2026-03-11 13:30:33 INFO  [restartedMain] d.b.reference.ReferenceApplication - No active profile set, falling back to 1 default profile: "default"
2026-03-11 13:30:33 INFO  [restartedMain] d.b.reference.ReferenceApplication - No active profile set, falling back to 1 default profile: "default"
2026-03-11 13:30:33 INFO  [restartedMain] o.s.b.d.e.DevToolsPropertyDefaultsPostProcessor - Devtools property defaults active! Set 'spring.devtools.add-properties' to 'false' to disable
2026-03-11 13:30:33 INFO  [restartedMain] o.s.b.d.e.DevToolsPropertyDefaultsPostProcessor - For additional web related logging consider setting the 'logging.level.web' property to 'DEBUG'
2026-03-11 13:30:36 WARN  [restartedMain] o.m.s.mapper.ClassPathMapperScanner - No MyBatis mapper was found in '[dev.binz.reference]' package. Please check your configuration.
2026-03-11 13:30:37 INFO  [restartedMain] o.s.b.w.e.tomcat.TomcatWebServer - Tomcat initialized with port 8080 (http)
2026-03-11 13:30:37 INFO  [restartedMain] o.a.coyote.http11.Http11NioProtocol - Initializing ProtocolHandler ["http-nio-8080"]
2026-03-11 13:30:37 INFO  [restartedMain] o.a.catalina.core.StandardService - Starting service [Tomcat]
2026-03-11 13:30:37 INFO  [restartedMain] o.a.catalina.core.StandardEngine - Starting Servlet engine: [Apache Tomcat/10.1.36]
2026-03-11 13:30:37 INFO  [restartedMain] o.a.c.c.C.[Tomcat].[localhost].[/] - Initializing Spring embedded WebApplicationContext
2026-03-11 13:30:37 INFO  [restartedMain] o.s.b.w.s.c.ServletWebServerApplicationContext - Root WebApplicationContext: initialization completed in 3850 ms
2026-03-11 13:30:37 DEBUG [restartedMain] d.binz.reference.filter.CustomFilter - CustomFilter 초기화됨
2026-03-11 13:30:37 DEBUG [restartedMain] d.binz.reference.filter.CustomFilter - CustomFilter 초기화됨
2026-03-11 13:30:37 DEBUG [restartedMain] d.binz.reference.filter.CustomFilter - CustomFilter 초기화됨
2026-03-11 13:30:37 DEBUG [restartedMain] d.binz.reference.filter.CustomFilter - CustomFilter 초기화됨
2026-03-11 13:30:38 INFO  [restartedMain] com.zaxxer.hikari.HikariDataSource - HikariPool-1 - Starting...
2026-03-11 13:30:39 INFO  [restartedMain] com.zaxxer.hikari.pool.HikariPool - HikariPool-1 - Added connection conn0: url=jdbc:h2:mem:76824d53-4f56-440d-aa13-0007621a4d0b user=SA
2026-03-11 13:30:39 INFO  [restartedMain] com.zaxxer.hikari.HikariDataSource - HikariPool-1 - Start completed.
2026-03-11 13:30:39 INFO  [restartedMain] o.s.b.a.h.H2ConsoleAutoConfiguration - H2 console available at '/h2-console'. Database available at 'jdbc:h2:mem:76824d53-4f56-440d-aa13-0007621a4d0b'
2026-03-11 13:30:39 INFO  [restartedMain] o.s.b.d.a.OptionalLiveReloadServer - LiveReload server is running on port 35729
2026-03-11 13:30:39 INFO  [restartedMain] o.a.coyote.http11.Http11NioProtocol - Starting ProtocolHandler ["http-nio-8080"]
2026-03-11 13:30:39 INFO  [restartedMain] o.s.b.w.e.tomcat.TomcatWebServer - Tomcat started on port 8080 (http) with context path '/'
2026-03-11 13:30:39 INFO  [restartedMain] d.b.reference.ReferenceApplication - Started ReferenceApplication in 7.367 seconds (process running for 9.371)
2026-03-11 13:30:39 INFO  [restartedMain] d.b.reference.ReferenceApplication - Started ReferenceApplication in 7.367 seconds (process running for 9.371)
2026-03-11 13:50:21 INFO  [SpringApplicationShutdownHook] o.s.b.w.e.tomcat.GracefulShutdown - Commencing graceful shutdown. Waiting for active requests to complete
2026-03-11 13:50:21 INFO  [tomcat-shutdown] o.s.b.w.e.tomcat.GracefulShutdown - Graceful shutdown complete
2026-03-11 13:50:21 WARN  [SpringApplicationShutdownHook] o.s.b.f.s.DisposableBeanAdapter - Invocation of destroy method failed on bean with name 'inMemoryDatabaseShutdownExecutor': org.h2.jdbc.JdbcSQLNonTransientConnectionException: Database is already closed (to disable automatic closing at VM shutdown, add ";DB_CLOSE_ON_EXIT=FALSE" to the db URL) [90121-232]
2026-03-11 13:50:21 INFO  [SpringApplicationShutdownHook] com.zaxxer.hikari.HikariDataSource - HikariPool-1 - Shutdown initiated...
2026-03-11 13:50:21 INFO  [SpringApplicationShutdownHook] com.zaxxer.hikari.HikariDataSource - HikariPool-1 - Shutdown completed.
2026-03-11 13:50:21 DEBUG [SpringApplicationShutdownHook] d.binz.reference.filter.CustomFilter - CustomFilter 종료됨
2026-03-11 13:50:21 DEBUG [SpringApplicationShutdownHook] d.binz.reference.filter.CustomFilter - CustomFilter 종료됨
2026-03-11 13:50:21 DEBUG [SpringApplicationShutdownHook] d.binz.reference.filter.CustomFilter - CustomFilter 종료됨
2026-03-11 13:50:21 DEBUG [SpringApplicationShutdownHook] d.binz.reference.filter.CustomFilter - CustomFilter 종료됨
2026-03-11 13:50:32 INFO  [background-preinit] o.h.validator.internal.util.Version - HV000001: Hibernate Validator 8.0.2.Final
2026-03-11 13:50:32 INFO  [restartedMain] d.b.reference.ReferenceApplication - Starting ReferenceApplication using Java 21.0.10 with PID 19940 (C:\DEV_SRC\eclipse\Reference\target\classes started by sonzw in C:\DEV_SRC\eclipse\Reference)
2026-03-11 13:50:32 INFO  [restartedMain] d.b.reference.ReferenceApplication - Starting ReferenceApplication using Java 21.0.10 with PID 19940 (C:\DEV_SRC\eclipse\Reference\target\classes started by sonzw in C:\DEV_SRC\eclipse\Reference)
2026-03-11 13:50:32 DEBUG [restartedMain] d.b.reference.ReferenceApplication - Running with Spring Boot v3.4.3, Spring v6.2.3
2026-03-11 13:50:32 DEBUG [restartedMain] d.b.reference.ReferenceApplication - Running with Spring Boot v3.4.3, Spring v6.2.3
2026-03-11 13:50:32 INFO  [restartedMain] d.b.reference.ReferenceApplication - No active profile set, falling back to 1 default profile: "default"
2026-03-11 13:50:32 INFO  [restartedMain] d.b.reference.ReferenceApplication - No active profile set, falling back to 1 default profile: "default"
2026-03-11 13:50:32 INFO  [restartedMain] o.s.b.d.e.DevToolsPropertyDefaultsPostProcessor - Devtools property defaults active! Set 'spring.devtools.add-properties' to 'false' to disable
2026-03-11 13:50:32 INFO  [restartedMain] o.s.b.d.e.DevToolsPropertyDefaultsPostProcessor - For additional web related logging consider setting the 'logging.level.web' property to 'DEBUG'
2026-03-11 13:50:35 WARN  [restartedMain] o.m.s.mapper.ClassPathMapperScanner - No MyBatis mapper was found in '[dev.binz.reference]' package. Please check your configuration.
2026-03-11 13:50:36 INFO  [restartedMain] o.s.b.w.e.tomcat.TomcatWebServer - Tomcat initialized with port 8080 (http)
2026-03-11 13:50:36 INFO  [restartedMain] o.a.coyote.http11.Http11NioProtocol - Initializing ProtocolHandler ["http-nio-8080"]
2026-03-11 13:50:36 INFO  [restartedMain] o.a.catalina.core.StandardService - Starting service [Tomcat]
2026-03-11 13:50:36 INFO  [restartedMain] o.a.catalina.core.StandardEngine - Starting Servlet engine: [Apache Tomcat/10.1.36]
2026-03-11 13:50:36 INFO  [restartedMain] o.a.c.c.C.[Tomcat].[localhost].[/] - Initializing Spring embedded WebApplicationContext
2026-03-11 13:50:36 INFO  [restartedMain] o.s.b.w.s.c.ServletWebServerApplicationContext - Root WebApplicationContext: initialization completed in 3822 ms
2026-03-11 13:50:36 DEBUG [restartedMain] d.binz.reference.filter.CustomFilter - CustomFilter 초기화됨
2026-03-11 13:50:36 DEBUG [restartedMain] d.binz.reference.filter.CustomFilter - CustomFilter 초기화됨
2026-03-11 13:50:36 DEBUG [restartedMain] d.binz.reference.filter.CustomFilter - CustomFilter 초기화됨
2026-03-11 13:50:36 DEBUG [restartedMain] d.binz.reference.filter.CustomFilter - CustomFilter 초기화됨
2026-03-11 13:50:37 INFO  [restartedMain] com.zaxxer.hikari.HikariDataSource - HikariPool-1 - Starting...
2026-03-11 13:50:38 INFO  [restartedMain] com.zaxxer.hikari.pool.HikariPool - HikariPool-1 - Added connection conn0: url=jdbc:h2:mem:8b42d379-e9e9-40cb-8629-5633dbbbb158 user=SA
2026-03-11 13:50:38 INFO  [restartedMain] com.zaxxer.hikari.HikariDataSource - HikariPool-1 - Start completed.
2026-03-11 13:50:38 INFO  [restartedMain] o.s.b.a.h.H2ConsoleAutoConfiguration - H2 console available at '/h2-console'. Database available at 'jdbc:h2:mem:8b42d379-e9e9-40cb-8629-5633dbbbb158'
2026-03-11 13:50:38 INFO  [restartedMain] o.s.b.d.a.OptionalLiveReloadServer - LiveReload server is running on port 35729
2026-03-11 13:50:38 INFO  [restartedMain] o.a.coyote.http11.Http11NioProtocol - Starting ProtocolHandler ["http-nio-8080"]
2026-03-11 13:50:38 INFO  [restartedMain] o.s.b.w.e.tomcat.TomcatWebServer - Tomcat started on port 8080 (http) with context path '/'
2026-03-11 13:50:38 INFO  [restartedMain] d.b.reference.ReferenceApplication - Started ReferenceApplication in 7.705 seconds (process running for 11.346)
2026-03-11 13:50:38 INFO  [restartedMain] d.b.reference.ReferenceApplication - Started ReferenceApplication in 7.705 seconds (process running for 11.346)
2026-03-11 13:54:36 INFO  [http-nio-8080-exec-1] o.a.c.c.C.[Tomcat].[localhost].[/] - Initializing Spring DispatcherServlet 'dispatcherServlet'
2026-03-11 13:54:36 INFO  [http-nio-8080-exec-1] o.s.web.servlet.DispatcherServlet - Initializing Servlet 'dispatcherServlet'
2026-03-11 13:54:36 INFO  [http-nio-8080-exec-1] o.s.web.servlet.DispatcherServlet - Completed initialization in 1 ms
2026-03-11 13:54:36 DEBUG [http-nio-8080-exec-1] d.binz.reference.filter.CustomFilter - [CustomFilter] 요청 필터링 시작
2026-03-11 13:54:36 DEBUG [http-nio-8080-exec-1] d.binz.reference.filter.CustomFilter - [CustomFilter] 요청 필터링 시작
2026-03-11 13:54:37 DEBUG [http-nio-8080-exec-1] d.binz.reference.filter.CustomFilter - [CustomFilter] 요청 필터링 완료
2026-03-11 13:54:37 DEBUG [http-nio-8080-exec-1] d.binz.reference.filter.CustomFilter - [CustomFilter] 요청 필터링 완료
2026-03-11 16:03:53 INFO  [SpringApplicationShutdownHook] o.s.b.w.e.tomcat.GracefulShutdown - Commencing graceful shutdown. Waiting for active requests to complete
2026-03-11 16:03:53 INFO  [tomcat-shutdown] o.s.b.w.e.tomcat.GracefulShutdown - Graceful shutdown complete
2026-03-11 16:03:53 WARN  [SpringApplicationShutdownHook] o.s.b.f.s.DisposableBeanAdapter - Invocation of destroy method failed on bean with name 'inMemoryDatabaseShutdownExecutor': org.h2.jdbc.JdbcSQLNonTransientConnectionException: Database is already closed (to disable automatic closing at VM shutdown, add ";DB_CLOSE_ON_EXIT=FALSE" to the db URL) [90121-232]
2026-03-11 16:03:53 INFO  [SpringApplicationShutdownHook] com.zaxxer.hikari.HikariDataSource - HikariPool-1 - Shutdown initiated...
2026-03-11 16:03:53 INFO  [SpringApplicationShutdownHook] com.zaxxer.hikari.HikariDataSource - HikariPool-1 - Shutdown completed.
2026-03-11 16:03:53 DEBUG [SpringApplicationShutdownHook] d.binz.reference.filter.CustomFilter - CustomFilter 종료됨
2026-03-11 16:03:53 DEBUG [SpringApplicationShutdownHook] d.binz.reference.filter.CustomFilter - CustomFilter 종료됨
2026-03-11 16:03:53 DEBUG [SpringApplicationShutdownHook] d.binz.reference.filter.CustomFilter - CustomFilter 종료됨
2026-03-11 16:03:53 DEBUG [SpringApplicationShutdownHook] d.binz.reference.filter.CustomFilter - CustomFilter 종료됨
2026-03-11 16:14:56 INFO  [background-preinit] o.h.validator.internal.util.Version - HV000001: Hibernate Validator 8.0.2.Final
2026-03-11 16:14:56 INFO  [restartedMain] d.b.reference.ReferenceApplication - Starting ReferenceApplication using Java 21.0.10 with PID 10744 (C:\DEV_SRC\eclipse\Reference\target\classes started by sonzw in C:\DEV_SRC\eclipse\Reference)
2026-03-11 16:14:56 INFO  [restartedMain] d.b.reference.ReferenceApplication - Starting ReferenceApplication using Java 21.0.10 with PID 10744 (C:\DEV_SRC\eclipse\Reference\target\classes started by sonzw in C:\DEV_SRC\eclipse\Reference)
2026-03-11 16:14:56 DEBUG [restartedMain] d.b.reference.ReferenceApplication - Running with Spring Boot v3.4.3, Spring v6.2.3
2026-03-11 16:14:56 DEBUG [restartedMain] d.b.reference.ReferenceApplication - Running with Spring Boot v3.4.3, Spring v6.2.3
2026-03-11 16:14:56 INFO  [restartedMain] d.b.reference.ReferenceApplication - No active profile set, falling back to 1 default profile: "default"
2026-03-11 16:14:56 INFO  [restartedMain] d.b.reference.ReferenceApplication - No active profile set, falling back to 1 default profile: "default"
2026-03-11 16:14:56 INFO  [restartedMain] o.s.b.d.e.DevToolsPropertyDefaultsPostProcessor - Devtools property defaults active! Set 'spring.devtools.add-properties' to 'false' to disable
2026-03-11 16:14:56 INFO  [restartedMain] o.s.b.d.e.DevToolsPropertyDefaultsPostProcessor - For additional web related logging consider setting the 'logging.level.web' property to 'DEBUG'
2026-03-11 16:14:59 WARN  [restartedMain] o.m.s.mapper.ClassPathMapperScanner - No MyBatis mapper was found in '[dev.binz.reference]' package. Please check your configuration.
2026-03-11 16:15:00 INFO  [restartedMain] o.s.b.w.e.tomcat.TomcatWebServer - Tomcat initialized with port 8080 (http)
2026-03-11 16:15:00 INFO  [restartedMain] o.a.coyote.http11.Http11NioProtocol - Initializing ProtocolHandler ["http-nio-8080"]
2026-03-11 16:15:00 INFO  [restartedMain] o.a.catalina.core.StandardService - Starting service [Tomcat]
2026-03-11 16:15:00 INFO  [restartedMain] o.a.catalina.core.StandardEngine - Starting Servlet engine: [Apache Tomcat/10.1.36]
2026-03-11 16:15:00 INFO  [restartedMain] o.a.c.c.C.[Tomcat].[localhost].[/] - Initializing Spring embedded WebApplicationContext
2026-03-11 16:15:00 INFO  [restartedMain] o.s.b.w.s.c.ServletWebServerApplicationContext - Root WebApplicationContext: initialization completed in 4601 ms
2026-03-11 16:15:01 DEBUG [restartedMain] d.binz.reference.filter.CustomFilter - CustomFilter 초기화됨
2026-03-11 16:15:01 DEBUG [restartedMain] d.binz.reference.filter.CustomFilter - CustomFilter 초기화됨
2026-03-11 16:15:01 DEBUG [restartedMain] d.binz.reference.filter.CustomFilter - CustomFilter 초기화됨
2026-03-11 16:15:01 DEBUG [restartedMain] d.binz.reference.filter.CustomFilter - CustomFilter 초기화됨
2026-03-11 16:15:02 INFO  [restartedMain] com.zaxxer.hikari.HikariDataSource - HikariPool-1 - Starting...
2026-03-11 16:15:03 INFO  [restartedMain] com.zaxxer.hikari.pool.HikariPool - HikariPool-1 - Added connection conn0: url=jdbc:h2:mem:19bf722d-b65c-44bf-bd3a-dcb67893d42d user=SA
2026-03-11 16:15:03 INFO  [restartedMain] com.zaxxer.hikari.HikariDataSource - HikariPool-1 - Start completed.
2026-03-11 16:15:03 INFO  [restartedMain] o.s.b.a.h.H2ConsoleAutoConfiguration - H2 console available at '/h2-console'. Database available at 'jdbc:h2:mem:19bf722d-b65c-44bf-bd3a-dcb67893d42d'
2026-03-11 16:15:03 INFO  [restartedMain] o.s.b.d.a.OptionalLiveReloadServer - LiveReload server is running on port 35729
2026-03-11 16:15:03 INFO  [restartedMain] o.a.coyote.http11.Http11NioProtocol - Starting ProtocolHandler ["http-nio-8080"]
2026-03-11 16:15:03 INFO  [restartedMain] o.s.b.w.e.tomcat.TomcatWebServer - Tomcat started on port 8080 (http) with context path '/'
2026-03-11 16:15:04 INFO  [restartedMain] d.b.reference.ReferenceApplication - Started ReferenceApplication in 9.644 seconds (process running for 12.122)
2026-03-11 16:15:04 INFO  [restartedMain] d.b.reference.ReferenceApplication - Started ReferenceApplication in 9.644 seconds (process running for 12.122)
2026-03-11 16:15:08 INFO  [http-nio-8080-exec-1] o.a.c.c.C.[Tomcat].[localhost].[/] - Initializing Spring DispatcherServlet 'dispatcherServlet'
2026-03-11 16:15:08 INFO  [http-nio-8080-exec-1] o.s.web.servlet.DispatcherServlet - Initializing Servlet 'dispatcherServlet'
2026-03-11 16:15:08 INFO  [http-nio-8080-exec-1] o.s.web.servlet.DispatcherServlet - Completed initialization in 3 ms
2026-03-11 16:15:08 DEBUG [http-nio-8080-exec-1] d.binz.reference.filter.CustomFilter - [CustomFilter] 요청 필터링 시작
2026-03-11 16:15:08 DEBUG [http-nio-8080-exec-1] d.binz.reference.filter.CustomFilter - [CustomFilter] 요청 필터링 시작
2026-03-11 16:15:09 DEBUG [http-nio-8080-exec-1] d.binz.reference.filter.CustomFilter - [CustomFilter] 요청 필터링 완료
2026-03-11 16:15:09 DEBUG [http-nio-8080-exec-1] d.binz.reference.filter.CustomFilter - [CustomFilter] 요청 필터링 완료
2026-03-11 16:15:11 DEBUG [http-nio-8080-exec-2] d.binz.reference.filter.CustomFilter - [CustomFilter] 요청 필터링 시작
2026-03-11 16:15:11 DEBUG [http-nio-8080-exec-2] d.binz.reference.filter.CustomFilter - [CustomFilter] 요청 필터링 시작
2026-03-11 16:15:11 DEBUG [http-nio-8080-exec-2] d.binz.reference.filter.CustomFilter - [CustomFilter] 요청 필터링 완료
2026-03-11 16:15:11 DEBUG [http-nio-8080-exec-2] d.binz.reference.filter.CustomFilter - [CustomFilter] 요청 필터링 완료
2026-03-11 16:15:14 DEBUG [http-nio-8080-exec-3] d.binz.reference.filter.CustomFilter - [CustomFilter] 요청 필터링 시작
2026-03-11 16:15:14 DEBUG [http-nio-8080-exec-3] d.binz.reference.filter.CustomFilter - [CustomFilter] 요청 필터링 시작
2026-03-11 16:15:14 DEBUG [http-nio-8080-exec-3] d.binz.reference.filter.CustomFilter - [CustomFilter] 요청 필터링 완료
2026-03-11 16:15:14 DEBUG [http-nio-8080-exec-3] d.binz.reference.filter.CustomFilter - [CustomFilter] 요청 필터링 완료
2026-03-11 16:18:55 INFO  [SpringApplicationShutdownHook] o.s.b.w.e.tomcat.GracefulShutdown - Commencing graceful shutdown. Waiting for active requests to complete
2026-03-11 16:18:55 INFO  [tomcat-shutdown] o.s.b.w.e.tomcat.GracefulShutdown - Graceful shutdown complete
2026-03-11 16:18:55 WARN  [SpringApplicationShutdownHook] o.s.b.f.s.DisposableBeanAdapter - Invocation of destroy method failed on bean with name 'inMemoryDatabaseShutdownExecutor': org.h2.jdbc.JdbcSQLNonTransientConnectionException: Database is already closed (to disable automatic closing at VM shutdown, add ";DB_CLOSE_ON_EXIT=FALSE" to the db URL) [90121-232]
2026-03-11 16:18:55 INFO  [SpringApplicationShutdownHook] com.zaxxer.hikari.HikariDataSource - HikariPool-1 - Shutdown initiated...
2026-03-11 16:18:55 INFO  [SpringApplicationShutdownHook] com.zaxxer.hikari.HikariDataSource - HikariPool-1 - Shutdown completed.
2026-03-11 16:18:55 DEBUG [SpringApplicationShutdownHook] d.binz.reference.filter.CustomFilter - CustomFilter 종료됨
2026-03-11 16:18:55 DEBUG [SpringApplicationShutdownHook] d.binz.reference.filter.CustomFilter - CustomFilter 종료됨
2026-03-11 16:18:55 DEBUG [SpringApplicationShutdownHook] d.binz.reference.filter.CustomFilter - CustomFilter 종료됨
2026-03-11 16:18:55 DEBUG [SpringApplicationShutdownHook] d.binz.reference.filter.CustomFilter - CustomFilter 종료됨
2026-03-11 17:08:04 INFO  [background-preinit] o.h.validator.internal.util.Version - HV000001: Hibernate Validator 8.0.2.Final
2026-03-11 17:08:04 INFO  [restartedMain] d.b.reference.ReferenceApplication - Starting ReferenceApplication using Java 21.0.10 with PID 1936 (C:\DEV_SRC\eclipse\Reference\target\classes started by sonzw in C:\DEV_SRC\eclipse\Reference)
2026-03-11 17:08:04 INFO  [restartedMain] d.b.reference.ReferenceApplication - Starting ReferenceApplication using Java 21.0.10 with PID 1936 (C:\DEV_SRC\eclipse\Reference\target\classes started by sonzw in C:\DEV_SRC\eclipse\Reference)
2026-03-11 17:08:04 DEBUG [restartedMain] d.b.reference.ReferenceApplication - Running with Spring Boot v3.4.3, Spring v6.2.3
2026-03-11 17:08:04 DEBUG [restartedMain] d.b.reference.ReferenceApplication - Running with Spring Boot v3.4.3, Spring v6.2.3
2026-03-11 17:08:04 INFO  [restartedMain] d.b.reference.ReferenceApplication - No active profile set, falling back to 1 default profile: "default"
2026-03-11 17:08:04 INFO  [restartedMain] d.b.reference.ReferenceApplication - No active profile set, falling back to 1 default profile: "default"
2026-03-11 17:08:04 INFO  [restartedMain] o.s.b.d.e.DevToolsPropertyDefaultsPostProcessor - Devtools property defaults active! Set 'spring.devtools.add-properties' to 'false' to disable
2026-03-11 17:08:04 INFO  [restartedMain] o.s.b.d.e.DevToolsPropertyDefaultsPostProcessor - For additional web related logging consider setting the 'logging.level.web' property to 'DEBUG'
2026-03-11 17:08:07 WARN  [restartedMain] o.m.s.mapper.ClassPathMapperScanner - No MyBatis mapper was found in '[dev.binz.reference]' package. Please check your configuration.
2026-03-11 17:08:08 INFO  [restartedMain] o.s.b.w.e.tomcat.TomcatWebServer - Tomcat initialized with port 8080 (http)
2026-03-11 17:08:08 INFO  [restartedMain] o.a.coyote.http11.Http11NioProtocol - Initializing ProtocolHandler ["http-nio-8080"]
2026-03-11 17:08:08 INFO  [restartedMain] o.a.catalina.core.StandardService - Starting service [Tomcat]
2026-03-11 17:08:08 INFO  [restartedMain] o.a.catalina.core.StandardEngine - Starting Servlet engine: [Apache Tomcat/10.1.36]
2026-03-11 17:08:08 INFO  [restartedMain] o.a.c.c.C.[Tomcat].[localhost].[/] - Initializing Spring embedded WebApplicationContext
2026-03-11 17:08:08 INFO  [restartedMain] o.s.b.w.s.c.ServletWebServerApplicationContext - Root WebApplicationContext: initialization completed in 4196 ms
2026-03-11 17:08:09 DEBUG [restartedMain] d.binz.reference.filter.CustomFilter - CustomFilter 초기화됨
2026-03-11 17:08:09 DEBUG [restartedMain] d.binz.reference.filter.CustomFilter - CustomFilter 초기화됨
2026-03-11 17:08:09 DEBUG [restartedMain] d.binz.reference.filter.CustomFilter - CustomFilter 초기화됨
2026-03-11 17:08:09 DEBUG [restartedMain] d.binz.reference.filter.CustomFilter - CustomFilter 초기화됨
2026-03-11 17:08:10 INFO  [restartedMain] com.zaxxer.hikari.HikariDataSource - HikariPool-1 - Starting...
2026-03-11 17:08:10 INFO  [restartedMain] com.zaxxer.hikari.pool.HikariPool - HikariPool-1 - Added connection conn0: url=jdbc:h2:mem:f4bd706f-5b7c-46e3-aef6-000f95d4c030 user=SA
2026-03-11 17:08:10 INFO  [restartedMain] com.zaxxer.hikari.HikariDataSource - HikariPool-1 - Start completed.
2026-03-11 17:08:10 INFO  [restartedMain] o.s.b.a.h.H2ConsoleAutoConfiguration - H2 console available at '/h2-console'. Database available at 'jdbc:h2:mem:f4bd706f-5b7c-46e3-aef6-000f95d4c030'
2026-03-11 17:08:11 INFO  [restartedMain] o.s.b.d.a.OptionalLiveReloadServer - LiveReload server is running on port 35729
2026-03-11 17:08:11 INFO  [restartedMain] o.a.coyote.http11.Http11NioProtocol - Starting ProtocolHandler ["http-nio-8080"]
2026-03-11 17:08:11 INFO  [restartedMain] o.s.b.w.e.tomcat.TomcatWebServer - Tomcat started on port 8080 (http) with context path '/'
2026-03-11 17:08:11 INFO  [restartedMain] d.b.reference.ReferenceApplication - Started ReferenceApplication in 8.755 seconds (process running for 11.388)
2026-03-11 17:08:11 INFO  [restartedMain] d.b.reference.ReferenceApplication - Started ReferenceApplication in 8.755 seconds (process running for 11.388)
2026-03-11 17:08:15 INFO  [http-nio-8080-exec-1] o.a.c.c.C.[Tomcat].[localhost].[/] - Initializing Spring DispatcherServlet 'dispatcherServlet'
2026-03-11 17:08:15 INFO  [http-nio-8080-exec-1] o.s.web.servlet.DispatcherServlet - Initializing Servlet 'dispatcherServlet'
2026-03-11 17:08:15 INFO  [http-nio-8080-exec-1] o.s.web.servlet.DispatcherServlet - Completed initialization in 3 ms
2026-03-11 17:08:15 DEBUG [http-nio-8080-exec-1] d.binz.reference.filter.CustomFilter - [CustomFilter] 요청 필터링 시작
2026-03-11 17:08:15 DEBUG [http-nio-8080-exec-1] d.binz.reference.filter.CustomFilter - [CustomFilter] 요청 필터링 시작
2026-03-11 17:08:15 DEBUG [http-nio-8080-exec-1] d.binz.reference.filter.CustomFilter - [CustomFilter] 요청 필터링 완료
2026-03-11 17:08:15 DEBUG [http-nio-8080-exec-1] d.binz.reference.filter.CustomFilter - [CustomFilter] 요청 필터링 완료
2026-03-11 17:08:21 DEBUG [http-nio-8080-exec-2] d.binz.reference.filter.CustomFilter - [CustomFilter] 요청 필터링 시작
2026-03-11 17:08:21 DEBUG [http-nio-8080-exec-2] d.binz.reference.filter.CustomFilter - [CustomFilter] 요청 필터링 시작
2026-03-11 17:08:21 DEBUG [http-nio-8080-exec-2] d.binz.reference.filter.CustomFilter - [CustomFilter] 요청 필터링 완료
2026-03-11 17:08:21 DEBUG [http-nio-8080-exec-2] d.binz.reference.filter.CustomFilter - [CustomFilter] 요청 필터링 완료
2026-03-11 17:10:39 INFO  [SpringApplicationShutdownHook] o.s.b.w.e.tomcat.GracefulShutdown - Commencing graceful shutdown. Waiting for active requests to complete
2026-03-11 17:10:39 INFO  [tomcat-shutdown] o.s.b.w.e.tomcat.GracefulShutdown - Graceful shutdown complete
2026-03-11 17:10:39 WARN  [SpringApplicationShutdownHook] o.s.b.f.s.DisposableBeanAdapter - Invocation of destroy method failed on bean with name 'inMemoryDatabaseShutdownExecutor': org.h2.jdbc.JdbcSQLNonTransientConnectionException: Database is already closed (to disable automatic closing at VM shutdown, add ";DB_CLOSE_ON_EXIT=FALSE" to the db URL) [90121-232]
2026-03-11 17:10:39 INFO  [SpringApplicationShutdownHook] com.zaxxer.hikari.HikariDataSource - HikariPool-1 - Shutdown initiated...
2026-03-11 17:10:39 INFO  [SpringApplicationShutdownHook] com.zaxxer.hikari.HikariDataSource - HikariPool-1 - Shutdown completed.
2026-03-11 17:10:39 DEBUG [SpringApplicationShutdownHook] d.binz.reference.filter.CustomFilter - CustomFilter 종료됨
2026-03-11 17:10:39 DEBUG [SpringApplicationShutdownHook] d.binz.reference.filter.CustomFilter - CustomFilter 종료됨
2026-03-11 17:10:39 DEBUG [SpringApplicationShutdownHook] d.binz.reference.filter.CustomFilter - CustomFilter 종료됨
2026-03-11 17:10:39 DEBUG [SpringApplicationShutdownHook] d.binz.reference.filter.CustomFilter - CustomFilter 종료됨
2026-03-12 10:34:21 INFO  [background-preinit] o.h.validator.internal.util.Version - HV000001: Hibernate Validator 8.0.2.Final
2026-03-12 10:34:22 INFO  [restartedMain] d.b.reference.ReferenceApplication - Starting ReferenceApplication using Java 21.0.10 with PID 10720 (C:\DEV_SRC\eclipse\Reference\target\classes started by sonzw in C:\DEV_SRC\eclipse\Reference)
2026-03-12 10:34:22 INFO  [restartedMain] d.b.reference.ReferenceApplication - Starting ReferenceApplication using Java 21.0.10 with PID 10720 (C:\DEV_SRC\eclipse\Reference\target\classes started by sonzw in C:\DEV_SRC\eclipse\Reference)
2026-03-12 10:34:22 DEBUG [restartedMain] d.b.reference.ReferenceApplication - Running with Spring Boot v3.4.3, Spring v6.2.3
2026-03-12 10:34:22 DEBUG [restartedMain] d.b.reference.ReferenceApplication - Running with Spring Boot v3.4.3, Spring v6.2.3
2026-03-12 10:34:22 INFO  [restartedMain] d.b.reference.ReferenceApplication - No active profile set, falling back to 1 default profile: "default"
2026-03-12 10:34:22 INFO  [restartedMain] d.b.reference.ReferenceApplication - No active profile set, falling back to 1 default profile: "default"
2026-03-12 10:34:22 INFO  [restartedMain] o.s.b.d.e.DevToolsPropertyDefaultsPostProcessor - Devtools property defaults active! Set 'spring.devtools.add-properties' to 'false' to disable
2026-03-12 10:34:22 INFO  [restartedMain] o.s.b.d.e.DevToolsPropertyDefaultsPostProcessor - For additional web related logging consider setting the 'logging.level.web' property to 'DEBUG'
2026-03-12 10:34:26 WARN  [restartedMain] o.m.s.mapper.ClassPathMapperScanner - No MyBatis mapper was found in '[dev.binz.reference]' package. Please check your configuration.
2026-03-12 10:34:28 INFO  [restartedMain] o.s.b.w.e.tomcat.TomcatWebServer - Tomcat initialized with port 8080 (http)
2026-03-12 10:34:28 INFO  [restartedMain] o.a.coyote.http11.Http11NioProtocol - Initializing ProtocolHandler ["http-nio-8080"]
2026-03-12 10:34:28 INFO  [restartedMain] o.a.catalina.core.StandardService - Starting service [Tomcat]
2026-03-12 10:34:28 INFO  [restartedMain] o.a.catalina.core.StandardEngine - Starting Servlet engine: [Apache Tomcat/10.1.36]
2026-03-12 10:34:28 INFO  [restartedMain] o.a.c.c.C.[Tomcat].[localhost].[/] - Initializing Spring embedded WebApplicationContext
2026-03-12 10:34:28 INFO  [restartedMain] o.s.b.w.s.c.ServletWebServerApplicationContext - Root WebApplicationContext: initialization completed in 6259 ms
2026-03-12 10:34:28 DEBUG [restartedMain] d.binz.reference.filter.CustomFilter - CustomFilter 초기화됨
2026-03-12 10:34:28 DEBUG [restartedMain] d.binz.reference.filter.CustomFilter - CustomFilter 초기화됨
2026-03-12 10:34:28 DEBUG [restartedMain] d.binz.reference.filter.CustomFilter - CustomFilter 초기화됨
2026-03-12 10:34:28 DEBUG [restartedMain] d.binz.reference.filter.CustomFilter - CustomFilter 초기화됨
2026-03-12 10:34:29 INFO  [restartedMain] com.zaxxer.hikari.HikariDataSource - HikariPool-1 - Starting...
2026-03-12 10:34:30 INFO  [restartedMain] com.zaxxer.hikari.pool.HikariPool - HikariPool-1 - Added connection conn0: url=jdbc:h2:mem:e6f28712-3d82-44a8-8a1b-5d546c84abdc user=SA
2026-03-12 10:34:30 INFO  [restartedMain] com.zaxxer.hikari.HikariDataSource - HikariPool-1 - Start completed.
2026-03-12 10:34:30 INFO  [restartedMain] o.s.b.a.h.H2ConsoleAutoConfiguration - H2 console available at '/h2-console'. Database available at 'jdbc:h2:mem:e6f28712-3d82-44a8-8a1b-5d546c84abdc'
2026-03-12 10:34:30 INFO  [restartedMain] o.s.b.d.a.OptionalLiveReloadServer - LiveReload server is running on port 35729
2026-03-12 10:34:30 INFO  [restartedMain] o.a.coyote.http11.Http11NioProtocol - Starting ProtocolHandler ["http-nio-8080"]
2026-03-12 10:34:30 INFO  [restartedMain] o.s.b.w.e.tomcat.TomcatWebServer - Tomcat started on port 8080 (http) with context path '/'
2026-03-12 10:34:30 INFO  [restartedMain] d.b.reference.ReferenceApplication - Started ReferenceApplication in 11.777 seconds (process running for 17.239)
2026-03-12 10:34:30 INFO  [restartedMain] d.b.reference.ReferenceApplication - Started ReferenceApplication in 11.777 seconds (process running for 17.239)
2026-03-12 15:22:24 INFO  [SpringApplicationShutdownHook] o.s.b.w.e.tomcat.GracefulShutdown - Commencing graceful shutdown. Waiting for active requests to complete
2026-03-12 15:22:24 INFO  [tomcat-shutdown] o.s.b.w.e.tomcat.GracefulShutdown - Graceful shutdown complete
2026-03-12 15:22:24 WARN  [SpringApplicationShutdownHook] o.s.b.f.s.DisposableBeanAdapter - Invocation of destroy method failed on bean with name 'inMemoryDatabaseShutdownExecutor': org.h2.jdbc.JdbcSQLNonTransientConnectionException: Database is already closed (to disable automatic closing at VM shutdown, add ";DB_CLOSE_ON_EXIT=FALSE" to the db URL) [90121-232]
2026-03-12 15:22:24 INFO  [SpringApplicationShutdownHook] com.zaxxer.hikari.HikariDataSource - HikariPool-1 - Shutdown initiated...
2026-03-12 15:22:24 INFO  [SpringApplicationShutdownHook] com.zaxxer.hikari.HikariDataSource - HikariPool-1 - Shutdown completed.
2026-03-12 15:22:24 DEBUG [SpringApplicationShutdownHook] d.binz.reference.filter.CustomFilter - CustomFilter 종료됨
2026-03-12 15:22:24 DEBUG [SpringApplicationShutdownHook] d.binz.reference.filter.CustomFilter - CustomFilter 종료됨
2026-03-12 15:22:24 DEBUG [SpringApplicationShutdownHook] d.binz.reference.filter.CustomFilter - CustomFilter 종료됨
2026-03-12 15:22:24 DEBUG [SpringApplicationShutdownHook] d.binz.reference.filter.CustomFilter - CustomFilter 종료됨
2026-03-12 14:25:19 INFO  [background-preinit] o.h.validator.internal.util.Version - HV000001: Hibernate Validator 8.0.2.Final
2026-03-12 14:25:20 INFO  [restartedMain] d.b.reference.ReferenceApplication - Starting ReferenceApplication using Java 21.0.10 with PID 12347 (/root/projects/Reference/target/classes started by root in /root/projects/Reference)
2026-03-12 14:25:20 INFO  [restartedMain] d.b.reference.ReferenceApplication - Starting ReferenceApplication using Java 21.0.10 with PID 12347 (/root/projects/Reference/target/classes started by root in /root/projects/Reference)
2026-03-12 14:25:20 DEBUG [restartedMain] d.b.reference.ReferenceApplication - Running with Spring Boot v3.4.3, Spring v6.2.3
2026-03-12 14:25:20 DEBUG [restartedMain] d.b.reference.ReferenceApplication - Running with Spring Boot v3.4.3, Spring v6.2.3
2026-03-12 14:25:20 INFO  [restartedMain] d.b.reference.ReferenceApplication - No active profile set, falling back to 1 default profile: "default"
2026-03-12 14:25:20 INFO  [restartedMain] d.b.reference.ReferenceApplication - No active profile set, falling back to 1 default profile: "default"
2026-03-12 14:25:20 INFO  [restartedMain] o.s.b.d.e.DevToolsPropertyDefaultsPostProcessor - Devtools property defaults active! Set 'spring.devtools.add-properties' to 'false' to disable
2026-03-12 14:25:20 INFO  [restartedMain] o.s.b.d.e.DevToolsPropertyDefaultsPostProcessor - For additional web related logging consider setting the 'logging.level.web' property to 'DEBUG'
2026-03-12 14:25:23 WARN  [restartedMain] o.m.s.mapper.ClassPathMapperScanner - No MyBatis mapper was found in '[dev.binz.reference]' package. Please check your configuration.
2026-03-12 14:25:25 INFO  [restartedMain] o.s.b.w.e.tomcat.TomcatWebServer - Tomcat initialized with port 8080 (http)
2026-03-12 14:25:25 INFO  [restartedMain] o.s.b.w.s.c.ServletWebServerApplicationContext - Root WebApplicationContext: initialization completed in 5706 ms
2026-03-12 14:25:26 DEBUG [restartedMain] d.binz.reference.filter.CustomFilter - CustomFilter 초기화됨
2026-03-12 14:25:26 DEBUG [restartedMain] d.binz.reference.filter.CustomFilter - CustomFilter 초기화됨
2026-03-12 14:25:26 DEBUG [restartedMain] d.binz.reference.filter.CustomFilter - CustomFilter 초기화됨
2026-03-12 14:25:26 DEBUG [restartedMain] d.binz.reference.filter.CustomFilter - CustomFilter 초기화됨
2026-03-12 14:25:28 INFO  [restartedMain] com.zaxxer.hikari.HikariDataSource - HikariPool-1 - Starting...
2026-03-12 14:25:28 INFO  [restartedMain] com.zaxxer.hikari.pool.HikariPool - HikariPool-1 - Added connection conn0: url=jdbc:h2:mem:18ee39e7-a9aa-4a8b-b4d8-cdb869a97470 user=SA
2026-03-12 14:25:28 INFO  [restartedMain] com.zaxxer.hikari.HikariDataSource - HikariPool-1 - Start completed.
2026-03-12 14:25:28 INFO  [restartedMain] o.s.b.a.h.H2ConsoleAutoConfiguration - H2 console available at '/h2-console'. Database available at 'jdbc:h2:mem:18ee39e7-a9aa-4a8b-b4d8-cdb869a97470'
2026-03-12 14:25:29 INFO  [restartedMain] o.s.b.d.a.OptionalLiveReloadServer - LiveReload server is running on port 35729
2026-03-12 14:25:29 WARN  [restartedMain] o.s.b.w.s.c.AnnotationConfigServletWebServerApplicationContext - Exception encountered during context initialization - cancelling refresh attempt: org.springframework.context.ApplicationContextException: Failed to start bean 'webServerStartStop'
2026-03-12 14:25:29 WARN  [restartedMain] o.s.b.f.s.DisposableBeanAdapter - Invocation of destroy method failed on bean with name 'inMemoryDatabaseShutdownExecutor': org.h2.jdbc.JdbcSQLNonTransientConnectionException: Database is already closed (to disable automatic closing at VM shutdown, add ";DB_CLOSE_ON_EXIT=FALSE" to the db URL) [90121-232]
2026-03-12 14:25:29 INFO  [restartedMain] com.zaxxer.hikari.HikariDataSource - HikariPool-1 - Shutdown initiated...
2026-03-12 14:25:29 INFO  [restartedMain] com.zaxxer.hikari.HikariDataSource - HikariPool-1 - Shutdown completed.
2026-03-12 14:25:29 DEBUG [restartedMain] d.binz.reference.filter.CustomFilter - CustomFilter 종료됨
2026-03-12 14:25:29 DEBUG [restartedMain] d.binz.reference.filter.CustomFilter - CustomFilter 종료됨
2026-03-12 14:25:29 DEBUG [restartedMain] d.binz.reference.filter.CustomFilter - CustomFilter 종료됨
2026-03-12 14:25:29 DEBUG [restartedMain] d.binz.reference.filter.CustomFilter - CustomFilter 종료됨
2026-03-12 14:29:26 INFO  [background-preinit] o.h.validator.internal.util.Version - HV000001: Hibernate Validator 8.0.2.Final
2026-03-12 14:29:26 INFO  [restartedMain] d.b.reference.ReferenceApplication - Starting ReferenceApplication using Java 21.0.10 with PID 14604 (/root/projects/Reference/target/classes started by root in /root/projects/Reference)
2026-03-12 14:29:26 INFO  [restartedMain] d.b.reference.ReferenceApplication - Starting ReferenceApplication using Java 21.0.10 with PID 14604 (/root/projects/Reference/target/classes started by root in /root/projects/Reference)
2026-03-12 14:29:26 DEBUG [restartedMain] d.b.reference.ReferenceApplication - Running with Spring Boot v3.4.3, Spring v6.2.3
2026-03-12 14:29:26 DEBUG [restartedMain] d.b.reference.ReferenceApplication - Running with Spring Boot v3.4.3, Spring v6.2.3
2026-03-12 14:29:26 INFO  [restartedMain] d.b.reference.ReferenceApplication - No active profile set, falling back to 1 default profile: "default"
2026-03-12 14:29:26 INFO  [restartedMain] d.b.reference.ReferenceApplication - No active profile set, falling back to 1 default profile: "default"
2026-03-12 14:29:26 INFO  [restartedMain] o.s.b.d.e.DevToolsPropertyDefaultsPostProcessor - Devtools property defaults active! Set 'spring.devtools.add-properties' to 'false' to disable
2026-03-12 14:29:26 INFO  [restartedMain] o.s.b.d.e.DevToolsPropertyDefaultsPostProcessor - For additional web related logging consider setting the 'logging.level.web' property to 'DEBUG'
2026-03-12 14:29:31 WARN  [restartedMain] o.m.s.mapper.ClassPathMapperScanner - No MyBatis mapper was found in '[dev.binz.reference]' package. Please check your configuration.
2026-03-12 14:29:33 INFO  [restartedMain] o.s.b.w.e.tomcat.TomcatWebServer - Tomcat initialized with port 8090 (http)
2026-03-12 14:29:33 INFO  [restartedMain] o.a.coyote.http11.Http11NioProtocol - Initializing ProtocolHandler ["http-nio-8090"]
2026-03-12 14:29:33 INFO  [restartedMain] o.a.catalina.core.StandardService - Starting service [Tomcat]
2026-03-12 14:29:33 INFO  [restartedMain] o.a.catalina.core.StandardEngine - Starting Servlet engine: [Apache Tomcat/10.1.36]
2026-03-12 14:29:33 INFO  [restartedMain] o.a.c.c.C.[Tomcat].[localhost].[/] - Initializing Spring embedded WebApplicationContext
2026-03-12 14:29:33 INFO  [restartedMain] o.s.b.w.s.c.ServletWebServerApplicationContext - Root WebApplicationContext: initialization completed in 6914 ms
2026-03-12 14:29:34 DEBUG [restartedMain] d.binz.reference.filter.CustomFilter - CustomFilter 초기화됨
2026-03-12 14:29:34 DEBUG [restartedMain] d.binz.reference.filter.CustomFilter - CustomFilter 초기화됨
2026-03-12 14:29:34 DEBUG [restartedMain] d.binz.reference.filter.CustomFilter - CustomFilter 초기화됨
2026-03-12 14:29:34 DEBUG [restartedMain] d.binz.reference.filter.CustomFilter - CustomFilter 초기화됨
2026-03-12 14:29:36 INFO  [restartedMain] com.zaxxer.hikari.HikariDataSource - HikariPool-1 - Starting...
2026-03-12 14:29:36 INFO  [restartedMain] com.zaxxer.hikari.pool.HikariPool - HikariPool-1 - Added connection conn0: url=jdbc:h2:mem:d09dc1ed-0174-4b0a-afa6-f9b77e319c86 user=SA
2026-03-12 14:29:36 INFO  [restartedMain] com.zaxxer.hikari.HikariDataSource - HikariPool-1 - Start completed.
2026-03-12 14:29:37 INFO  [restartedMain] o.s.b.a.h.H2ConsoleAutoConfiguration - H2 console available at '/h2-console'. Database available at 'jdbc:h2:mem:d09dc1ed-0174-4b0a-afa6-f9b77e319c86'
2026-03-12 14:29:37 INFO  [restartedMain] o.s.b.d.a.OptionalLiveReloadServer - LiveReload server is running on port 35729
2026-03-12 14:29:37 INFO  [restartedMain] o.s.b.a.e.web.EndpointLinksResolver - Exposing 1 endpoint beneath base path '/actuator'
2026-03-12 14:29:37 INFO  [restartedMain] o.a.coyote.http11.Http11NioProtocol - Starting ProtocolHandler ["http-nio-8090"]
2026-03-12 14:29:37 INFO  [restartedMain] o.s.b.w.e.tomcat.TomcatWebServer - Tomcat started on port 8090 (http) with context path '/'
2026-03-12 14:29:37 INFO  [restartedMain] d.b.reference.ReferenceApplication - Started ReferenceApplication in 12.905 seconds (process running for 15.111)
2026-03-12 14:29:37 INFO  [restartedMain] d.b.reference.ReferenceApplication - Started ReferenceApplication in 12.905 seconds (process running for 15.111)
2026-03-12 14:29:54 INFO  [http-nio-8090-exec-1] o.a.c.c.C.[Tomcat].[localhost].[/] - Initializing Spring DispatcherServlet 'dispatcherServlet'
2026-03-12 14:29:54 INFO  [http-nio-8090-exec-1] o.s.web.servlet.DispatcherServlet - Initializing Servlet 'dispatcherServlet'
2026-03-12 14:29:54 INFO  [http-nio-8090-exec-1] o.s.web.servlet.DispatcherServlet - Completed initialization in 2 ms
2026-03-12 14:29:54 DEBUG [http-nio-8090-exec-1] d.binz.reference.filter.CustomFilter - [CustomFilter] 요청 필터링 시작
2026-03-12 14:29:54 DEBUG [http-nio-8090-exec-1] d.binz.reference.filter.CustomFilter - [CustomFilter] 요청 필터링 시작
2026-03-12 14:29:54 DEBUG [http-nio-8090-exec-1] d.binz.reference.filter.CustomFilter - [CustomFilter] 요청 필터링 완료
2026-03-12 14:29:54 DEBUG [http-nio-8090-exec-1] d.binz.reference.filter.CustomFilter - [CustomFilter] 요청 필터링 완료
2026-03-12 14:29:54 DEBUG [http-nio-8090-exec-2] d.binz.reference.filter.CustomFilter - [CustomFilter] 요청 필터링 시작
2026-03-12 14:29:54 DEBUG [http-nio-8090-exec-2] d.binz.reference.filter.CustomFilter - [CustomFilter] 요청 필터링 시작
2026-03-12 14:29:54 DEBUG [http-nio-8090-exec-2] d.binz.reference.filter.CustomFilter - [CustomFilter] 요청 필터링 완료
2026-03-12 14:29:54 DEBUG [http-nio-8090-exec-2] d.binz.reference.filter.CustomFilter - [CustomFilter] 요청 필터링 완료
2026-03-12 14:30:07 DEBUG [http-nio-8090-exec-3] d.binz.reference.filter.CustomFilter - [CustomFilter] 요청 필터링 시작
2026-03-12 14:30:07 DEBUG [http-nio-8090-exec-3] d.binz.reference.filter.CustomFilter - [CustomFilter] 요청 필터링 시작
2026-03-12 14:30:08 DEBUG [http-nio-8090-exec-3] d.binz.reference.filter.CustomFilter - [CustomFilter] 요청 필터링 완료
2026-03-12 14:30:08 DEBUG [http-nio-8090-exec-3] d.binz.reference.filter.CustomFilter - [CustomFilter] 요청 필터링 완료
2026-03-12 14:30:10 DEBUG [http-nio-8090-exec-4] d.binz.reference.filter.CustomFilter - [CustomFilter] 요청 필터링 시작
2026-03-12 14:30:10 DEBUG [http-nio-8090-exec-4] d.binz.reference.filter.CustomFilter - [CustomFilter] 요청 필터링 시작
2026-03-12 14:30:10 DEBUG [http-nio-8090-exec-4] d.binz.reference.filter.CustomFilter - [CustomFilter] 요청 필터링 완료
2026-03-12 14:30:10 DEBUG [http-nio-8090-exec-4] d.binz.reference.filter.CustomFilter - [CustomFilter] 요청 필터링 완료
2026-03-12 14:31:15 INFO  [SpringApplicationShutdownHook] o.s.b.w.e.tomcat.GracefulShutdown - Commencing graceful shutdown. Waiting for active requests to complete
2026-03-12 14:38:18 INFO  [background-preinit] o.h.validator.internal.util.Version - HV000001: Hibernate Validator 8.0.2.Final
2026-03-12 14:38:19 INFO  [restartedMain] d.b.reference.ReferenceApplication - Starting ReferenceApplication using Java 21.0.10 with PID 22478 (/root/projects/Reference/target/classes started by root in /root/projects/Reference)
2026-03-12 14:38:19 INFO  [restartedMain] d.b.reference.ReferenceApplication - Starting ReferenceApplication using Java 21.0.10 with PID 22478 (/root/projects/Reference/target/classes started by root in /root/projects/Reference)
2026-03-12 14:38:19 DEBUG [restartedMain] d.b.reference.ReferenceApplication - Running with Spring Boot v3.4.3, Spring v6.2.3
2026-03-12 14:38:19 DEBUG [restartedMain] d.b.reference.ReferenceApplication - Running with Spring Boot v3.4.3, Spring v6.2.3
2026-03-12 14:38:19 INFO  [restartedMain] d.b.reference.ReferenceApplication - No active profile set, falling back to 1 default profile: "default"
2026-03-12 14:38:19 INFO  [restartedMain] d.b.reference.ReferenceApplication - No active profile set, falling back to 1 default profile: "default"
2026-03-12 14:38:19 INFO  [restartedMain] o.s.b.d.e.DevToolsPropertyDefaultsPostProcessor - Devtools property defaults active! Set 'spring.devtools.add-properties' to 'false' to disable
2026-03-12 14:38:19 INFO  [restartedMain] o.s.b.d.e.DevToolsPropertyDefaultsPostProcessor - For additional web related logging consider setting the 'logging.level.web' property to 'DEBUG'
2026-03-12 14:38:22 WARN  [restartedMain] o.m.s.mapper.ClassPathMapperScanner - No MyBatis mapper was found in '[dev.binz.reference]' package. Please check your configuration.
2026-03-12 14:38:24 INFO  [restartedMain] o.s.b.w.e.tomcat.TomcatWebServer - Tomcat initialized with port 8090 (http)
2026-03-12 14:38:24 INFO  [restartedMain] o.a.coyote.http11.Http11NioProtocol - Initializing ProtocolHandler ["http-nio-8090"]
2026-03-12 14:38:24 INFO  [restartedMain] o.a.catalina.core.StandardService - Starting service [Tomcat]
2026-03-12 14:38:24 INFO  [restartedMain] o.a.catalina.core.StandardEngine - Starting Servlet engine: [Apache Tomcat/10.1.36]
2026-03-12 14:38:24 INFO  [restartedMain] o.a.c.c.C.[Tomcat].[localhost].[/] - Initializing Spring embedded WebApplicationContext
2026-03-12 14:38:24 INFO  [restartedMain] o.s.b.w.s.c.ServletWebServerApplicationContext - Root WebApplicationContext: initialization completed in 4943 ms
2026-03-12 14:38:24 DEBUG [restartedMain] d.binz.reference.filter.CustomFilter - CustomFilter 초기화됨
2026-03-12 14:38:24 DEBUG [restartedMain] d.binz.reference.filter.CustomFilter - CustomFilter 초기화됨
2026-03-12 14:38:24 DEBUG [restartedMain] d.binz.reference.filter.CustomFilter - CustomFilter 초기화됨
2026-03-12 14:38:24 DEBUG [restartedMain] d.binz.reference.filter.CustomFilter - CustomFilter 초기화됨
2026-03-12 14:38:26 INFO  [restartedMain] com.zaxxer.hikari.HikariDataSource - HikariPool-1 - Starting...
2026-03-12 14:38:26 INFO  [restartedMain] com.zaxxer.hikari.pool.HikariPool - HikariPool-1 - Added connection conn0: url=jdbc:h2:mem:39d82a1e-d7dc-428f-80c1-d3856df0bd22 user=SA
2026-03-12 14:38:26 INFO  [restartedMain] com.zaxxer.hikari.HikariDataSource - HikariPool-1 - Start completed.
2026-03-12 14:38:26 INFO  [restartedMain] o.s.b.a.h.H2ConsoleAutoConfiguration - H2 console available at '/h2-console'. Database available at 'jdbc:h2:mem:39d82a1e-d7dc-428f-80c1-d3856df0bd22'
2026-03-12 14:38:26 INFO  [restartedMain] o.s.b.d.a.OptionalLiveReloadServer - LiveReload server is running on port 35729
2026-03-12 14:38:26 INFO  [restartedMain] o.s.b.a.e.web.EndpointLinksResolver - Exposing 1 endpoint beneath base path '/actuator'
2026-03-12 14:38:26 INFO  [restartedMain] o.a.coyote.http11.Http11NioProtocol - Starting ProtocolHandler ["http-nio-8090"]
2026-03-12 14:38:27 INFO  [restartedMain] o.s.b.w.e.tomcat.TomcatWebServer - Tomcat started on port 8090 (http) with context path '/'
2026-03-12 14:38:27 INFO  [restartedMain] d.b.reference.ReferenceApplication - Started ReferenceApplication in 9.728 seconds (process running for 12.083)
2026-03-12 14:38:27 INFO  [restartedMain] d.b.reference.ReferenceApplication - Started ReferenceApplication in 9.728 seconds (process running for 12.083)
2026-03-12 14:38:28 INFO  [http-nio-8090-exec-1] o.a.c.c.C.[Tomcat].[localhost].[/] - Initializing Spring DispatcherServlet 'dispatcherServlet'
2026-03-12 14:38:28 INFO  [http-nio-8090-exec-1] o.s.web.servlet.DispatcherServlet - Initializing Servlet 'dispatcherServlet'
2026-03-12 14:38:28 INFO  [http-nio-8090-exec-1] o.s.web.servlet.DispatcherServlet - Completed initialization in 3 ms
2026-03-12 14:38:28 DEBUG [http-nio-8090-exec-1] d.binz.reference.filter.CustomFilter - [CustomFilter] 요청 필터링 시작
2026-03-12 14:38:28 DEBUG [http-nio-8090-exec-1] d.binz.reference.filter.CustomFilter - [CustomFilter] 요청 필터링 시작
2026-03-12 14:38:29 DEBUG [http-nio-8090-exec-1] d.binz.reference.filter.CustomFilter - [CustomFilter] 요청 필터링 완료
2026-03-12 14:38:29 DEBUG [http-nio-8090-exec-1] d.binz.reference.filter.CustomFilter - [CustomFilter] 요청 필터링 완료
2026-03-12 14:38:29 DEBUG [http-nio-8090-exec-2] d.binz.reference.filter.CustomFilter - [CustomFilter] 요청 필터링 시작
2026-03-12 14:38:29 DEBUG [http-nio-8090-exec-2] d.binz.reference.filter.CustomFilter - [CustomFilter] 요청 필터링 시작
2026-03-12 14:38:29 DEBUG [http-nio-8090-exec-2] d.binz.reference.filter.CustomFilter - [CustomFilter] 요청 필터링 완료
2026-03-12 14:38:29 DEBUG [http-nio-8090-exec-2] d.binz.reference.filter.CustomFilter - [CustomFilter] 요청 필터링 완료
2026-03-30 13:47:29 INFO  [background-preinit] o.h.validator.internal.util.Version - HV000001: Hibernate Validator 8.0.2.Final
2026-03-30 13:47:30 INFO  [restartedMain] d.b.reference.ReferenceApplication - Starting ReferenceApplication using Java 21.0.10 with PID 12000 (/root/projects/Reference/target/classes started by root in /root/projects/Reference)
2026-03-30 13:47:30 INFO  [restartedMain] d.b.reference.ReferenceApplication - Starting ReferenceApplication using Java 21.0.10 with PID 12000 (/root/projects/Reference/target/classes started by root in /root/projects/Reference)
2026-03-30 13:47:30 DEBUG [restartedMain] d.b.reference.ReferenceApplication - Running with Spring Boot v3.4.3, Spring v6.2.3
2026-03-30 13:47:30 DEBUG [restartedMain] d.b.reference.ReferenceApplication - Running with Spring Boot v3.4.3, Spring v6.2.3
2026-03-30 13:47:30 INFO  [restartedMain] d.b.reference.ReferenceApplication - No active profile set, falling back to 1 default profile: "default"
2026-03-30 13:47:30 INFO  [restartedMain] d.b.reference.ReferenceApplication - No active profile set, falling back to 1 default profile: "default"
2026-03-30 13:47:30 INFO  [restartedMain] o.s.b.d.e.DevToolsPropertyDefaultsPostProcessor - Devtools property defaults active! Set 'spring.devtools.add-properties' to 'false' to disable
2026-03-30 13:47:30 INFO  [restartedMain] o.s.b.d.e.DevToolsPropertyDefaultsPostProcessor - For additional web related logging consider setting the 'logging.level.web' property to 'DEBUG'
2026-03-30 13:47:35 INFO  [restartedMain] o.s.d.r.c.RepositoryConfigurationDelegate - Bootstrapping Spring Data JPA repositories in DEFAULT mode.
2026-03-30 13:47:36 INFO  [restartedMain] o.s.d.r.c.RepositoryConfigurationDelegate - Finished Spring Data repository scanning in 340 ms. Found 1 JPA repository interface.
2026-03-30 13:47:36 WARN  [restartedMain] o.m.s.mapper.ClassPathMapperScanner - No MyBatis mapper was found in '[dev.binz.reference]' package. Please check your configuration.
2026-03-30 13:47:40 INFO  [restartedMain] o.s.b.w.e.tomcat.TomcatWebServer - Tomcat initialized with port 8090 (http)
2026-03-30 13:47:40 INFO  [restartedMain] o.a.coyote.http11.Http11NioProtocol - Initializing ProtocolHandler ["http-nio-8090"]
2026-03-30 13:47:40 INFO  [restartedMain] o.a.catalina.core.StandardService - Starting service [Tomcat]
2026-03-30 13:47:40 INFO  [restartedMain] o.a.catalina.core.StandardEngine - Starting Servlet engine: [Apache Tomcat/10.1.36]
2026-03-30 13:47:41 INFO  [restartedMain] o.a.c.c.C.[Tomcat].[localhost].[/] - Initializing Spring embedded WebApplicationContext
2026-03-30 13:47:41 INFO  [restartedMain] o.s.b.w.s.c.ServletWebServerApplicationContext - Root WebApplicationContext: initialization completed in 10664 ms
2026-03-30 13:47:41 DEBUG [restartedMain] d.binz.reference.filter.CustomFilter - CustomFilter 초기화됨
2026-03-30 13:47:41 DEBUG [restartedMain] d.binz.reference.filter.CustomFilter - CustomFilter 초기화됨
2026-03-30 13:47:41 DEBUG [restartedMain] d.binz.reference.filter.CustomFilter - CustomFilter 초기화됨
2026-03-30 13:47:41 DEBUG [restartedMain] d.binz.reference.filter.CustomFilter - CustomFilter 초기화됨
2026-03-30 13:47:42 INFO  [restartedMain] com.zaxxer.hikari.HikariDataSource - HikariPool-1 - Starting...
2026-03-30 13:47:43 INFO  [restartedMain] com.zaxxer.hikari.pool.HikariPool - HikariPool-1 - Added connection conn0: url=jdbc:h2:mem:5c72fc9e-29b7-44fe-9b29-31f2d2281c24 user=SA
2026-03-30 13:47:43 INFO  [restartedMain] com.zaxxer.hikari.HikariDataSource - HikariPool-1 - Start completed.
2026-03-30 13:47:43 INFO  [restartedMain] o.h.jpa.internal.util.LogHelper - HHH000204: Processing PersistenceUnitInfo [name: default]
2026-03-30 13:47:43 INFO  [restartedMain] org.hibernate.Version - HHH000412: Hibernate ORM core version 6.6.8.Final
2026-03-30 13:47:44 INFO  [restartedMain] o.h.c.i.RegionFactoryInitiator - HHH000026: Second-level cache disabled
2026-03-30 13:47:45 INFO  [restartedMain] o.s.o.j.p.SpringPersistenceUnitInfo - No LoadTimeWeaver setup: ignoring JPA class transformer
2026-03-30 13:47:45 INFO  [restartedMain] o.hibernate.orm.connections.pooling - HHH10001005: Database info:
	Database JDBC URL [Connecting through datasource 'HikariDataSource (HikariPool-1)']
	Database driver: undefined/unknown
	Database version: 2.3.232
	Autocommit mode: undefined/unknown
	Isolation level: undefined/unknown
	Minimum pool size: undefined/unknown
	Maximum pool size: undefined/unknown
2026-03-30 13:47:49 INFO  [restartedMain] o.h.e.t.j.p.i.JtaPlatformInitiator - HHH000489: No JTA platform available (set 'hibernate.transaction.jta.platform' to enable JTA platform integration)
2026-03-30 13:47:49 INFO  [restartedMain] o.s.o.j.LocalContainerEntityManagerFactoryBean - Initialized JPA EntityManagerFactory for persistence unit 'default'
2026-03-30 13:47:52 WARN  [restartedMain] o.s.b.a.o.j.JpaBaseConfiguration$JpaWebConfiguration - spring.jpa.open-in-view is enabled by default. Therefore, database queries may be performed during view rendering. Explicitly configure spring.jpa.open-in-view to disable this warning
2026-03-30 13:48:00 INFO  [restartedMain] o.s.b.a.h.H2ConsoleAutoConfiguration - H2 console available at '/h2-console'. Database available at 'jdbc:h2:mem:5c72fc9e-29b7-44fe-9b29-31f2d2281c24'
2026-03-30 13:48:01 INFO  [restartedMain] o.s.b.d.a.OptionalLiveReloadServer - LiveReload server is running on port 35729
2026-03-30 13:48:01 INFO  [restartedMain] o.s.b.a.e.web.EndpointLinksResolver - Exposing 1 endpoint beneath base path '/actuator'
2026-03-30 13:48:02 INFO  [RMI TCP Connection(2)-127.0.0.1] o.a.c.c.C.[Tomcat].[localhost].[/] - Initializing Spring DispatcherServlet 'dispatcherServlet'
2026-03-30 13:48:02 INFO  [RMI TCP Connection(2)-127.0.0.1] o.s.web.servlet.DispatcherServlet - Initializing Servlet 'dispatcherServlet'
2026-03-30 13:48:02 INFO  [RMI TCP Connection(2)-127.0.0.1] o.s.web.servlet.DispatcherServlet - Completed initialization in 16 ms
2026-03-30 13:48:02 INFO  [restartedMain] o.a.coyote.http11.Http11NioProtocol - Starting ProtocolHandler ["http-nio-8090"]
2026-03-30 13:48:02 INFO  [restartedMain] o.s.b.w.e.tomcat.TomcatWebServer - Tomcat started on port 8090 (http) with context path '/'
2026-03-30 13:48:02 INFO  [restartedMain] d.b.reference.ReferenceApplication - Started ReferenceApplication in 35.059 seconds (process running for 38.509)
2026-03-30 13:48:02 INFO  [restartedMain] d.b.reference.ReferenceApplication - Started ReferenceApplication in 35.059 seconds (process running for 38.509)
2026-03-30 13:49:39 INFO  [File Watcher] o.s.b.d.a.LocalDevToolsAutoConfiguration$RestartingClassPathChangeChangedEventListener - Restarting due to 62 class path changes (0 additions, 62 deletions, 0 modifications)
2026-03-30 13:49:39 INFO  [Thread-5] o.s.b.w.e.tomcat.GracefulShutdown - Commencing graceful shutdown. Waiting for active requests to complete
2026-03-30 13:49:39 INFO  [tomcat-shutdown] o.a.coyote.http11.Http11NioProtocol - Pausing ProtocolHandler ["http-nio-8090"]
2026-03-30 13:49:39 INFO  [tomcat-shutdown] o.s.b.w.e.tomcat.GracefulShutdown - Graceful shutdown complete
2026-03-30 13:49:39 INFO  [Thread-5] o.a.coyote.http11.Http11NioProtocol - Stopping ProtocolHandler ["http-nio-8090"]
2026-03-30 13:49:39 INFO  [Thread-5] o.s.o.j.LocalContainerEntityManagerFactoryBean - Closing JPA EntityManagerFactory for persistence unit 'default'
2026-03-30 13:49:39 WARN  [Thread-5] o.s.b.f.s.DisposableBeanAdapter - Invocation of destroy method failed on bean with name 'inMemoryDatabaseShutdownExecutor': org.h2.jdbc.JdbcSQLNonTransientConnectionException: Database is already closed (to disable automatic closing at VM shutdown, add ";DB_CLOSE_ON_EXIT=FALSE" to the db URL) [90121-232]
2026-03-30 13:49:39 INFO  [Thread-5] com.zaxxer.hikari.HikariDataSource - HikariPool-1 - Shutdown initiated...
2026-03-30 13:49:39 INFO  [Thread-5] com.zaxxer.hikari.HikariDataSource - HikariPool-1 - Shutdown completed.
2026-03-30 13:49:39 DEBUG [Thread-5] d.binz.reference.filter.CustomFilter - CustomFilter 종료됨
2026-03-30 13:49:39 DEBUG [Thread-5] d.binz.reference.filter.CustomFilter - CustomFilter 종료됨
2026-03-30 13:49:39 DEBUG [Thread-5] d.binz.reference.filter.CustomFilter - CustomFilter 종료됨
2026-03-30 13:49:39 DEBUG [Thread-5] d.binz.reference.filter.CustomFilter - CustomFilter 종료됨
2026-03-30 13:50:02 INFO  [restartedMain] d.b.reference.ReferenceApplication - Starting ReferenceApplication using Java 21.0.10 with PID 12000 (/root/projects/Reference/target/classes started by root in /root/projects/Reference)
2026-03-30 13:50:02 INFO  [restartedMain] d.b.reference.ReferenceApplication - Starting ReferenceApplication using Java 21.0.10 with PID 12000 (/root/projects/Reference/target/classes started by root in /root/projects/Reference)
2026-03-30 13:50:02 DEBUG [restartedMain] d.b.reference.ReferenceApplication - Running with Spring Boot v3.4.3, Spring v6.2.3
2026-03-30 13:50:02 DEBUG [restartedMain] d.b.reference.ReferenceApplication - Running with Spring Boot v3.4.3, Spring v6.2.3
2026-03-30 13:50:02 INFO  [restartedMain] d.b.reference.ReferenceApplication - No active profile set, falling back to 1 default profile: "default"
2026-03-30 13:50:02 INFO  [restartedMain] d.b.reference.ReferenceApplication - No active profile set, falling back to 1 default profile: "default"
2026-03-30 13:50:10 INFO  [restartedMain] o.s.d.r.c.RepositoryConfigurationDelegate - Bootstrapping Spring Data JPA repositories in DEFAULT mode.
2026-03-30 13:50:10 INFO  [restartedMain] o.s.d.r.c.RepositoryConfigurationDelegate - Finished Spring Data repository scanning in 292 ms. Found 1 JPA repository interface.
2026-03-30 13:50:10 WARN  [restartedMain] o.m.s.mapper.ClassPathMapperScanner - No MyBatis mapper was found in '[dev.binz.reference]' package. Please check your configuration.
2026-03-30 13:50:11 INFO  [restartedMain] o.s.b.w.e.tomcat.TomcatWebServer - Tomcat initialized with port 8090 (http)
2026-03-30 13:50:11 INFO  [restartedMain] o.a.catalina.core.StandardService - Starting service [Tomcat]
2026-03-30 13:50:11 INFO  [restartedMain] o.a.catalina.core.StandardEngine - Starting Servlet engine: [Apache Tomcat/10.1.36]
2026-03-30 13:50:11 INFO  [restartedMain] o.a.c.c.C.[Tomcat-1].[localhost].[/] - Initializing Spring embedded WebApplicationContext
2026-03-30 13:50:11 INFO  [restartedMain] o.s.b.w.s.c.ServletWebServerApplicationContext - Root WebApplicationContext: initialization completed in 8725 ms
2026-03-30 13:50:11 DEBUG [restartedMain] d.binz.reference.filter.CustomFilter - CustomFilter 초기화됨
2026-03-30 13:50:11 DEBUG [restartedMain] d.binz.reference.filter.CustomFilter - CustomFilter 초기화됨
2026-03-30 13:50:11 DEBUG [restartedMain] d.binz.reference.filter.CustomFilter - CustomFilter 초기화됨
2026-03-30 13:50:11 DEBUG [restartedMain] d.binz.reference.filter.CustomFilter - CustomFilter 초기화됨
2026-03-30 13:50:12 INFO  [restartedMain] com.zaxxer.hikari.HikariDataSource - HikariPool-3 - Starting...
2026-03-30 13:50:12 INFO  [restartedMain] com.zaxxer.hikari.pool.HikariPool - HikariPool-3 - Added connection conn20: url=jdbc:h2:mem:1afcfe1f-2e16-4e2e-b4ac-599ef6ddcfec user=SA
2026-03-30 13:50:12 INFO  [restartedMain] com.zaxxer.hikari.HikariDataSource - HikariPool-3 - Start completed.
2026-03-30 13:50:12 INFO  [restartedMain] o.h.jpa.internal.util.LogHelper - HHH000204: Processing PersistenceUnitInfo [name: default]
2026-03-30 13:50:12 INFO  [restartedMain] o.h.c.i.RegionFactoryInitiator - HHH000026: Second-level cache disabled
2026-03-30 13:50:12 INFO  [restartedMain] o.s.o.j.p.SpringPersistenceUnitInfo - No LoadTimeWeaver setup: ignoring JPA class transformer
2026-03-30 13:50:12 INFO  [restartedMain] o.hibernate.orm.connections.pooling - HHH10001005: Database info:
	Database JDBC URL [Connecting through datasource 'HikariDataSource (HikariPool-3)']
	Database driver: undefined/unknown
	Database version: 2.3.232
	Autocommit mode: undefined/unknown
	Isolation level: undefined/unknown
	Minimum pool size: undefined/unknown
	Maximum pool size: undefined/unknown
2026-03-30 13:50:12 INFO  [restartedMain] o.h.e.t.j.p.i.JtaPlatformInitiator - HHH000489: No JTA platform available (set 'hibernate.transaction.jta.platform' to enable JTA platform integration)
2026-03-30 13:50:12 INFO  [restartedMain] o.s.o.j.LocalContainerEntityManagerFactoryBean - Initialized JPA EntityManagerFactory for persistence unit 'default'
2026-03-30 13:50:13 WARN  [restartedMain] o.s.b.a.o.j.JpaBaseConfiguration$JpaWebConfiguration - spring.jpa.open-in-view is enabled by default. Therefore, database queries may be performed during view rendering. Explicitly configure spring.jpa.open-in-view to disable this warning
2026-03-30 13:50:16 INFO  [restartedMain] o.s.b.a.h.H2ConsoleAutoConfiguration - H2 console available at '/h2-console'. Database available at 'jdbc:h2:mem:1afcfe1f-2e16-4e2e-b4ac-599ef6ddcfec'
2026-03-30 13:50:17 INFO  [restartedMain] o.s.b.d.a.OptionalLiveReloadServer - LiveReload server is running on port 35729
2026-03-30 13:50:17 INFO  [restartedMain] o.s.b.a.e.web.EndpointLinksResolver - Exposing 1 endpoint beneath base path '/actuator'
2026-03-30 13:50:17 INFO  [restartedMain] o.s.b.w.e.tomcat.TomcatWebServer - Tomcat started on port 8090 (http) with context path '/'
2026-03-30 13:50:17 INFO  [restartedMain] d.b.reference.ReferenceApplication - Started ReferenceApplication in 15.308 seconds (process running for 172.912)
2026-03-30 13:50:17 INFO  [restartedMain] d.b.reference.ReferenceApplication - Started ReferenceApplication in 15.308 seconds (process running for 172.912)
2026-03-30 13:50:17 INFO  [restartedMain] o.s.b.d.a.ConditionEvaluationDeltaLoggingListener - Condition evaluation unchanged
2026-03-30 13:50:19 INFO  [File Watcher] o.s.b.d.a.LocalDevToolsAutoConfiguration$RestartingClassPathChangeChangedEventListener - Restarting due to 58 class path changes (58 additions, 0 deletions, 0 modifications)
2026-03-30 13:50:19 INFO  [Thread-7] o.s.b.w.e.tomcat.GracefulShutdown - Commencing graceful shutdown. Waiting for active requests to complete
2026-03-30 13:50:19 INFO  [tomcat-shutdown] o.s.b.w.e.tomcat.GracefulShutdown - Graceful shutdown complete
2026-03-30 13:50:19 INFO  [Thread-7] o.s.o.j.LocalContainerEntityManagerFactoryBean - Closing JPA EntityManagerFactory for persistence unit 'default'
2026-03-30 13:50:19 WARN  [Thread-7] o.s.b.f.s.DisposableBeanAdapter - Invocation of destroy method failed on bean with name 'inMemoryDatabaseShutdownExecutor': org.h2.jdbc.JdbcSQLNonTransientConnectionException: Database is already closed (to disable automatic closing at VM shutdown, add ";DB_CLOSE_ON_EXIT=FALSE" to the db URL) [90121-232]
2026-03-30 13:50:19 INFO  [Thread-7] com.zaxxer.hikari.HikariDataSource - HikariPool-3 - Shutdown initiated...
2026-03-30 13:50:19 INFO  [Thread-7] com.zaxxer.hikari.HikariDataSource - HikariPool-3 - Shutdown completed.
2026-03-30 13:50:19 DEBUG [Thread-7] d.binz.reference.filter.CustomFilter - CustomFilter 종료됨
2026-03-30 13:50:19 DEBUG [Thread-7] d.binz.reference.filter.CustomFilter - CustomFilter 종료됨
2026-03-30 13:50:19 DEBUG [Thread-7] d.binz.reference.filter.CustomFilter - CustomFilter 종료됨
2026-03-30 13:50:19 DEBUG [Thread-7] d.binz.reference.filter.CustomFilter - CustomFilter 종료됨
2026-03-30 13:57:16 INFO  [restartedMain] d.b.reference.ReferenceApplication - Starting ReferenceApplication using Java 21.0.10 with PID 12000 (/root/projects/Reference/target/classes started by root in /root/projects/Reference)
2026-03-30 13:57:16 INFO  [restartedMain] d.b.reference.ReferenceApplication - Starting ReferenceApplication using Java 21.0.10 with PID 12000 (/root/projects/Reference/target/classes started by root in /root/projects/Reference)
2026-03-30 13:57:16 DEBUG [restartedMain] d.b.reference.ReferenceApplication - Running with Spring Boot v3.4.3, Spring v6.2.3
2026-03-30 13:57:16 DEBUG [restartedMain] d.b.reference.ReferenceApplication - Running with Spring Boot v3.4.3, Spring v6.2.3
2026-03-30 13:57:16 INFO  [restartedMain] d.b.reference.ReferenceApplication - No active profile set, falling back to 1 default profile: "default"
2026-03-30 13:57:16 INFO  [restartedMain] d.b.reference.ReferenceApplication - No active profile set, falling back to 1 default profile: "default"
2026-03-30 13:57:21 INFO  [restartedMain] o.s.d.r.c.RepositoryConfigurationDelegate - Bootstrapping Spring Data JPA repositories in DEFAULT mode.
2026-03-30 13:57:22 INFO  [restartedMain] o.s.d.r.c.RepositoryConfigurationDelegate - Finished Spring Data repository scanning in 508 ms. Found 1 JPA repository interface.
2026-03-30 13:57:22 WARN  [restartedMain] o.m.s.mapper.ClassPathMapperScanner - No MyBatis mapper was found in '[dev.binz.reference]' package. Please check your configuration.
2026-03-30 13:57:24 INFO  [restartedMain] o.s.b.w.e.tomcat.TomcatWebServer - Tomcat initialized with port 8090 (http)
2026-03-30 13:57:24 INFO  [restartedMain] o.a.catalina.core.StandardService - Starting service [Tomcat]
2026-03-30 13:57:24 INFO  [restartedMain] o.a.catalina.core.StandardEngine - Starting Servlet engine: [Apache Tomcat/10.1.36]
2026-03-30 13:57:24 INFO  [restartedMain] o.a.c.c.C.[Tomcat-4].[localhost].[/] - Initializing Spring embedded WebApplicationContext
2026-03-30 13:57:24 INFO  [restartedMain] o.s.b.w.s.c.ServletWebServerApplicationContext - Root WebApplicationContext: initialization completed in 8147 ms
2026-03-30 13:57:25 DEBUG [restartedMain] d.binz.reference.filter.CustomFilter - CustomFilter 초기화됨
2026-03-30 13:57:25 DEBUG [restartedMain] d.binz.reference.filter.CustomFilter - CustomFilter 초기화됨
2026-03-30 13:57:25 DEBUG [restartedMain] d.binz.reference.filter.CustomFilter - CustomFilter 초기화됨
2026-03-30 13:57:25 DEBUG [restartedMain] d.binz.reference.filter.CustomFilter - CustomFilter 초기화됨
2026-03-30 13:57:25 INFO  [restartedMain] com.zaxxer.hikari.HikariDataSource - HikariPool-7 - Starting...
2026-03-30 13:57:25 INFO  [restartedMain] com.zaxxer.hikari.pool.HikariPool - HikariPool-7 - Added connection conn60: url=jdbc:h2:mem:e23a51e4-0e52-4aef-8fc0-ea2ccb525688 user=SA
2026-03-30 13:57:25 INFO  [restartedMain] com.zaxxer.hikari.HikariDataSource - HikariPool-7 - Start completed.
2026-03-30 13:57:25 INFO  [restartedMain] o.h.jpa.internal.util.LogHelper - HHH000204: Processing PersistenceUnitInfo [name: default]
2026-03-30 13:57:26 INFO  [restartedMain] o.h.c.i.RegionFactoryInitiator - HHH000026: Second-level cache disabled
2026-03-30 13:57:26 INFO  [restartedMain] o.s.o.j.p.SpringPersistenceUnitInfo - No LoadTimeWeaver setup: ignoring JPA class transformer
2026-03-30 13:57:26 INFO  [restartedMain] o.hibernate.orm.connections.pooling - HHH10001005: Database info:
	Database JDBC URL [Connecting through datasource 'HikariDataSource (HikariPool-7)']
	Database driver: undefined/unknown
	Database version: 2.3.232
	Autocommit mode: undefined/unknown
	Isolation level: undefined/unknown
	Minimum pool size: undefined/unknown
	Maximum pool size: undefined/unknown
2026-03-30 13:57:26 INFO  [restartedMain] o.h.e.t.j.p.i.JtaPlatformInitiator - HHH000489: No JTA platform available (set 'hibernate.transaction.jta.platform' to enable JTA platform integration)
2026-03-30 13:57:26 INFO  [restartedMain] o.s.o.j.LocalContainerEntityManagerFactoryBean - Initialized JPA EntityManagerFactory for persistence unit 'default'
2026-03-30 13:57:28 WARN  [restartedMain] o.s.b.a.o.j.JpaBaseConfiguration$JpaWebConfiguration - spring.jpa.open-in-view is enabled by default. Therefore, database queries may be performed during view rendering. Explicitly configure spring.jpa.open-in-view to disable this warning
2026-03-30 13:57:32 INFO  [restartedMain] o.s.b.a.h.H2ConsoleAutoConfiguration - H2 console available at '/h2-console'. Database available at 'jdbc:h2:mem:e23a51e4-0e52-4aef-8fc0-ea2ccb525688'
2026-03-30 13:57:32 INFO  [restartedMain] o.s.b.d.a.OptionalLiveReloadServer - LiveReload server is running on port 35729
2026-03-30 13:57:32 INFO  [restartedMain] o.s.b.a.e.web.EndpointLinksResolver - Exposing 1 endpoint beneath base path '/actuator'
2026-03-30 13:57:32 INFO  [restartedMain] o.s.b.w.e.tomcat.TomcatWebServer - Tomcat started on port 8090 (http) with context path '/'
2026-03-30 13:57:32 INFO  [restartedMain] d.b.reference.ReferenceApplication - Started ReferenceApplication in 17.179 seconds (process running for 608.383)
2026-03-30 13:57:32 INFO  [restartedMain] d.b.reference.ReferenceApplication - Started ReferenceApplication in 17.179 seconds (process running for 608.383)
2026-03-30 13:57:32 INFO  [restartedMain] o.s.b.d.a.ConditionEvaluationDeltaLoggingListener - Condition evaluation unchanged
